name,ref,body_gls_hyp,ensemble_last_gls_hyp,fuse_gls_hyp,left_gls_hyp,right_gls_hyp
S001960_P0004_T00,中国 人们 解放军 在 形势 危险 集中 力量 战 消灭 敌人,中国 人们 解放 后悔 危险 合作 努力 战争 消灭 敌人 人,中国 人们 解放 学 盖章 危险 合作 力量 战争 消灭 敌人,中国 人们 解放 学 盖章 大 危险 合作 力量 战 消灭 敌人,中国 菜 人们 解放军 不是 改变 危险 合作 力量 战争 敌人,中国 人们 解放 学 盖章 到 危险 合作 力量 战争 消灭 敌人
S001960_P0005_T00,中国 人们 解放军 在 形势 危险 集中 力量 战 消灭 敌人,中国 人们 解放 在 长江 危险 集中 能力 战争 消灭 敌人,中国 人们 解放 解放军 在 危险 集中 能力 战争 消灭 敌人,中国 国 人们 解放 解放军 在 危险 集中 能力 战争 消灭 敌人,要 中国 人们 解放军 严重 厂 危险 集中 能力 战争 敌人,中国 人们 解放军 学 在 危险 集中 能力 战争 消灭 敌人
S001965_P0000_T00,政府 改革 人 废 变 少 一样 还 重复 房间 机器 房间 变 少,政府 改变 人 废 变 少 一样 还 重复 房子 机构 变 少,政府 改变 老 人 废 变 少 小 一样 还 重复 房子 机器 变 少,政府 改变 老 人 废 变 少 小 一样 还 重复 房子 机器 变 少,政府 老 人 废 变化 没有 一样 还 重复 房子 机器 不行,政府 革命 人 废 变 少 小 一样 还 重复 房子 机器 变 少
S001965_P0005_T00,政府 改革 人 废 变 少 一样 还 重复 房间 机器 房间 变 少,政府 改变 人 废 变 少 一样 还 重复 房子 机构 改变 少,政府 改变 人 废 变 少 一样 还 重复 房子 机构 少,政府 改变 人 废 变 少 一样 还 重复 房子 机器 改变 少,政府 他们 人 没有 一样 重复 机会 找,政府 改变 人 废 变 少 一样 还 包 房子 机构 变 少
S001969_P0000_T00,我 国 今天 年 进 口 越 少,我 国 今天 年 在 口 越 少,我 今天 年 在 口 越 少,我 今天 年 在 口 越 少,我 今天 年 进 要 越 少,我们 今天 年 在 口 越 少
S001975_P0000_T00,房子 生活 好 奶奶 仍然 节省 好 习惯,房子 生活 好 奶奶 仍然 节省 好 习惯,房子 生活 好 奶奶 仍然 节省 好 习惯,房子 生活 好 奶奶 仍然 节省 好 习惯,房子 生活 好 奶奶 仍然 节省 电 习惯,房子 生活 好 奶奶 仍然 节省 好 习惯
S001975_P0004_T00,房子 生活 好 奶奶 仍然 节省 好 习惯,房子 生活 好 奶奶 仍然 节省 好 习惯,房子 生活 好 奶奶 仍然 节省 好 习惯,房子 生活 好 奶奶 仍然 节省 好 习惯,房子 生活 好 吃 节省 好 少,房子 生活 好 奶奶 仍然 节省 好 习惯
S001978_P0000_T00,水 资源 是 贵 我们 要 节省 水,水 资源 是 贵 我们 要 节省 水,水 资源 是 贵 我们 要 节省 水,水 资源 是 贵 我们 要 节省 水,水 丢 资源 是 贵 我们 要 节省 水,水 东西 是 贵 我们 要 节省 水
S001978_P0005_T00,水 资源 是 贵 我们 要 节省 水,水 东西 是 贵 我们 要 节省 水,水 武器 东西 是 贵 我们 要 节省 水,水 武器 东西 是 贵 我们 要 节省 水,风 钱 武器 东西 是 贵 我们 要 节省 水,水 原来 武器 是 贵 我们 要 节省 水
S001981_P0000_T00,他 妈妈 节省 钱 存 存 养 长大,他 爸爸 妈妈 节省 钱 存折 养 成长,他 爸爸 妈妈 节省 钱 存折 养 高,他 爸爸 妈妈 节省 存折 养 高,他 爸爸 妈妈 节省 区 做 高,他 爸爸 妈妈 节省 真 存折 养 高
S001996_P0004_T00,风 正好 顺利 船 应该 顺利 但是 风 大 船 抵挡 不行,正好 顺利 付出 承认 但是 风 大 抵挡 不行,风 正好 顺利 给 顺利 但是 大 抵挡 不行,风 正好 顺利 给 顺利 但是 大 抵挡 不行,我 帮助 我 承认 给 承认 但是 来 大 抵挡 不行,风 正好 顺利 准确 顺利 但是 大 抵挡 不行
S001996_P0005_T00,风 正好 顺利 船 应该 顺利 但是 风 大 船 抵挡 不行,白天 期 演讲 船 必须 承认 但是 公园 大 抵挡 不行,风 演讲 船 应该 承认 但是 大 抵挡 不行,风 承认 船 应该 承认 但是 大 抵挡 不行,军 演讲 娃娃 应该 承认 但是 力量 大 抵挡 不行,风 顺利 应该 顺利 但是 过去 大 路 抵挡 不行
S002001_P0007_T00,说 应该 信 行为 应该 陪 改变 行为 禁止 这 是 我们 学校 老师 学生 应该 服从 规律,说 决定 信 活动 应该 对 改变 活动 停止 这 是 我们 学校 老师 学生 应该 遵守 纪律,说 应该 信 行动 应该 对 改变 行动 禁止 这 是 我们 学校 老师 学生 应该 遵守 纪律,说 应该 信 行动 应该 对 改变 行动 禁止 这 是 我们 学校 老师 学生 应该 遵守 纪律,说 要 应该 信 行动 得 对 改变 行动 禁止 是 我 学校 学生 应该 纪律,说 应该 信 活动 应该 换 改变 动 禁止 这 是 我们 学校 老师 学生 应该 遵守 纪律
S002004_P0000_T00,军 队 没有 行为 禁止 或者 纪律 是 不行,军 队 没有 活动 禁止 或者 纪律 是 不行,学 队 没有 行为 禁止 或者 法律 不行,学 队 没有 行为 禁止 或者 记录 不行,学 队 没有 行为 禁止 草 法律 不行,学 队 没有 行为 禁止 或者 记录 不行
S002004_P0005_T00,军 队 没有 行为 禁止 或者 纪律 是 不行,学 队 没有 行为 禁止 或者 法律 是 不行,学 队 没有 行为 禁止 随便 记录 是 不行,学 队 没有 行为 禁止 回答 记录 是 不行,学 队 没有 行为 禁止 随便 记录 可以 不行,学 队 没有 动 禁止 回答 纪律 是 不行
S002007_P0000_T00,公 场所 吸烟 禁止,公 场所 禁止,公 场所 吸烟 禁止,公 场所 吸烟 禁止,公 场所 吸烟 禁止,公 场合 吸烟 禁止
S002007_P0007_T00,公 场所 吸烟 禁止,公 场所 吸烟 禁止,公 场所 吸烟 禁止,公 场所 地方 吸烟 禁止,公 场所 吸烟 停止,公 场所 地方 吸烟 是 禁止
S002009_P0000_T00,别 人 心 好 批评 我们 不行 拒绝,别 人 心 好 批评 我们 不行 拒绝,别 人 心 好 批评 我们 拒绝,别 人 心 好 批评 我们 拒绝,外 人 心 骗 我们 拒绝,别 人 心 好 工作 我们 不行 拒绝
S002009_P0005_T00,别 人 心 好 批评 我们 不行 拒绝,外 人 心 批评 我们 不行 拒绝,别 人 心 批评 我们 不行 拒绝,别 人 心 批评 我们 不行 拒绝,别 人 骗 我们 严格 拒绝,别 人 心 批评 我们 不行 拒绝
S002018_P0005_T00,准确 他 爱-1 深 他 1 个 人 不 拒绝 不会 是,正确 他 爱护 1 人 不 拒绝 不会 是,他 爱护 1 人 不 拒绝 不会 是,正确 他 爱-1 1 人 不 拒绝 不会 是,他 爱护 进 人 害怕 拒绝 不会,准确 他 爱-1 上 人 不 拒绝 不会 是
S002025_P0000_T00,下雨 快 来 防止 洪水 工作 开始,下雨 快 来 防 洪水 工作 开始,下雨 快 来 防 洪水 工作 开始,下雨 快 来 防 洪水 工作 开始,下雨 防 洪水 工作 开始,下雨 快 来 防 洪水 工作 开始
S002025_P0005_T00,下雨 快 来 防止 洪水 工作 开始,下雨 快 来 防 洪水 工作 开始,下雨 快 来 防 工作 开始,下雨 快 来 防 工作 开始,下雨 坏 防 工作 开始,下雨 快 来 防 工作 开始
S002026_P0000_T00,毕业 他 参加 军 开始 什么 军 旅游 成长,毕业 他 参加 军 开始 什么 学 旅游 高,毕业 他 参加 军 开始 什么 学 旅游 高,毕业 他 参加 军 开始 什么 学 旅游 高,毕业 他 参加 学 开始 什么 学 旅游 丢 高,毕业 他 参加 军 开始 什么 学 旅游 高
S002026_P0005_T00,毕业 他 参加 军 开始 什么 军 旅游 成长,毕业 后 他 参加 军 开始 旅游 人 生,毕业 后 他 参加 军 开始 旅游 人 生,毕业 后 他 参加 军 开始 旅游 人 生,毕业 后 他 军 开始 明天 旅游 人 生,毕业 后 他 参加 军 开始 旅游 人 女儿
S002043_P0000_T00,2 人 离婚 但是 感情 放 2 人 恢复 结婚 可以,人 了解 但是 感情 放 2 人 恢复 结婚 可以,人 了解 但是 感情 人 恢复 结婚 可以,人 离婚 但是 感情 人 恢复 结婚 可以,人 了解 但是 感情 人 恢复 结婚 可以,人 离婚 但是 感情 病 2 人 恢复 结婚 可以
S002043_P0007_T00,2 人 离婚 但是 感情 放 2 人 恢复 结婚 可以,2 离婚 复习 感情 放 2 恢复 结婚 可以,2 离婚 复习 感情 放 2 恢复 结婚 可以,2 离婚 复习 感情 放 2 恢复 结婚 可以,2 人 离婚 得 感情 放 2 恢复 结婚 不行,2 离婚 复习 感情 放 2 恢复 结婚 可以
S002053_P0005_T00,如果 人 们 互相 理解 不会 什么 他们 怎么样 学会 默默 互相 尊重,如果 人们 互相 理解 不会 什么 他们 情况 会 默 互相 尊重,如果 人们 互相 理解 不会 什么 他们 情况 学 互相 尊重,如果 人们 互相 理解 不会 什么 他们 情况 学 互相 尊重,如果 人们 互相 理解 难 什么 情况 学 爸爸 互相 尊重,如果 人们 互相 理解 不会 什么 他们 情况 学 互相 尊重
S002053_P0007_T00,如果 人 们 互相 理解 不会 什么 他们 怎么样 学会 默默 互相 尊重,如果 人们 互相 理解 会 有 什么 他们 吵架 学 会 互相 尊重,如果 人们 互相 理解 会 有 什么 他们 怎么样 学 会 秘密 互相 尊重,如果 人们 人 互相 理解 会 有 什么 他们 怎么样 学 会 秘密 互相 尊重,多 人们 人 互相 理解 不会 会 有 什么 白天 学 不 秘密 互相 尊重,如果 人们 互相 理解 会 有 什么 他们 怎么样 学 会 秘密 互相 尊重
S002062_P0000_T00,宽容 可以 让 我们 互相 理解 互相 爱-1 互相 尊重,宽容 可以 让 我们 互相 理解 互相 爱护 互相 尊重,宽容 可以 让 我们 互相 理解 互相 爱护 互相 尊重,宽容 可以 让 我们 互相 理解 互相 爱护 互相 尊重,宽容 可以 让 我们 互相 理解 互相 安慰 互相 尊重,宽容 可以 让 我们 互相 理解 互相 支持 互相 尊重
S002062_P0007_T00,宽容 可以 让 我们 互相 理解 互相 爱-1 互相 尊重,路 宽容 可以 让 我们 互相 理解 互相 爱-1 互相 尊重,路 宽容 可以 让 我们 互相 理解 互相 爱-1 互相 尊重,宽容 可以 让 我们 互相 理解 互相 爱-1 互相 尊重,路 可以 让 互相 理解 互相 爱-1 互相 尊重,河 可以 让 我们 互相 理解 互相 安慰 互相 尊重
S002063_P0000_T00,你们 离婚 好了 这 联系 可以,你们 离婚 好了 你 联系 可以,你们 离婚 好了 你 联系 可以,你们 离婚 好了 你 联系 可以,你们 离婚 好了 你 联系 可以,你们 离婚 好了 你 联系 可以
S002067_P0000_T00,作文 上 下 联系 1 必须 要 注意,写 上 联系 必须 要 注意,作文 文章 上 联系 必须 要 注意,作文 文章 上 联系 必须 要 注意,作文 文章 联系 必须 要 注意,作文 上 下 联系 必须 要 注意
S002067_P0007_T00,作文 上 下 联系 1 必须 要 注意,做 下 联系 1 必须 要 注意,工作 下 联系 1 必须 要 注意,工作 下 联系 1 必须 要 注意,楼 找 记得 联系 应该 要 安全 注意,工作 高 下 联系 1 必须 要 注意
S002085_P0005_T00,他 书 书 喜欢 书 书 从 古 字典 文 学 到 流行 小 说,这 书 喜欢 书 从 古 到 流行 说,这 书 喜欢 书 从 古 到 流行 说,这 书 喜欢 书 从 古 到 流行 说,这 书 古 学 找 说,这 书 喜欢 书 从 通知 到 流行 说
S002085_P0007_T00,他 书 书 喜欢 书 书 从 古 字典 文 学 到 流行 小 说,他 书 喜欢 书 从 古 军 来 流行 说,他 书 喜欢 书 从 古 学 后 流行 说,他 书 喜欢 书 从 古 军 后 流行 说,他 书 从 外国 交 学 来 流行 说,他 书 喜欢 书 古 军 后 流量 说
S002086_P0005_T00,为 学校 环境 带 不同 流行 新闻,为 学校 房子 圈 拿 不是 流行 新闻,为 学校 房子 圈 拿 不是 流行 新闻,为 学校 房子 圈 拿 不是 流行 新闻,为 学校 周围 他 考试 消息,为 学校 房子 圈 环境 拿 带 不同 流行 新闻
S002086_P0007_T00,为 学校 环境 带 不同 流行 新闻,为 学校 圈 带 不是 过去 新闻,为 学校 圈 带 不是 流行 新闻,为 学校 圈 带 不是 流行 新闻,为 学校 圈 不是 新闻,为 学校 校园 圈 带 不是 流行 新闻
S002092_P0000_T00,听 自己 录取 成功 心 兴奋 兴奋,听 自己 录取 成功 心 高兴,听 自己 录取 成功 心 高兴,听 自己 录取 成功 心 高兴,没有 自己 录取 成功 他 心 高兴,听 自己 录取 成功 心 高兴
S002092_P0007_T00,听 自己 录取 成功 心 兴奋 兴奋,听 自己 选 成功 大 高兴,把 自己 选择 成功 心 高兴,把 自己 选择 成功 心 高兴,没有 自己 选择 成功 高兴,把 自己 选择 成功 他 心 高兴
S002093_P0005_T00,哥哥 收 书 清楚 华 大学 录取 成功 心 兴奋,哥哥 接受 书 清楚 大学 录取 成功 高兴,哥哥 接受 书 清楚 大学 录取 成功 高兴,哥哥 接受 书 清楚 花 大学 录取 成功 高兴,哥哥 送 飞机 大学 录取 成功 高兴,哥哥 接受 清楚 花 大学 录取 成功 高兴
S002093_P0007_T00,哥哥 收 书 清楚 华 大学 录取 成功 心 兴奋,哥哥 接受 书 干净 大学 录取 成功 高兴,哥哥 接受 书 干净 大学 录取 成功 高兴,哥哥 接受 书 干净 大学 录取 成功 高兴,姐姐 接受 书 清楚 大学 录取 成功 高兴,哥哥 接受 书 干净 大学 录取 成功 心 高兴
S002118_P0000_T00,犯罪 人 带 钱 逃 想 计划 成功 没有,犯罪 人 你 带 钱 逃 计划 成功 没有,犯罪 人 带 钱 逃 计划 成功 没有,犯罪 人 带 钱 逃 计划 成功 没有,犯罪 人 带 逃 严格 计划 成功 没有,犯罪 人 带 真 碰 坚持 计划 成功 没有
S002118_P0005_T00,犯罪 人 带 钱 逃 想 计划 成功 没有,犯罪 人 带 钱 进 想 计划 成功 没有,犯罪 人 带 钱 进 想 计划 成功 没有,得罪 人 带 钱 进 手机 计划 成功 没有,犯罪 人 带 逃 作弊 计划 成功 没有,得罪 人 带 钱 逃 计划 成功 没有
S002122_P0005_T00,他 知道 1 天 做 做 做 机器 半 小 时间 没有 他 好,看 这 知道 1 工作 机器 小时 没有 好,他 知道 1 工作 机器 小时 没有 好,他 1 工作 机器 1 小时 没有 好,他 是 昨天 他 来 工作 机器 旅游 小时 没有 好,他 知道 1 工作 机器 小时 没有 好
S002122_P0007_T00,他 知道 1 天 做 做 做 机器 半 小 时间 没有 他 好,他 知道 明天 工作 机器 1 小时 没有 好,他 知道 明天 工作 机器 1 小时 没有 他 好,他 知道 明天 工作 机器 1 小时 没有 他 好,他 知道 工作 机器 小时 自己 他 好,他 知道 工作 机器 1 小时 没有 他 好
S002128_P0000_T00,妈妈 回 房子 做 这 做 那 休息 时间 没有,妈妈 去 房子 做 这 工作 他 休息 时间 没有,妈妈 去 房子 做 这 工作 他 休息 时间 没有,妈妈 回 房子 做 这 工作 他 休息 时间 没有,妈妈 房子 做 找 工作 忙 休息 没有,妈妈 去 房子 做 这 工作 他 休息 时间 没有
S002128_P0005_T00,妈妈 回 房子 做 这 做 那 休息 时间 没有,妈妈 去 房子 工作 这 工作 这 休息 时间 没有,妈妈 回 房子 工作 这 工作 这 休息 时间 没有,妈妈 回 房子 工作 这 工作 这 休息 时间 没有,妈妈 房子 工作 他 工作 他 休息 没有,妈妈 回 房子 工作 这 工作 这 工作 休息 时间 没有
S002132_P0005_T00,他 喜欢 著名 星星 唱歌 模仿 模仿 模仿 还 模仿 像,他 喜欢 明星 音乐 模仿 还 模仿 比如,他 喜欢 著名 音乐 模仿 他 还 模仿 比如,他 喜欢 著名 星星 音乐 模仿 他 还 模仿 比如,他 感冒 著名 音乐 模仿 他 模仿 妹妹,他 喜欢 著名 星星 音乐 模仿 比如
S002132_P0007_T00,他 喜欢 著名 星星 唱歌 模仿 模仿 模仿 还 模仿 像,他 喜欢 著名 音乐 模仿,他 喜欢 著名 音乐 模仿,他 喜欢 著名 音乐 模仿,他 喜欢 著名 他 模仿 好,他 喜欢 著名 星星 音乐 模仿 严格
S002133_P0000_T00,大 人 动作 孩子 喜欢 一直 模仿,孩子 喜欢 大人 活动 一直 模仿,孩子 喜欢 大人 人 活动 一直 模仿,孩子 喜欢 大人 人 活动 一直 模仿,喜欢 走 人 活动 一直 模仿,孩子 喜欢 大人 活动 一直 模仿
S002133_P0005_T00,大 人 动作 孩子 喜欢 一直 模仿,高 大人 动作 做 孩子 喜欢 一直 模仿,高 大人 动作 做 孩子 喜欢 一直 模仿,高 大人 动作 做 孩子 喜欢 一直 模仿,大人 人 动作 工作 老师 喜欢 一直 模仿,大人 动作 孩子 喜欢 一直 模仿
S002143_P0000_T00,学 努力 不 比较 弱,学 努力 不 比赛 降,学 努力 不 比赛 降,学 努力 不 比赛 降,学 努力 不 比赛 降,学 努力 不 比赛 降
S002143_P0007_T00,学 努力 不 比较 弱,学 努力 不 比赛 弱,学 努力 不 比赛 弱,学 努力 不 比赛 弱,学 努力 想 了解 弱,学 努力 不 怀疑 弱
S002149_P0000_T00,哥哥 接受 到 经理 看 重 他 增加 努力,哥哥 接受 到 经理 看 重要 他 增加 努力,哥哥 接受 到 经理 看 重要 他 增加 努力,哥哥 接受 到 经理 看 重要 他 增加 努力,哥哥 接受 经济 上 不是 他 增加,哥哥 接受 到 经理 看 重要 他 增加
S002149_P0005_T00,哥哥 接受 到 经理 看 重 他 增加 努力,哥哥 接受 经济 看 重要 增加 努力,哥哥 接受 经济 银行 看 重要 增加 努力,哥哥 接受 经济 看 重要 增加 努力,这 男 接受 经济 银行 不 不是 增加,哥哥 接受 经济 经理 是 看 重要 增加 努力
S002150_P0000_T00,这 项目 是 你 们 努力 成功 争取,这 项目 是 你们 努力 成功,这 项目 是 你们 努力 成功,这 项目 是 你们 努力 成功,这 项目 是 他们 努力 成功,这 题目 是 你们 努力 成功
S002150_P0005_T00,这 项目 是 你 们 努力 成功 争取,这 项目 是 大家 努力 成功 得,这 项目 是 他们 努力 成功 得,这 项目 是 他们 努力 成功,这 项目 是 他们 努力 成功 得,这 项目 是 他们 努力 成功 得
S002162_P0000_T00,因为 配合 默契 2 2 2 乒乓球 抢 冠军,因为 配合 默契 符合 改变 得 冠军,因为 配合 默契 符合 改变 买 得 冠军,因为 配合 默契 符合 改变 乒乓球 得 冠军,因为 配合 默契 发展 得 冠军,因为 配合 默契 符合 买 合适 冠军
S002162_P0007_T00,因为 配合 默契 2 2 2 乒乓球 抢 冠军,因为 配合 要 合适 争取 冠军,因为 配合 默契 争取 冠军,因为 配合 默契 乒乓球 争取 冠军,因为 配合 默契 是 那 高 冠军,因为 是 服务 拿 冠军
S002164_P0000_T00,我 班级 干 部 心 一样 工作 互相 配合,我 班 干部 心 一样 工作 配 配合,我 班级 干部 心 一样 工作 互相 配合,我 班级 干部 心 一样 工作 互相 配合,我 班级 干部 心 工作 努力 配合,我 班 干部 心 一样 工作 互相 配合
S002164_P0007_T00,我 班级 干 部 心 一样 工作 互相 配合,我 班级 干部 心 一样 工作 互相 配合,我 班级 干部 心 一样 工作 互相 配合,我 班级 干 部 心 一样 工作 互相 配合,我 班级 干部 部 心 这 工作 互相 配合,我 买 干 心 一样 工作 配合
S002167_P0000_T00,生活 中 爸爸 妈妈 配合 好 我们 房子 幸福,生活 中 爸爸 妈妈 配合 好 我们 房子 富贵,生活 中 爸爸 妈妈 配合 好 我们 房子 幸福,生活 中 爸爸 妈妈 配合 好 我们 房子 幸福,生活 中 爸爸 妈妈 配 配合 好 我们 房子 操心,生活 中 爸爸 妈妈 配合 好 我们 房子 幸福
S002167_P0007_T00,生活 中 爸爸 妈妈 配合 好 我们 房子 幸福,生活 中 爸爸 妈妈 配合 好 我们 房子 幸福,生活 中 爸爸 妈妈 配合 我们 房子 幸福,生活 中 爸爸 妈妈 配合 我们 房子 幸福,生活 爸爸 妈妈 配合 我们 房子 富贵,生活 中 爸爸 妈妈 配合 我们 房子 幸福
S002176_P0000_T00,学生 高 欺负 小 学生 不,学校 学生 高 欺负 小 学生 不,学生 高 欺负 小 学生 不,学生 高 欺负 小 学生 不,读 学生 高 欺负 小 不,学生 高 欺负 小 学生 不
S002176_P0005_T00,学生 高 欺负 小 学生 不,学校 学生 高 欺负 小 学生 不,学校 学生 高 欺负 小 学生 不,学校 学生 高 欺负 小 学生 不,学校 学生 来 欺负 小 学生 不,学校 同学 高 欺负 小 学生 不
S002198_P0000_T00,申请 报告 写 要 内 简单 申请 报告 人 或 负责 人 签名,申请 写 要 深 简单 人 或者 负责 人 签名,申请 写 要 深 简单 人 或者 负责 人 签名,申请 请 报告 写 要 内容 简单 人 或者 负责 人 签名,申请 写 简单 别 人 或者 负责 人 签名,申请 请 写 要 滴 简单 人 或者 负责 人 签名
S002198_P0005_T00,申请 报告 写 要 内 简单 申请 报告 人 或 负责 人 签名,申 请 写 内容 简单 希望 人 或者 负责 人 签名,申请 请 写 信 简单 希望 人 或者 负责 人 签名,申请 请 写 内容 简单 报告 人 或者 负责 人 签名,申请 开始 报告 写 信 简单 希望 人 或者 员工 人 签名,申请 请 写 这 简单 报告 人 或者 负责 人 签名
S002199_P0005_T00,他 把 文件 带 回家 给 爸爸 签名,他 把 东西 带 房子 给 爸爸 签名,他 把 东西 带 房子 给 爸爸 签名,他 把 东西 带 急诊 房子 给 爸爸 签名,他 把 东西 带 给 爸爸 签名,他 把 东西 带 去 房子 给 爸爸 签名
S002199_P0007_T00,他 把 文件 带 回家 给 爸爸 签名,他 把 作文 带 回家 爸爸 签名,他 把 文章 带 回家 爸爸 签名,他 把 文章 带 回家 爸爸 签名,他 把 带 学校 在 签名,他 把 文章 带 回家 请 爸爸 签名
S002202_P0005_T00,我 一直 努力 强调 自己 养 努力 但是 不 防止 外 支持,我 一直 努力 强调 自己 养 努力 但是 支持 没有,我 一直 努力 强调 自己 养 努力 但是 支持 没有,我 一直 努力 强调 自己 养 努力 但是 支持 没有,我 一直 抱怨 爷爷 自己 做 力量 但是 帮助 推荐 没有,我 一直 努力 强调 自己 养 努力 但是 通知 没有
S002202_P0007_T00,我 一直 努力 强调 自己 养 努力 但是 不 防止 外 支持,我 一直 努力 强调 自己 养 努力 但是 不 防止 预防 支持,我 一直 努力 强调 自己 养 努力 但是 不 防止 外,我 一直 努力 强调 自己 养 努力 但是 不 防止 外,我 一直 努力 要 做 自己 养 努力 但是 不 预防 农民,我 一直 努力 强调 自己 养 努力 但是 他 不 外
S002208_P0000_T00,强调 市场 还 强调 运行 组 强,强调 市场 强调 组,强调 地方 强调 带 组,强调 地方 强调 要 带 组,这 地方 强调 钱 点 组,强调 地方 强调 要 带 一起
S002208_P0005_T00,强调 市场 还 强调 运行 组 强,跑步 环境 场合 还 强 环境 运 组 集中 强,强 环境 市场 还 强 组 强,强 环境 市场 还 强 转 组 强,强 是 市场 组 强,环境 还 强 转 组 强
S002210_P0005_T00,你们 全部 工作 应该 互相 支持 支持 同 一样 小 删除,他们 全部 工作 应该 帮助 互相 支持 同 这 发现 小 删除,这 他们 全部 工作 应该 互相 支持 一样 小 删除,他们 全部 工作 应该 互相 支持 同 一样 删除,这 什么 全部 工作 应该 预防 互相 要求 同 强调 道理,你 他们 全部 工作 应该 互相 支持 一样 小 删除
S002210_P0007_T00,你们 全部 工作 应该 互相 支持 支持 同 一样 小 删除,大家 全部 工作 应该 互相 支持 同 钱 删除,你们 全部 工作 应该 互相 支持 钱 删除,他们 全部 工作 应该 互相 支持 钱 删除,你们 一起 工作 应该 互相 支持 钱 清楚,他们 全部 工作 应该 互相 支持 小 必须
S002217_P0000_T00,爸爸 妈妈 肯定 看 如果 你 孩子 生病 公司 可以 批准 你 请假,爸爸 妈妈 应该 看 如果 你 孩子 病 公司 可以 批准 看 失望,爸爸 妈妈 应该 看 如果 你 孩子 病 公司 可以 批准 看 请假,爸爸 妈妈 应该 看 如果 你 孩子 病 公司 可以 批准 他 请假,爸爸 妈妈 必须 什么 水 小 病 公司 好 请假,爸爸 妈妈 肯定 看 如果 你 孩子 病 公司 可以 批准 那 请假
S002217_P0005_T00,爸爸 妈妈 肯定 看 如果 你 孩子 生病 公司 可以 批准 你 请假,爸爸 妈妈 应该 看 如果 孩子 病 公司 可以 批准 他 请假,爸爸 妈妈 应该 看 如果 孩子 病 公司 可以 批准 他 请假,爸爸 妈妈 应该 看 如果 孩子 病 公司 可以 批准 他 请假,爸爸 妈妈 应该 什么 找 那 病 公司 可以 批准 吃,爸爸 妈妈 应该 看 如果 孩子 病 公司 可以 分 你 请假
S002228_P0000_T00,他 年轻 人 缺少 灵活 他 给 感觉 无聊,他 年轻 人 缺少 灵活 他 给 感觉 乏味,他 年轻 人 缺少 灵活 他 给 感觉 乏味,他 年轻 人 缺少 活 他 给 感觉 乏味,他 人 缺少 他 给 感觉 乏味,他 年轻 人 缺少 活 他 给 感觉 乏味
S002228_P0005_T00,他 年轻 人 缺少 灵活 他 给 感觉 无聊,年轻 人 缺少 活 他 给 感觉 乏味,年轻 人 缺少 活 他 给 感觉 乏味,年轻 人 缺少 活 他 给 感觉 乏味,年轻 人 缺少 有 给 我 效果,年轻 人 缺少 活 这 给 感觉 乏味
S002239_P0005_T00,在 快乐 朋友 见 我们 难 我们 见 朋友,在 玩 朋友 见面 我们 难 我们 朋友,在 快乐 朋友 见面 我们 难 我们 朋友,在 快乐 朋友 见面 我们 难 我们 朋友,在 玩 朋友 见面 我们 难 我们 和 朋友,在 玩 朋友 见面 我们 难 我们 看 朋友
S002240_P0000_T00,人生 最 难 是 什么 认识 自己,人生 最 难 是 什么 认识 自己,人生 最 难 是 什么 认识 自己,人生 最 难 是 什么 认识 自己,人 人生 最 难 是 什么 认识 自己,人生 最 难 是 什么 认识 自己
S002240_P0005_T00,人生 最 难 是 什么 认识 自己,人 人生 最 难 什么 认识 自己,人 人生 最 难 是 什么 认识 自己,人生 最 难 是 什么 认识 自己,废 最 难 是 认识 自己,人生 最 难 是 什么 人 认识 自己
S002245_P0000_T00,环境 不好 环境 正确 认识 自己 全部 自己 是 多 重要 事情,环境 正确 认识 自己 全部 自己 是 重要 事情,环境 正确 认识 自己 全部 自己 是 重要 事情,环境 正确 认识 自己 全部 自己 是 重要 事情,环境 讨论 环境 准确 认识 自己 全部 自己 是 事情,环境 正确 认识 自己 全部 自己 是 重要 事情
S002245_P0007_T00,环境 不好 环境 正确 认识 自己 全部 自己 是 多 重要 事情,环境 不好 环境 好 认识 自己 全部 自己 是 重要 事情,环境 不好 环境 好 认识 自己 全部 自己 是 重要 事情,环境 不好 环境 好 认识 自己 全部 自己 是 重要 事情,环境 不好 环境 是 认识 自己 全部 自己 重要 事情,环境 不好 环境 好 认识 自己 全部 自己 是 重要 事情
S002256_P0005_T00,我们 从 成功 吸取 经验 从 失败 吸取 教训,我们 成功 学 经验 失败 错误 教训,我们 成功 学 经验 失败 教训,我们 成功 学 经验 失败 教训,我们 成功 经验 失败 教训,我们 成功 经验 失败 教训
S002256_P0007_T00,我们 从 成功 吸取 经验 从 失败 吸取 教训,我们 认识 成功 吸取 经验 从 失败 教训,我们 认识 成功 吸取 经验 从 失败 教训,我们 成功 吸取 经验 从 失败 吸取 教训,我们 成功 钱 经验 从 发送 警察,我们 认识 成功 吸取 经验 从 失败 教训
S002261_P0007_T00,做 老师 最 失败 是 什么 学生 课 看 无聊,做 老师 最 失败 是 什么 学生 课 看,做 老师 增加 失败 是 什么 学生 课 看,做 老师 增加 失败 是 什么 学生 课 看 无聊,做 老师 增加 失败 什么 学生 看,老师 总结 失败 是 什么 学生 课 看 无聊
S002264_P0000_T00,失败 1 2 3 4 5 多少 找 成功 大家 高兴 喊 喊 喊,失败 找 成功 大家 喊,失败 找 成功 大家 高兴 喊,失败 找 成功 大家 高兴 喊,失败 中 成功 他们 高兴,失败 找 成功 大家 高兴 喊
S002264_P0007_T00,失败 1 2 3 4 5 多少 找 成功 大家 高兴 喊 喊 喊,失败 多少 找 录取 成功 你们 高兴 喊,失败 多少 找 录取 成功 大家 高兴 喊,失败 多少 找 录取 成功 大家 高兴 喊,失败 多少 录取 成功 你们 高兴 喊,失败 多少 找 录取 成功 大家 高兴 喊
S002269_P0000_T00,分析 输液 管子 事情 发生 或者 怎么 处理 对,分析 输液 管子 事情 发生 或者 什么 处理 好,分 输液 管子 事情 发生 或 什么 处理 好,分 输液 管子 事情 发生 或 什么 处理 好,不同 输液 管子 事情 发生 或 什么 处理 好,分 输液 管子 事情 开始 或 什么 处理 好
S002269_P0005_T00,分析 输液 管子 事情 发生 或者 怎么 处理 对,分析 输液 管子 事情 发生 或 什么 处理 好,分 输液 管子 事情 发生 或 什么 处理 好,分 输液 管子 事情 发生 随便 什么 处理 好,老鼠 输液 管子 事情 发生 或 什么 处理 好,车 输液 管子 事故 或者 什么 处理 好
S002274_P0005_T00,孩子 输液 害怕 哭 哭 哭,孩子 输液 我 哭,孩子 输液 害怕 苦,孩子 输液 害怕 苦,孩子 输液 舒服 害怕 苦,孩子 输液 这 我 害怕 苦
S002274_P0007_T00,孩子 输液 害怕 哭 哭 哭,孩子 输液 我 哭,孩子 输液 我 哭,孩子 输液 我 哭,孩子 输液 我 晚上,孩子 输液 我 哭
S002295_P0005_T00,发展 生产 目的 是 提高 人 生活,发展 生产 目标 是 提高 人 生活,发展 生产 准确 是 提高 人 生活,发展 生产 准确 是 提高 人 生活,发展 生产 准确 是 提高 人 生活,发展 生产 目标 是 提高 对 生活
S002299_P0000_T00,这 在 字典 我们 可 提前 复习 陌生 字,你 在 夹 我们 可以 提前 复习 陌生 字,这 在 我们 可以 提前 复习 陌生 字,这 在 我们 可以 提前 复习 陌生 项目,他 在 我们 可以 提前 复习 陌生 危险,这 在 我们 可以 提前 复习 票
S002303_P0005_T00,今天 年 生产 计划 工厂 提前 完成,今 年 生产 计划 工厂 提前 完成,今 年 生产 计划 工厂 提前 完成,今 年 生产 计划 工厂 提前 完成,今 年 生产 计划 工厂 提前 完成,今天 今 年 生产 计划 工厂 提前 完成
S002307_P0005_T00,为 提前 完成 他们 通宵 做,为 提前 完成 他们 通宵 工作,为 提前 完成 他们 通宵 工作,为 提前 完成 他们 通宵 工作,为 提前 完成 大家 通宵 工作,为 提前 完成 他们 通宵 工作
S002307_P0007_T00,为 提前 完成 他们 通宵 做,为 提前 完成 他们 通宵 工作,为 提前 完成 他们 通宵 工作,为 提前 完成 他们 通宵 工作,为 提前 完成 大家 通宵 工作,为 提前 完成 他们 通宵 工作
S002316_P0005_T00,过去 旧 黑 白 电影 我 喜欢,以前 黑 电影 我 喜欢,以前 黑 电影 我 喜欢,以前 黑 电影 我 喜欢,昨天 发明 白天 看 电影 我 不喜欢 喜欢,过去 黑 电影 我 喜欢
S002316_P0007_T00,过去 旧 黑 白 电影 我 喜欢,过去 黑 电影 脏 我 喜欢,过去 黑 电影 旧 我 喜欢,过去 黑 电影 旧 我 喜欢,过去 天 电影 这 我 好,过去 想法 电影 旧 我 喜欢
S002330_P0000_T00,早 回家 我 选择 动车 快 去,早 去 房子 我 超市 高铁 去,早 去 房子 我 选择 高铁 去,早 去 房子 我 选择 高铁 去,早 去 房子 我 选择 快 走,早 去 房子 我 动车 高铁 去
S002339_P0000_T00,我 打 电话 不 方便 短信息 发送 能,我 电话 不 方便 短信息 发送 可以,我 电话 不 方便 短信息 发送 可以,我 电话 不 方便 短信息 发送 可以,我 吃饭 不 方便 短信息 发送,我 电话 不 方便 短信息 发送 可以
S002339_P0007_T00,我 打 电话 不 方便 短信息 发送 能,我 手机 不 方便 短信息 发送 可以,我 手机 不 简单 短信息 发送 可以,我 手机 不 简单 短信息 发送 可以,我 手机 不 简单 短信息 发送 可以,我 手机 不 简单 短信息 发送 可以
S002347_P0000_T00,天天 我 帮助 你 介绍 找 对象 不 不,明天 我 帮助 你 找 对象 不,想 我 帮助 找 对象 不,想 我 帮助 找 对象 不,想 我 帮助 找 对象 不,知道 我 帮助 找 对象 不
S002370_P0000_T00,他 扫 二维码 可以 拿 红包,他 二维码 可以 拿 红包,他 二维码 拿 红包,这 二维码 拿 红包,这 二维码 拿 红包,这 二维码 拿 红包
S002370_P0005_T00,他 扫 二维码 可以 拿 红包,他 二维码 可以 红包,他 二维码 可以 红包,他 二维码 可以 红包,他 二维码 可以,他 二维码 可以 红包
S002376_P0005_T00,二维码 圆 圆 颜色 东西 变 变,二维码 东西,二维码 圆 颜色 东西 变,二维码 圆 颜色 东西 变,二维码 里 东西,二维码 圆 颜色 东西 变
S002376_P0007_T00,二维码 圆 圆 颜色 东西 变 变,二维码 圆 颜色 东西 变,二维码 圆 东西 变,二维码 圆 颜色 东西 变,二维码 表情 东西 变,二维码 圆 东西 变
S002380_P0007_T00,二维码 真 发明 精彩,二维码 发明 好,二维码 真 发明 好,二维码 真 发明 好,二维码 是 好,二维码 真 发明 比赛
S002390_P0000_T00,法律 缺少 这 有 在,法律 缺少 这 有 坐,法律 缺少 这 有 坐,法律 缺少 这 有 坐,法律 缺少 钱 考试,法律 这 有 坐
S002397_P0005_T00,我们 会 通过 短信息 方式 来 通知,我们 会 通过 人 短信息 方式 研究 通知 你,我们 会 通过 短信息 信息 方式 通知 你,我们 会 通过 短信息 方式 通知 你,我们 会 通过 信息 方式,我们 会 通过 短信息 信息 方式 研究 通知 你
S002397_P0007_T00,我们 会 通过 短信息 方式 来 通知,我们 会 通过 短信息 得 通知,我们 会 通过 短信息 方式 通知,我们 会 通过 短信息 方式 通知,我们 会 通过 短信息 得,我们 会 通过 短信息 方式 来 通知
S002403_P0007_T00,我 通过 写 信 方式 告诉 他 好 消息,我 通过 短信息 写 信 方式 告诉 他 消息,我 通过 写 信 方式 告诉 你 消息,我 通过 写 信 方式 告诉 你 消息,我 通过 写 方式 结果 你 要 消息,我 通过 写 方式 告诉 你 消息
S002410_P0000_T00,我们 用 选择 检查 方式 来 调查,我们 用 选择 检查 方式 来 调查,我们 用 选择 检查 方式 来 查询,我们 用 选择 检查 方式 来 查询,我们 用 超市 检查 方式 来 查询,我们 用 选择 检查 方式 来 查询
S002410_P0007_T00,我们 用 选择 检查 方式 来 调查,我们 用 选择 查询 方式 来,我们 用 选择 检查 方式 来 找,我们 用 选择 查询 方式 来 找,我们 用 去 选择 检查 方式 来 找,我们 用 选择 检查 方式 来 找
S002420_P0005_T00,我 跟 这 指 方向 指 我 看 没有,我 跟 这 方向 找 看 没有,我 跟 这 方向 看 没有,我 跟 这 方向 我 看 没有,跟 这 方向 说 痛,我 跟 这 方向 我 看 没有
S002421_P0005_T00,这 火车 直 方向 北京 方向,这 火车 方向 北京 方向,这 火车 方向 北京 方向,这 火车 方向 北京 方向,你 火车 指 方向 没有 到 方向,这 火车 方向 北京 方向
S002430_P0005_T00,他 原来 几 分钟 秒 写 写 写,原来 几 分钟 秒 写,原来 分钟 秒 写,原来 分钟 秒 清楚,到 1 分钟 秒 干净,原来 几 分钟 快 干净
S002430_P0007_T00,他 原来 几 分钟 秒 写 写 写,他 原来 还有 成绩 分钟 秒 写,他 原来 还有 成绩 快 写,他 原来 还有 成绩 秒 写,他 还有 5 分钟 你 秒 坐,他 原来 还有 成绩 快 写
S002432_P0005_T00,我 会 工作 坚持 到 最后 1 分钟,我 工作 一直 到 1 什么,我 工作 一直 最后 1,我 会 工作 一直 最后 1,我 会 工作 一直 最后 不行,我 外 工作 一直 旅游 1
S002432_P0007_T00,我 会 工作 坚持 到 最后 1 分钟,我 会 工作 坚持 最后 1 分钟,我 会 工作 坚持 最后 1 分钟,我 会 工作 坚持 最后 1 分钟,我 会 做 一直 最后 酒,我 学 工作 坚持 他们 1 分钟
S002439_P0005_T00,他 说 可以 耐心 几 分钟,他 说 可以 安静 4 多少,他 说 可以 安静 分钟,他 说 可以 安静 多少 分钟,他 说 可以 走 多少 分钟,他 说 可以 安静 分钟
S002441_P0007_T00,2 分钟 内 我 要 他 知道 全部,分钟 写 我 要 他 知道 一起,一样 这 我 要 他 知道 全部 一起,一样 这 我 要 他 知道 全部,分钟 我 要 他 想 一起,一样 这 我 要 他 知道 全部
S002443_P0007_T00,八宝粥 存 不 超 2 个月,八宝粥 存 超 但是 2 个月,八宝粥 存 超过 个月,八宝粥 存 超过 个月,我们 八宝粥 存 个月 月,八宝粥 存 超过 是 2 个月
S002449_P0000_T00,他 演讲 听 结束 我们 看 呆 难,他 演讲 结束 我们 看 好 难,他 演讲 听 结束 我们 看 难,他 演讲 听 结束 我们 看 难,他 承认 我 结束 我们 看 难,他 演讲 听 结束 我们 看 难
S002449_P0005_T00,他 演讲 听 结束 我们 看 呆 难,他 演讲 听 完 我 看 难,他 演讲 听 完 我 看 难,他 演讲 听 结束 我 看 好 难,他 演讲 听 完 我 看,他 演讲 听 结束 我 看 难
S002454_P0000_T00,小 王 平时 自由 好 这 时间 他 害羞,小 王 平时 时间 自由 好 你 时间 他 害羞,小 王 平时 时间 自由 好 你 时间 你 害羞,小 王 平时 时间 自由 好 你 时间 你 害羞,小 王 平时 自由 这 时间 你 可以 想,小 王 平时 时间 说 好 你 时间 你 害羞
S002454_P0007_T00,小 王 平时 自由 好 这 时间 他 害羞,王 平时 好 你 时间 他 害羞,小 王 平时 好 你 时间 他 害羞,小 王 平时 好 你 时间 他 害羞,小 王 平时 老师 时间 害羞,小 王 平时 好 你 时间 他 害羞
S002461_P0007_T00,因为 住 1 天 简单 宾馆 1 马虎,因为 崇拜 天 方便 宾馆 马虎,因为 住 天 宾馆 马虎,因为 住 天 宾馆 马虎,因为 宾馆,因为 住 天 宾馆 房子 忘记
S002470_P0007_T00,贵 贵 东西 你 最 好 放 宾馆 不,贵 东西 你 最 好 放 宾馆 不,贵 东西 你 最 好 放 宾馆 不,贵 东西 你 最 好 放 宾馆 不,考试 东西 最 好 不 别 宾馆 去,贵 东西 你 最 好 放 宾馆 不
S002476_P0005_T00,住院 病 卡 放 30 年 可以,住院 病历 卡 放 存 可以,住院 病历 卡 存 可以,住院 病历 卡 年 存 可以,住院 病历 卡 复印,学 住院 病历 卡 放 可以
S002476_P0007_T00,住院 病 卡 放 30 年 可以,住院 病历 卡 放 存,住院 病 卡 放 可以,住院 病 卡 放 可以,住院 病 卡 车 找,病 卡 放 可以
S002479_P0005_T00,病历 写 改变 不行,病 卡 写 改变 不行,病 卡 写 改变 不行,病 卡 写 改变 不行,病历 卡 发送 多少,脉搏 卡 写 改变 不行
S002486_P0000_T00,穷 观众 增加 贴 今天 年 政府 增加 强 涨,穷 观众 增加 贴 年 政府 增加 涨,穷 观众 增加 贴 今天 年 政府 增加 涨,穷 观众 增加 贴 今天 年 政府 增加 涨,穷 观众 增加 贴 年 政府 增加 涨,穷 观众 增加 贴 今天 年 政府 增加 强 涨
S002486_P0005_T00,穷 观众 增加 贴 今天 年 政府 增加 强 涨,穷 观众 增加 今天 年 政府 增加 强 涨,穷 观众 增加 今天 年 政府 增加 强 涨,穷 观众 增加 贴 今天 年 政府 增加 涨,什么 观众 增加 今天 年 政府 增加 班 涨,穷 观众 增加 贴 今天 病 政府 增加 强 涨
S002495_P0000_T00,危险 发生 时间 生命 重要 东西 这 重要 不,危险 发生 时间 身体 重要 东西 严重,危险 发生 时间 身体 重要 东西 重要,危险 发生 时间 身体 重要 东西 重要,为 发生 时间 身体 多 重要 东西 重要,危险 发生 时间 身体 重要 东西 这 重要
S002500_P0005_T00,房子 人 他 放弃 房子 里 钱 东西 自己 带 逃跑,房子 人 放弃 房子 里 钱 东西 自己 带 逃,房子 人 放弃 房子 里 钱 东西 自己 带 逃,房子 人 放弃 房子 里 钱 东西 自己 带 逃,房子 人 放弃 房子 里 东西 自己 带 出,房子 人 放弃 房子 里 钱 东西 自己 带 飞
S002500_P0007_T00,房子 人 他 放弃 房子 里 钱 东西 自己 带 逃跑,房子 人 他 放弃 房子 里 钱 东西 他 带,房子 人 放弃 房子 里 东西 钱 东西 带,房子 人 放弃 房子 里 东西 钱 东西,房子 人 骗 房子 东西 钱 东西,房子 人 放弃 房子 里 东西 钱 东西 上 带 逃跑
S002504_P0005_T00,餐巾 纸 纸 多 全部 印刷 美丽 美丽 花 花,餐巾 纸 有 多 全部 干净 美丽 点 注意,餐巾 纸 多 全部 干净 美丽 注意,餐巾 纸 多 全部 干净 美丽 退,餐巾 纸 多 全部 老鼠 坐 退,餐巾 纸 多 全部 洗 美丽 退
S002504_P0007_T00,餐巾 纸 纸 多 全部 印刷 美丽 美丽 花 花,餐巾 纸 多 全部 印刷 美丽 点,餐巾 纸 多 全部 印刷 美丽 小,餐巾 纸 多 全部 印刷 美丽 小,餐巾 纸 多 全部 印刷,餐巾 纸 多 全部 印刷 美丽 小
S002520_P0005_T00,钥匙 你 又 忘记 没办法 你 等 我 到,这 你 还 忘记 没办法 方法 你 我 到,这 你 还 忘记 没有 方法 今天 你 我 到,这 你 还 忘记 没有 方法 你 我 到,说 快 病 方法 大概 是 我,这 你 还 忘记 无 方法 今天 你 我 到
S002520_P0007_T00,钥匙 你 又 忘记 没办法 你 等 我 到,钥匙 你 还 忘记 方法 你 等 我 到,钥匙 你 还 忘记 方法 你 等 我 到,钥匙 你 还 忘记 方法 你 等 我 到,你 快 忘记 方法 你 等 我,钥匙 你 还 忘记 方法 等 我 到
S002529_P0000_T00,有 什么 方法 快 说 沉默 不,有 什么 方法 快 说 沉默 不,有 什么 方法 快 说 沉默 不,有 什么 方法 快 说 沉默 不,你 什么 方法 他 沉默 拿,有 什么 方法 快 1 沉默 不
S002533_P0005_T00,这 做 除了 我 还 有 其他 方法,这 工作 除了 我 还有 其他 方法,这 工作 除了 我 还有 其他 方法,这 工作 除了 我 还有 其他 方法,这 工作 除了 我 还有 有 别 方法,这 工作 除了 我 还有 地方 方法
S002533_P0007_T00,这 做 除了 我 还 有 其他 方法,这 做 除了 我 还有 多 别 方法,这 做 除了 我 还有 多 别 方法,这 做 除了 我 还有 多 别 方法,这 工作 除了 我 还有 多 方法,这 做 除了 我 还有 多 方法
S002550_P0000_T00,这 比赛 不 公平,这 比赛 不 不相信,这 比赛 不 公平,这 比赛 不 公平,这 比赛 公平,这 比赛 不 写
S002550_P0007_T00,这 比赛 不 公平,这 比赛 不 公平,他 比赛 不 公平,他 比赛 不 公平,他 比赛 公平,他 比赛 不 公平
S002562_P0005_T00,今 晚上 前 必须 写 完 表格,今天 晚上 必须 写 完成 表格,今天 晚上 前 必须 写 完成 表格,今天 晚上 前 必须 写 完成 表格,今 今天 晚上 笔 写 完成 表格,今天 晚上 前 必须 写 完成 表格
S002578_P0000_T00,这 玻璃 做 房子 这 历史 年 百,这 做 房子 这 传统 年 1,这 做 房子 这 传统 年 1,这 做 房子 这 传统 年 1,你 做 房子 传统 买,这 做 房子 这 传统 年 1
S002578_P0005_T00,这 玻璃 做 房子 这 历史 年 百,这 玻璃 做 房子 这 传统 决定 拍,这 玻璃 做 房子 这 传统 决定,这 玻璃 工作 房子 这 传统 决定,这 做 房子 传统 年 百,这 工作 房子 这 决定 情况
S002580_P0000_T00,孩子 我们 喜欢 玻璃 球 玻璃 球,孩子 我们 喜欢 会 玻璃 钥匙,孩子 我们 喜欢 会 玻璃,孩子 我们 喜欢 会 玻璃,孩子 我们 喜欢 会 后,孩子 我们 喜欢 玻璃
S002592_P0005_T00,部分 部分 算 分开 不是 连,有 部分 算 分 连,部分 不是 连,部分 算 不是 连,感冒 去 联系,部分 计算 连
S002595_P0000_T00,彩票 我 中,彩票 我 唯一,彩票 我 喝,彩票 我 按照,彩票 我 喝,彩票 我 教训
S002595_P0007_T00,彩票 我 中,彩票 我 妈妈,彩票 我 1,彩票 我 1,彩票 我 是 1,彩票 我 妈妈
S002607_P0000_T00,有 人 做 房子 写 不 演讲 演讲,有 人 写 房子 作业 不,有 人 写 房子 写 不,有 人 写 房子 写 不,有 人 在 房子 写 不好 力量,有 人 写 房子 写 不 认真
S002607_P0002_T00,有 人 做 房子 写 不 演讲 演讲,有 人 说 写 房子 写 不 男,有 人 说 作业 房子 写 不 承认,有 人 说 作业 房子 写 不 男,有 人 说 清楚 房子 清楚 不够 听,有 人 说 作业 房子 写 不 承认
S002608_P0000_T00,你 你 说谎 写 草稿 没有,你 说谎 写 草稿 没有,你 如果 写 草稿 没有 你,你 如果 写 草稿 没有 你,你 写 草稿 人 不,你 如果 写 草稿 没有 你
S002608_P0002_T00,你 你 说谎 写 草稿 没有,你 如果 写 草稿 没有,这 你 如果 写 草稿 没有,这 你 如果 写 草稿 没有,这 你 如果 写 草稿 没有,你 如果 写 草稿 没有
S002646_P0000_T00,公 这 场合 我 注意 行动 文明,公 这 场合 我 注意 行动 赋,公 这 场合 我 注意 行动 知识,公 这 场合 我 注意 行动 知识,公 场合 我 注意 行动 错误,公 这 场合 我 注意 知识
S002656_P0002_T00,你 重复 重复 检查 还 提供 回答,你 重复 检查 还 交 回答,你 重复 检查 还 给 回答,你 重复 检查 还 给 回答,你 重复 检查 给 回答,他 重复 检查 还 给 回答
S002660_P0002_T00,对 生活 情况 不同 人 就 会 有 什么 不同 回答,对 生活 情况 不是 人 重要 会 有 什么 不是 答案,对 生活 情况 不是 人 会 有 什么 不是 回答,对 生活 情况 不是 人 在 会 有 什么 不是 回答,对 生活 情况 重要 人 会 有 什么 不同 回答,对 生活 不是 人 会 有 什么 不是 危险
S002668_P0002_T00,题目 看 回答 简单 里 深,这 题目 回答 简单 里 深,题目 回答 简单 里 深,题目 回答 简单 里 深,题目 回答 简单 减,题目 回答 简单 里 深
S002677_P0000_T00,大雨 心 不好,大雨 我 心 不好,大雨 我 心 不好,大雨 我 心 不好,大雨 我 多,大雨 我 心 不好
S002687_P0002_T00,正好 我 住 近,帮助 我 睡觉 近,正好 我 睡觉 近,正好 我 睡觉 近,正好 我 睡觉 钱,正 我 睡觉 近
S002689_P0002_T00,你 没有 找 到 洗 衣服 店 找 到 近,你 没有 找 到 衣服 商店 看 到 点 近,你 没有 找 到 洗 衣服 店 看 到 近,你 没有 找 到 洗 衣服 店 看 到 近,你 没有 找 到 病 衣服 店 到 有,你 没有 找 到 洗 衣服 店 看 到 近
S002702_P0002_T00,希望 每 客 人 可以 得 我们 优秀 服务,希望 每 客 人 可以 拿 我们 优秀 服务,希望 每 客 人 可以 拿 我们 优秀 负责,希望 每 人 客 人 可以 拿 我们 优秀 负责,希望 每 客 人 孩子 我们 走 负责,希望 每 客 人 可以 拿 我们 优秀 服务
S002706_P0002_T00,我们 最近 新 菜 不 接受 客 人 欢迎,我们 刚才 出现 不 接受 客 人 欢迎,我们 刚才 发 不 接受 客 人 欢迎,我们 刚才 开 接受 客 人 欢迎,我们 努力 脸红 是 接受 客 人 礼貌,我们 努力 发 接受 客 人 欢迎
S002709_P0002_T00,选 买 有 各种 可以 让 客 人 选择 选,超市 有 各种 可以 客 人 选择 买,超市 有 各种 可以 客 人 选择 买,超市 有 各种 可以 客 人 选择 买,超市 有 各种 可以 客 人 选择,超市 有 各种 可以 客 人 选择 买
S002710_P0002_T00,这 店 上市 东西 合适 客 人 要求,这 店 出台 东西 合适 客 人 要 要求,这 店 出台 东西 合适 客 人 要求,这 店 出台 东西 适合 客 人 要求,这 店 放 东西 融合 客 人 要求,这 店 出台 东西 符合 算 客 人 要求
S002744_P0002_T00,各种 人 他 接触 好了 所以 他 自己 发明 最 好 作品,各种 人 他 接触 好了 然后 自己 发明 最 好 做 品,各种 人 他 接触 好了 所以 自己 发明 最 好 做 品,各种 人 他 接触 好了 所以 自己 发明 最 好 做 品,各种 人 接触 好了 所以 要 最 好 做 品,各种 人 接触 好了 始终 他 自己 发明 最 好 做 品
S002762_P0000_T00,建设 1 金融 王 国 他 梦想,重复 1 金融 王 他 梦想,重复 1 金融 王 国 他 梦想,重复 1 金融 王 国 他 梦想,重复 金融 王 穷 他,重复 1 金融 国 他 梦想
S002763_P0002_T00,他 金融 市场 赚 钱,他 金融 市场 赚 钱,他 金融 市场 赚 钱,他 金融 市场 赚 钱,他 金融 市场 赚,他 金融 市场 赚 钱
S002764_P0002_T00,金融 大家 要 注意 骗 上当 自己 贪 不,金融 大家 要 注意 骗 上当 自己 贪 不,金融 大家 要 注意 骗 上当 自己 贪 不,金融 大家 要 注意 骗 上当 自己 贪 不,金融 大家 要 注意 批评 吃 自己 好 不,金融 大家 要 注意 骗 上当 自己 深 不
S002785_P0002_T00,他 决赛 看 精彩,决赛 精彩,决赛 他 精彩,决赛 他 精彩,决赛 他 我,决赛 他 恶心
S002790_P0002_T00,他 在 决赛 中 错,他 在 决赛 错误,他 在 决赛 错,他 在 决赛 错误,他 失败 决赛 有 问题,他 在 决赛 错
S002794_P0000_T00,这 肯德基 开 年 十,这 肯德基 开 年 十,这 肯德基 开 年 十,这 肯德基 开 年 十,这 肯德基 开 年 1,这 肯德基 开 年 十
S002804_P0000_T00,我 房子 楼 下 肯德基 人 流 好,我 房子 聋 人 人流 好,我 国家 下 肯德基 人 人流 好,我 房子 下 年轻 人 人流 好,国家 强调 人 合适 好,我 规律 下 肯德基 人 公司 好
S002810_P0002_T00,他 老师 教 水平 高,他 老师 教 水平,他 老师 教 高,他 老师 教 高,他 老师 教 我们 二维码,他 老师 教 高
S002820_P0002_T00,学生 认真 读书 老师 看 喜欢,学生 认真 读书 老师 看 喜欢,学生 认真 读书 老师 看 喜欢,学生 认真 读书 老师 看 喜欢,驾驶 认真 读书 我 是 喜欢,学生 丈夫 读书 老师 看 喜欢
S002824_P0002_T00,老师 们 每 周 星期 5 会议,老师 们 每 周 5 会议,老师 们 每 周 早 会议,老师 们 每 周 5 会议,老师 们 每 周 早 会议,老师 们 每 周 排队 会议
S002828_P0000_T00,你 礼物 不 你 心 我 知道,这 礼物 不 你 心 我 懂,这 礼物 不 你 心 我 想,这 礼物 不 你 心 我 想,这 礼物 不 你 心 我 想,这 礼物 不 你 心 我 想
S002848_P0000_T00,他 宣布 论文 多,他 宣布 多,他 宣布 买 多,他 宣布 论文 多,宣布 我 买 多,他 宣布 多
S002852_P0002_T00,这 论文 看 好 评价 高,论文 好 评价 高,论文 好 评价 高,论文 好 评价 高,论文 是 好 评价 碗,论文 好 评价 高
S002862_P0000_T00,老板 发现 他 工作 打 手机,老板 发现 他 工作 手机 钱,老板 发现 他 工作 手机 钱,老板 发现 他 工作 手机 钱,老板 发现 工作 天,老板 发现 他 工作 手机 给
S002864_P0002_T00,他 醒 发现 自己 在 医院,他 醒 发现 自己 在 医院,他 醒 发现 自己 在 医院,他 醒 发现 自己 在 医院,你 发现 自己 在 医院,他 醒 发现 自己 在 医院
S002878_P0002_T00,我 中国 经济 快 进步 发展,我 中国 经济 快 进步 发展,我 中国 经济 快 进步 发展,我们 中国 经济 快 进步 发展,我 中国 经济 快 进步 发展,我们 中国 经济 快 进步 发展
S002886_P0002_T00,你 玩 游戏 我 不 反对 但是 控制 好 时间,他 玩 游戏 我 不 反对 但是 好 时间,他 玩 游戏 我 不 反对 但是 有 好 时间,他 玩 游戏 我 不 反对 但是 控制 好 时间,他 玩 游戏 我 但是 有 时间,他 玩 游戏 我 不 反对 但是 控制 好 时间
S002898_P0002_T00,你 学会 听 反对 声音 应该,你 学 会 听 反对 声音 必须,你 学会 听 反对 声音 必须,你 学会 听 反对 声音 必须,这 学会 听 反对 声音 必须,你 学会 听 反对 声音 必须
S002899_P0002_T00,我 建议 否认,我 意见 2 否认,我 2 否认,我 建议 2 否认,我 有 2 否认,我 惭愧 否认
S002909_P0002_T00,自己 否认 要 多 大 勇敢,自己 否认 要 多 勇敢,自己 否认 要 多 勇敢,自己 否认 要 多 勇敢,自己 不 要 勇敢,自己 否认 要 多 勇敢
S002937_P0000_T00,有 人 说 反调 是 正常,有 人 说 反调 正常,有 人 说 反调 正常,有 人 说 反调 正常,有 人 说 反调 正常,有 人 说 反调 正常
S002942_P0000_T00,你 知道 反调 从 来 没有 好 提 意见,你 知道 反调 从 来 好 没有 好 2,你 想 反调 从 来 没有 好 2,你 想 反调 从 来 没有 好 2,你 知道 反调 没有 好 你,你 想 反调 来 没有 好 2
S002947_P0002_T00,这 游戏 有 防 沉迷 系统,这 游戏 有 帮助 沉迷 系统,这 游戏 有 帮助 沉迷 系统,这 游戏 有 帮助 沉迷 系统,这 鼓励 帮助 沉迷 系统,这 游戏 有 沉迷 系统
S002951_P0002_T00,自己 他 电脑 电脑 游戏 沉迷 读书 退步,他 自己 电脑 游戏 沉迷 不管,他 自己 电脑 游戏 沉迷,他 自己 电脑 游戏 沉迷 退步,他 自己 电脑 沉迷,他 自己 电脑 沉迷
S002958_P0002_T00,参观 美丽 我 看 沉迷,热 美丽 我 看 沉迷,热 吃 美丽 我 看 沉迷,热 美丽 我 看 沉迷,天 早 吃 美丽 我 看 沉迷,天 吃 美丽 我 看 沉迷
S002970_P0002_T00,老师 终于 承认 我 说 好,老师 彻底 承认 我 说 好,老师 最后 承认 我 说,老师 最后 承认 我 说,老师 最后 承认 老师 说 是,老师 最后 承认 我 说
S002991_P0002_T00,我 手 受伤 好了 拿 吃不消,我 准备 好了,我 准备 好了 裤子,我 准备 好了,我 准备 好了 不行 坚持,我 准备 好了 裤子
S002998_P0002_T00,第一 见面 迟到 人 印象 不好,第一 见面 迟到 人 印象,第一 见面 迟到 人 印象,因为 见面 迟到 人 印象,因为 见面 人 印象,他 见面 他 人 印象
S003002_P0000_T00,你 迟到 3 分钟 好 酒 惩罚 3 喝,你 迟到 分钟 好 酒 点 3 喝,你 迟到 分钟 好 酒 病 喝,你 迟到 分钟 好 酒 病 喝,你 分钟 看 水 喝,你 迟到 没有 好 病 喝
S003016_P0000_T00,打扮 前 后 脸 差别,打扮 这 脸 差别,打扮 这 脸 差别,打扮 这 脸 差别,打扮 这 医生 差别,打扮 他 脸 差别
S003026_P0000_T00,自己 想 得罪 多 人 没有,自己 想 得罪 多 人 没有,自己 想 得罪 多 人 没有,自己 想 得罪 多 人 没有,自己 想 得罪 多 人 没有,自己 想 得罪 多 人 没有
S003031_P0000_T00,下雨 他 跑 到 超市 躲,下雨 跑步 到 超市 潜伏,下雨 他 跑步 到 超市 躲,下雨 他 跑步 超市 潜伏,下雨 跑步 去 超市 躲,下雨 他 跑步 到 超市 躲
S003033_P0000_T00,你 难 你 没办法 躲 还是 解决 他,你 难 你 方法 没办法 潜伏 还是 解决 他,你 难 你 方法 躲 还 解决 他,你 难 你 方法 躲 还 解决 他们,你 难 这 方法 礼物 躲 不 解决,你 难 方法 潜伏 还 解决 这
S003036_P0000_T00,灯 我 低头 躲 灯 5,灯 我 发现 小,灯 我 记得,灯 我 记得 躲,风 我 记得 爱护 小时,灯 我 记得 层 灯
S003046_P0000_T00,你 不 逼 我 急 我 会 翻脸,你 不 逼 我 急 我 会 翻脸,你 不 逼 我 着急 我 会 翻脸,你 不 逼 我 着急 我 会 翻脸,你 妈妈 因为 我们 急 会 翻脸,你 不 我 着急 我 会 翻脸
S003065_P0000_T00,他 是 你 儿子 怪不得 脸 熟悉,他 你 儿子 脸 熟悉,他 是 儿子 脸,他 你 儿子 脸,自然 儿子 脸 奇怪,他 是 儿子 脸 可以
S003076_P0000_T00,八宝粥 过期 味道 不好吃,多 八宝粥 过期 吃 不好吃,八宝粥 过期 不好吃,八宝粥 过期 不好吃,八宝粥 过期 米,八宝粥 过期 不好吃
S003078_P0002_T00,楼 路 旁边 火 消灭 机器 过期,路 旁边 火 灭 机器 过期,路 旁边 火 灭 机器 过期,路 旁边 火 灭 机器 过期,楼 路 旁边 火 消灭 机器 过期,路 旁边 火 灭 机器 过期
S003092_P0002_T00,爷爷 每天 报纸 国家 大 事情 了解,爷爷 每天 报纸 我 房子 了解,爷爷 每天 报纸 我 房子 了解,爷爷 每天 报纸 我 房子 了解,爷爷 每天 报纸 房子 事情 了解,爷爷 每天 帮助 我 房子 大 了解
S003101_P0000_T00,这 东西 长 吸取 会 简单 打胎,这 东西 吸取 会 简单 打胎,这 东西 吸取 会 简单 打胎,这 东西 吸取 会 简单 打胎,这 东西 会 简单 打胎,这 东西 吸取 会 简单 打胎
S003131_P0001_T00,我 看 你 想 呕吐,我 看 想 呕吐,我 看 想 呕吐,我 看 想 呕吐,我 看 想 多,我 看 想 呕吐
S003131_P0002_T00,我 看 你 想 呕吐,我 看 你 想 呕吐,我 看 你 想 呕吐,我 看 你 想 呕吐,我 看 你 想 多,我 看 你 想 小
S003140_P0000_T00,脸 想 恶心 快 转,脸,脸 否认,脸 哭,晚上 脸 吃 哭,脸 冷 否认
S003146_P0000_T00,网络 上 付 方便 多 年轻 喜欢,网 方便 多 年轻 喜欢,网 方便 多 喜欢,网 方便 多 喜欢,网 钥匙 多 喜欢,网 上 方便 多 喜欢
S003146_P0002_T00,网络 上 付 方便 多 年轻 喜欢,网 付 多 年轻 喜欢,网 付 多 年轻 喜欢,网 付 多 年轻 喜欢,王 多 喜欢,网 1 付 多 年轻 喜欢
S003151_P0000_T00,平 电脑 好 什么 方便 带,道理 好 什么 带,道理 好 什么 方便 带,道理 好 什么 方便 带,没有 北京 带,道理 好 什么 方便 带
S003151_P0002_T00,平 电脑 好 什么 方便 带,表扬 什么 方便 带,表扬 什么 方便 带,表扬 有 什么 方便 带,邮件 论文 方便 带,保护 有 什么 方便 带
S003154_P0000_T00,继续 方便 给 自己 难,一直 说 给 自己 难,一直 说 给 自己 难,一直 说 给 自己 难,一直 2 给 看 梦想,一直 给 自己 难
S003154_P0001_T00,继续 方便 给 自己 难,一直 衣服 给 自己 难,一直 给 自己 难,一直 给 自己 难,一直 转 自己 难,一直 给 自己 难
S003157_P0000_T00,你们 2 分别 得 第一 第二,他 2 得 第一 第二,他 2 得 第一 第二,他 2 得 第一 第二,他们 第一,你们 2 得 1 第二
S003159_P0001_T00,事情 性 不同 要 分别 对,事情 性 不同 要 每,事情 性 不同 要 对,事情 性 不同 要 对,这 事情 不同 要 不 对,事情 性 不是 要 给 对
S003159_P0002_T00,事情 性 不同 要 分别 对,事情 性 不是 要 对,事情 性 不同 要 对,事情 性 不同 要 大概 对,这 事情 对 不同 算 对,这 事情 不是 要 给 对 1
S003162_P0000_T00,事情 分别 有 什么 好 好处,事情 分别 有 什么 好 好处,事情 有 什么 好 不,事情 有 什么 好 不,事情 有 什么 好 不,事情 有 什么 好 害怕
S003170_P0001_T00,人 人 高 有 钱 富贵 穷 没有 分别,人 人们 高 有 富贵 穷 没有 分别,人 人们 成长 有 富贵 穷 没有 分别,人 人们 成长 有 富贵 穷 没有 分别,人们 经常 有 富贵 区别,人 人们 成长 有 富贵 穷 没有 分别
S003181_P0001_T00,妈妈 看 期待 看 我 惭愧,爸爸 妈妈 希望 看 我 惭愧,爸爸 妈妈 希望 看 我 惭愧,爸爸 妈妈 希望 看 我 惭愧,爸爸 希望 我 惭愧,爸爸 妈妈 手机 看 我 惭愧
S003181_P0002_T00,妈妈 看 期待 看 我 惭愧,妈妈 他 希望 我 惭愧,妈妈 希望 我 惭愧,妈妈 你 希望 我 惭愧,妈妈 希望 我 不喜欢,妈妈 你 癌 看 我 惭愧
S003186_P0001_T00,他 努力 让 我们 感觉 惭愧 比,他 努力 让 我 感觉 惭愧,他 努力 让 我 感觉 惭愧,他 努力 让 我 感觉 惭愧,这 努力 大概 我 感觉 到 委屈,他 努力 让 我 感觉 惭愧 我
S003192_P0000_T00,这 失败 我 彻底 失败,失败 我 彻底 失败,这 失败 我 彻底 失败,这 失败 我 彻底 失败,他 失败 我 彻底 失败,这 失败 我 彻底 逃
S003206_P0000_T00,我 有 大概 计划 详细 没有 定,我 有 大概 设计 仔细 没有 定,我 有 大概 仔细 没有 定,我 有 大概 仔细 没有 定,我 大概 学校 仔细 这 研究,我 有 大概 组 没有 定
S003206_P0001_T00,我 有 大概 计划 详细 没有 定,我 有 大概 设计 仔细 没有 必须,我 有 大概 设计 仔细 没有 必须,我 有 大概 计划 仔细 没有 决定,我 有 大概 仔细 我 必须,我 有 大概 设计 详细 没有 定
S003219_P0000_T00,他 社会 经验 小 他 简单,他 社会 经验 他 简单,他 社会 经验 他 简单,他 社会 经验 他 简单,他 社会 经验 我 简单,他 社会 他 简单
S003219_P0002_T00,他 社会 经验 小 他 简单,他 社会 经验 他 简单,他 社会 经验 多 他 简单,他 社会 经验 多 他 简单,他 社会 经验 多 简单,他 社会 经验 他 简单
S003225_P0000_T00,他 手机 号码 写 餐巾 纸 写 给 我,他 手机 号码 写 餐巾 纸 写 给 我,他 手机 号码 写 餐巾 纸 写 给 我,他 手机 号码 写 餐巾 纸 写 给 我,他 手机 微信 餐巾 纸 给 你 给 我 没有,他 手机 写 餐巾 纸 写
S003237_P0002_T00,我 到 车站 发现 我 自己 票 忘记 放 房子,到 车站 是 我 自己 为 忘记 放 房子,到 车站 没有 我 自己 票 忘记 放 房子,到 车站 发现 我 自己 票 忘记 放 房子,到 在 7 没有 我 票 晚上 放 房子,到 车站 发现 我 自己 忘记 放 房子
S003244_P0000_T00,成绩 好 是 他 自己 每天 一直 积累 学 结果,成绩 好 是 他 自己 每天 一直 学 结果,成绩 好 是 他 自己 每天 一直 学 结果,成绩 好 是 他 自己 每天 一直 学 结果,成绩 这 是 他 自己 每天 一直 决定 学 不好,成绩 好 是 他 自己 每天 一直 学 结果
S003246_P0002_T00,他 读书 好 但是 性格 不好 全部 不喜欢 他,如果 努力 不 怎么样 得 好 成绩,如果 努力 不 怎么样 得 好 成绩,如果 努力 不 怎么样 得 好 成绩,如果 努力 不 怎么样 让 成绩,如果 努力 不 怎么样 得 好 成绩
S003248_P0002_T00,看 我 成绩 单 指 妈妈 脸 严肃,看 我 成绩 单 妈妈 脸 严肃,看 我 成绩 这 妈妈 脸,看 我 成绩 下 妈妈 脸,看 我 成绩 这 妈妈 脸,看 我 成绩 这 妈妈 脸
S003250_P0000_T00,领导 充分 肯定 他 工作 中 得 成绩,领导 满足 应该 他 工作 中 得 成绩,领导 足够 充分 应该 他 工作 中 得 成绩,领导 足够 充分 应该 他 工作 中 得 成绩,领导 足够 充分 应该 工作 中 得 成绩,医生 充分 应该 他 工作 中 得 成绩
S003256_P0002_T00,你 必须 要 靠 生产 程序 来 工作,你 必须 要 靠 生产 程序 来 工作,你 必须 要 靠 生产 程序 来 工作,你 必须 要 靠 生产 过程 来 工作,你 必须 要 生产 过程 工作,你 必须 要 靠 生 程序 来 工作
S003258_P0002_T00,我们 公司 有 1 套 严格 事情 程序,我们 公司 有 1 套 严格 事情 过程,我们 公司 有 1 套 过程,我们 公司 有 1 套 严格 过程,我们 公司 有 套 程序,我们 公司 有 1 套 过程
S003267_P0002_T00,中国 货 外国 东西 多,中国 货 课 东西 多,中国 货 课 东西 多,中国 货 课 东西 多,中国 快递 到 东西 多,中国 快递 课 东西 多
S003269_P0002_T00,博物 房子 出 在 哪,博物 房子 去 到 什么,博物 房子 去 到 什么,博物 房子 去 到 什么,博物 房子 去 不行,买 博物 房子 去 在 什么
S003276_P0002_T00,农村 产品 国 出 多,农民 产品 要 多,农村 产品 我 多,农村 产品 我 多,农村 产品 出 多,农村 产品 我 多
S003289_P0002_T00,处方 上 药 名字 他 写 错误 他 发生 大 麻烦,处方 上 写 名字 他 写 错误 他 发生 麻烦,处方 上 写 名字 他 写 会 他 发生 麻烦,处方 上 写 名字 他 写 会 他 发生 麻烦,处方 上 可以 写 名字 写 会 发生 多 美丽,处方 上 名字 他 写 会 他 发生 麻烦
S003294_P0002_T00,我 读书 是 学 知识 不是 想 简单 兴趣 不,我 读书 是 学 知识 不是 感觉 简单 不,我 读 是 学 知识 不是 想 简单 不,我 读 是 学 知识 不是 想 简单 不,我 读 学 侥幸 简单 累,我 吃 是 学 知识 不是 想 简单 不
S003323_P0000_T00,生活 淡 乏味 他 不喜欢,生活 乏味 他 不喜欢,生活 乏味 他 不喜欢,生活 乏味 他 不喜欢,生活 乏味 不喜欢,生活 乏味 他 不喜欢
S003338_P0000_T00,刚才 名字 王 电话 他,刚才 名字 王 电话 他,刚才 名字 电话 他,刚才 名字 电话 他,最近 名字 电话 好,刚才 迟到 电话 他
S003340_P0002_T00,刚才 说 矛盾 大家 奇怪,刚才 说 矛盾 大家 到,刚才 说 矛盾,刚才 说 矛盾 你们,刚才 说 矛盾 看 奇怪,刚才 说 矛盾 你们
S003353_P0000_T00,你 越 感觉 害羞 要 克服,你 越 感觉 害羞 要 委屈 克服,你 越 感觉 害羞 要 克服,你 越 感觉 害羞 要 克服,你 说 害羞 喜欢 克服,你 越 感觉 害羞 要 克服
S003371_P0002_T00,你 快 抓住 你 成功,快 拿 你 成功,快 拿 你 成功,快 抓住 你 成功,快 没有 发现 你 成功,快 抓住 你 成功
S003381_P0000_T00,他 知道 这 是 犯罪 但是 心理 想 侥幸 最后 还是 犯罪,他 知道 这 是 犯罪 但是 心 想 侥幸 彻底 改变 犯罪,他 知道 是 犯罪 但是 心 想 侥幸 最后 犯罪,他 知道 是 犯罪 但是 心 想 侥幸 最后 犯罪,他 去 犯罪 但是 心 不好 侥幸 最后 你 做,他 知道 是 犯罪 但是 心 想 侥幸 所以 犯罪
S003382_P0002_T00,谦虚 不 你 成功 不是 侥幸,礼貌 不 你 成功 不是 侥幸,礼貌 不 他 成功 不是 侥幸,谦虚 不 他 成功 不是 侥幸,礼貌 老师 成功 在 侥幸,不 他 成功 不是 侥幸
S003385_P0000_T00,距离 远 这 侥幸 不 在,远 这 侥幸 在,远 下 侥幸 在,远 下 侥幸 在,路 远 他 会 不是,远 下 侥幸 在
S003402_P0000_T00,老师 看 他们 茫然 改变 讨论 简单 简单,老师 看 你们 茫然 改变 讨论 简单,老师 看 你们 茫然 改变 讨论 简单,老师 看 你们 茫然 改变 讨论 简单,老师 他 他们 茫然 快 讨论 简单,老师 看 他们 茫然 变 讨论 简单
S003406_P0002_T00,这 问题 一直 茫然 突然 想 通,你 一直 会 大家 想 报复,你 一直 茫然 突然 想 报复,你 一直 茫然 突然 报复,他 一直 变化 想 通过,他 一直 茫然
S003410_P0002_T00,老板 工作 开除 他 安慰 我,老板 工作 开除 他 我,老板 工作 开除 他 我,老板 工作 开除 他 我,安全 工作 开除 他 飞机 我,老板 工作 让 他 害怕 我
S003418_P0002_T00,老师 安慰 时间 长 你 哭 停止,老师 保护 时间 长 你 哭 停止,老师 安慰 时间 长 他 哭 停止,老师 安慰 时间 长 他 哭 停止,老师 安慰 时间 长 他 哭 优秀,老师 安慰 长 他 哭 停止
S003424_P0000_T00,设备 安装 完成 可以 用,设备 安装 完成 可以 用,设备 安装 完成 可以 用,设备 安装 完成 可以 用,设备 安装 完成 用,设备 安装 完成 可以 用
S003455_P0000_T00,只 有 他 了解 互相 了解 有 把握 成功,只 有 他 了解 互相 了解 把握 成功,他 了解 互相 了解 把握 成功,他 了解 互相 了解 把握 成功,他 了解 互相 了解 把握 成功,他 了解 互相 了解 把握 成功
S003469_P0002_T00,他们 房子 搬 吵架 吵架,他 房子 搬 认识,他 房子 搬 你 吵架,他 房子 搬 你 吵架,房子 搬 你 吵架,他 车 搬 你 条件
S003471_P0002_T00,他 烦 烦 邻居 想 他 房子 搬,他 不幸 邻居 想 他们 房子 搬,他 倒霉 邻居 想 他们 房子 搬,他 倒霉 邻居 想 他们 房子 搬,他 警察 邻居 想 房子 搬,他 忘记 邻居 知道 他们 房子 搬
S003491_P0002_T00,对 学 差 同学 我们 肯定 帮助,学 不好 同学 我们 肯定 帮助,学 不好 同学 我们 肯定 帮助,学 不好 同学 我们 肯定 帮助,学 不行 同学 我们 肯定 帮助,学 不好 同学 我们 应该 帮助
S003494_P0000_T00,我们 教 系统 包括 职业 教 基础 教 各种,我们 教 系统 包括 职业 教 基础 教 等,我们 教 系统 包括 职业 教 基础 教 各种,我们 教 系统 包括 职业 教 基础 教 各种,我们 教 系统 包括 职业 教 政府 教 各种,我们 教 系统 包括 职业 教 基础 教 各种
S003500_P0002_T00,今天 年 谁 不 包装 打扮 自己,今天 年 谁 不 装 自己,今天 年 谁 不 装 自己,今天 年 谁 不 装 自己,今天 年 晚上 不 装 自己,今天 年 谁 不 装 自己
S003515_P0002_T00,报名 表格 可以 到处 各 学 院 拿,报名 表格 可以 到 学校 拿,报名 表格 可以 到 会 拿,报名 表格 可以 到 会,报名 表格 到 看 学校,报名 表格 可以 到 各种 会 拿
S003518_P0002_T00,我们 不想 毕业,我们 不想 毕业,我们 不 想 毕业,我们 不想 毕业,我们 不 想 毕业,我们 不 想 毕业
S003524_P0000_T00,姐姐 毕业 后 到 山 区 教 工作,姐姐 毕业 后 到 区 教 工作,姐姐 毕业 后 到 区 教 工作,姐姐 毕业 后 到 区 教 工作,姐姐 毕业 后 区 教 工作,姐姐 毕业 后 到 区 教 工作
S003537_P0000_T00,有 人 说 药 要 预防 怀孕 药 多 对 女 人 身体 不好,有 人 说 药 要 避孕 药 多 对 女 人 身体 不好,有 人 说 药 要 预防 避孕 药 多 对 女 人 身体 不好,有 人 说 药 要 避孕 忙 多 对 女 人 身体 不好,有 人 说 有 预防 避孕 课 有 对 女 人 身体 不好,有 人 说 药 要 预防 避孕 忙 多 对 女 人 身体 不好
S003537_P0001_T00,有 人 说 药 要 预防 怀孕 药 多 对 女 人 身体 不好,有 人 说 药 要 避孕 饱 药 多 对 女 人 身体 不好,有 人 说 药 要 不 避孕 饱 药 多 对 女 人 身体 不好,有 人 说 药 要 不 避孕 饱 药 多 对 女 人 身体 不好,老 人 说 你 要 不 避孕 是 有 为 女 人 多,有 人 说 药 要 不 饱 药 多 对 女 身体 不好
S003545_P0002_T00,年 50 中国 变化 大,几 年 中国 变 大,年 中国 变 大,年 中国 变 大,年 我 爸爸 大,年 中国 变 大
S003551_P0000_T00,性格 不是 稳定 不是 点 变化 没有 是 活动 变化,性格 不同 固定 不是 少 变化 没有 是 活 改变,性格 不是 固定 不是 小 变化 没有 是 活,性格 不是 稳定 不是 小 变化 没有 是 活,对 性格 不是 固定 在 小 变化 没有 是 行为,性格 不是 稳定 小 改变 没有 行动
S003551_P0001_T00,性格 不是 稳定 不是 点 变化 没有 是 活动 变化,不同 固定 不是 小 变化 没有 是 行为 改变 变化,性格 不同 固定 不是 小 什么 没有 是,性格 不同 稳定 不是 小 改变 没有 是,性格 人 我 不是 什么 没有 动,各种 不同 固定 不是 小 变 没有 是
S003572_P0002_T00,对 竞争 我们 躲 不行,竞争 我们 潜伏 不行,竞争 我们 躲 不行,竞争 我们 躲 不行,竞争 我们 躲,竞争 我们 潜伏 不行
S003579_P0002_T00,他 说 我们 不行 理解,他 说 我们 不行,他 说 我们 不行,他 说 我们 不行,他 说 我 不行 想,他 说 我们 不行
S003594_P0000_T00,看 眼睛 神 我 不喜欢,眼睛 咬 我 不喜欢,爸爸 眼睛 我 不喜欢,爸爸 眼睛 神 我 不喜欢,爸爸 乒乓球 美丽,爸爸 眼睛 我 不喜欢
S003605_P0000_T00,这 孩子 1 天 玩 玩 让 人 操心,他 孩子 天 日 高兴 让 人 操心,他 孩子 天 高兴 让 人 操心,他 孩子 天 快乐 让 人 操心,他 孩子 高兴 让 人 担心,他 孩子 天 快乐 让 人 担心
S003605_P0001_T00,这 孩子 1 天 玩 玩 让 人 操心,他 孩子 想 天 玩 让 人 操心,他 孩子 想 天 高兴 让 人 担心,他 孩子 想 天 玩 让 人 操心,他 孩子 到 高兴 让 人 担心,他 孩子 想 天 高兴 让 人 操心
S003619_P0000_T00,学生 可以 到 学 院 查询 自己 考试 分数,学生 可以 到 医院 查询 自己 考试 分数,学生 可以 到 医院 查询 自己 考试 分数,学生 可以 到 学 医院 查询 自己 考试 分数,学生 到 医院 检查 自己 考试 成绩,学生 可以 到 学 医院 查询 自己 考试 分数
S003621_P0001_T00,第一 人 摔倒 后 超过,第一 人 失败 后 他 超过,第一 人 失败 后 超过,第一 人 失败 后 超过,人 必须 好 超过,第一 人 失败 后 超过
S003621_P0002_T00,第一 人 摔倒 后 超过,第一 人 失败 后 超过,第一 人 摔倒 后 超过,第一 摔倒 后 超过,那 人 买 后 超过,第一 摔倒 后 超
S003633_P0000_T00,老师 同学 们 统一 称赞 小 王 是 好 学生,老师 同学 们 好 称赞 小 王 好 学生,老师 同学 们 称赞 小 王 好 学生,老师 同学 们 称赞 小 王 好 学生,老师 同学 们 称赞 小 王 他 学生,老师 同学 们 称赞 小 王 好 学生
S003633_P0001_T00,老师 同学 们 统一 称赞 小 王 是 好 学生,老师 同学 们 好 称赞 小 王 是 好 学生,老师 同学 们 快 称赞 小 王 好 学生,老师 同学 们 快 称赞 小 王 是 好 学生,老师 同学 们 统一 称赞 他 王 他 学生,老师 同学 们 快 好 小 王 是 学生
S003637_P0001_T00,公园 我 看 多 花 看 称赞 称赞,公 不知道 看 多 花 看 称赞,公园 看 多 花 看 称赞,公园 看 多 花 看 称赞,因为 不知道 有 抱怨 快 称赞,公园 看 多 花 称赞
S003645_P0000_T00,他们 统一 称赞 老师 付出 教 事业,他们 还 称赞 老师 付出 教 事业,他们 称赞 老师 付出 教 事业,他们 一直 称赞 老师 付出 教 事业,他们 称赞 老师 付出 教 事业,他们 一直 称赞 老师 付出 教 事业
S003645_P0002_T00,他们 统一 称赞 老师 付出 教 事业,他们 好 称赞 老师 付出 教 事业,他们 称赞 老师 付出 教 事业,他们 称赞 老师 付出 教 事业,他们 称赞 老师 付出 教 事业,他们 称赞 老师 付出 教 事业
S003651_P0001_T00,我们 承包 要 合同 保证 工作 完成,我们 承包 合同 保证 工作 完成,我们 承包 合同 保证 帮助 工作 完成,我们 承包 合同 保证 帮助 工作,我们 承包 合同 帮助 做 完成,我们 承包 合同 帮助 工作
S003669_P0000_T00,他 盲 崇拜 模仿,他 气 崇拜 模仿,他 气 崇拜 模仿,他 盲 崇拜 模仿,他 感冒 书 他 模仿,他 盲 崇拜 模仿
S003669_P0001_T00,他 盲 崇拜 模仿,他 辛苦 崇拜 模仿,他 盲 崇拜 模仿,他 盲 崇拜 模仿,他 崇拜,他 崇拜
S003679_P0000_T00,病 人 空 肚子 去 抽血 2 天 拿 报告,人 肚子 去 抽血 2 天 拿 报告,人 肚子 去 抽血 天 拿 报告,肚子 去 抽血 天 拿 报告,他 抽血 发明 报告,人 肚子 去 抽血 7 天 拿
S003680_P0000_T00,我 抽血 不行 看 血 晕,我 抽血 不行 看 节省 晕,我 抽血 不行 看 节省 晕,我 抽血 不行 看 血 晕,我 抽血 看 节省 晕,我 抽血 不行 看 喝 晕
S003680_P0002_T00,我 抽血 不行 看 血 晕,我 抽血 不行 看 聪明,我 抽血 不行 看,我 抽血 不行 看 血,我 抽血 不行 看 抽血 倒霉,我 抽血 不行 看 忘记
S003692_P0000_T00,妈妈 去 工作 奶奶 负责 照顾,去 工作 奶奶 负责 照顾,去 工作 奶奶 负责 照顾,去 工作 奶奶 负责 照顾,来 工作 奶奶 负责 照顾,去 工作 奶奶 负责 照顾
S003692_P0001_T00,妈妈 去 工作 奶奶 负责 照顾,去 工作 奶奶 负责 照顾,去 工作 奶奶 负责 照顾,去 工作 奶奶 负责 照顾,去 工作 否认 自己 影响,去 工作 奶奶 负责
S003697_P0000_T00,我 去 南 去 工作 收 大,我 去 朋友 去 工作 接受 大,我 去 朋友 去 工作 接受 大,我 去 南 去 工作 接受 大,我 不行 南 工作 接受 大,我 去 人 去 工作 接受 大
S003721_P0000_T00,对 事情 不行 改变 除了 听 还有 没有 别 方法,我 对 事情 不行 变 除了 听 还 没有 别 方法,我 对 事情 不行 改变 除了 听 还 要 没有 别 方法,我 对 事情 不行 改变 除了 听 还 要 没有 别 方法,对 事情 是 除了 听 还 要 不 别 方法,我 对 这 事情 不行 改变 除了 听 还 没有 其他 方法
S003721_P0002_T00,对 事情 不行 改变 除了 听 还有 没有 别 方法,我 对 事情 不行 变 除了 听 还有 没有 别 人 方法,我 对 事情 不好 变 除了 听 还有 没有 别 人 方法,我 对 事情 不好 变 除了 听 还有 没有 别 人 方法,我 对 事情 经常 除了 还 没有 别 人 方法,我 对 事情 不好 但是 除了 听 还有 没有 别 人 方法
S003731_P0000_T00,热 虫 全部 传染 力,热 一起 力,热 全部 力,热 全部 努力,热 全部 坏,热 全部 力
S003731_P0001_T00,热 虫 全部 传染 力,热 你 全部 传染 快,热 全部 传染 快,热 全部 传染 快,热 说 全部 传染 快,热 是 全部 还 快
S003743_P0001_T00,观众 意见 那 要 好 好 处理 要 帮助 社会 安 定,观众 你 要 好 处理 要 帮助 社会 我 必须,观众 你 要 好 处理 要 帮助 社会 必须,观众 你 要 好 处理 要 帮助 社会 必须,观众 不喜欢 这 要 好 处理 可以 帮助 签名,观众 你 要 好 处理 要 社会 必须
S003747_P0000_T00,处理 垃圾 问题 我们 每 人 生活 有 联系,处理 问题 我们 每 人 生活 有 联系,处理 这 问题 我们 每 人 生活 有 联系,处理 问题 我们 每 人 生活 有 联系,处理 这 问题 我们 每 人 生活 多 联系,处理 改变 问题 我们 每 人 生活 有 联系
S003747_P0001_T00,处理 垃圾 问题 我们 每 人 生活 有 联系,处理 垃圾 问题 我们 每 人 生活 有 联系,处理 问题 我们 每 人 生活 有 联系,处理 刚才 问题 我们 每 人 生活 有 联系,能力 我们 每 人 生活 有 联系,处理 经常 问题 我们 每 人 生活 有 联系
S003753_P0001_T00,压力 吃不消 辞职,我 吃不消 辞职,爱 吃不消 辞职,爱 吃不消 辞职,爱 吃 不行 辞职,可爱 吃不消 辞职
S003758_P0000_T00,辞职 还是 继续 工作 考虑,我 辞职 还是 工作 想,辞职 还是 工作 想,辞职 还是 工作 想,辞职 什么 工作 难,辞职 还是 工作 想
S003758_P0002_T00,辞职 还是 继续 工作 考虑,辞职 还 还是 工作 1,辞职 还是 工作 1,辞职 还 还是 工作,辞职 来 工作,辞职 还是 工作 1
S003759_P0000_T00,我 想 离开 时间 是 这 交 辞职 信,我 想 离开 时间 是 这 给 辞职 信,我 想 离开 时间 是 这 给 辞职 信,我 想 离开 时间 是 这 给 辞职 信,我 想 时间 要 看 给 信,我 想 离开 时间 是 这 给 信
S003764_P0000_T00,机器 慢 慢 代替 笨 劳动,机器 慢 为 运动 劳动,机器 慢 代替 为 行为 劳动,机器 慢 代替 为 行为 劳动,机器 可以 为 他 行为 劳动,机器 慢 代替 医生 行为
S003764_P0001_T00,机器 慢 慢 代替 笨 劳动,慢 笨 劳动,机会 慢 代替 医生 劳动,机会 慢 代替 医生 劳动,机会 他们 代替 医生 劳动,机会 慢 代替 医生 劳动
S003765_P0000_T00,小学 孩子 写 爸爸 妈妈 代替 写 不行,小 孩子 写 爸爸 妈妈 为 写 不行,小 孩子 写 爸爸 妈妈 为 写 不行,我 孩子 写 爸爸 妈妈 为 不行,他 丢 写 妈妈 为 不行,你 孩子 写 爸爸 妈妈 为 不行
S003776_P0001_T00,语言 代替 不行 行动 行动 是 最 早 语言,说 代替 不行 行为 是 最 早 说,说 代替 不行 行为 是 最 早 说,说 代替 不行 行为 是 最 早 说,一直 代替 不行 解决 时间 早 说,说 代替 不行 行动 最 早 说
S003778_P0000_T00,他 向 国家 借款 承包 1 山 山,向 国家 借款 承包 多,向 国家 借款 承包,向 国家 借款 承包,他 房子 承包,他 向 国家 借款 承包
S003778_P0001_T00,他 向 国家 借款 承包 1 山 山,他 向 国家 借款 不行 承包 每,他 向 国家 借款 承包 每,他 向 国家 借款 承包 每,他 到 去 房子 借款 承包 大家 2,他 向 国家 借款 承包 每
S003786_P0001_T00,公司 给 工作 员工 1 借款 利息 钱 不,公司 给 工作 员工 他 借款 来 钱 不,公司 给 工作 员工 是 借款 来 病 钱 不,公司 给 工作 员工 你 借款 来 利息 钱 不,公司 工作 兼职 是 借款 不行 病 不,公司 给 工作 员工 你 借款 来 钱 不
S003792_P0000_T00,我们 走 安全 不 老师 担心 每天 保护 送,我们 走 安全 不 老师 担心 每天 保护,我们 走 安全 不 老师 担心 每天 保护 送,我们 走 安全 不 老师 担心 每天 保护 送,我们 身体 不 担心 每天 保护,我们 走 安全 不 老师 担心 每天 保护 送
S003792_P0001_T00,我们 走 安全 不 老师 担心 每天 保护 送,我们 走 安全 不 老师 担心 每天 保护 送,我们 走 身体 不 老师 担心 每天 保护 送,我们 走 身体 不 老师 担心 每天 保护 送,我们 走 身体 不 老师 他 每天 保护 送,我们 走 安全 不 老师 担心 每天 保护 送
S003804_P0001_T00,以前 人 看 到 星星 他们 担心 会 爆炸,以前 人 看 星星 他们 担心 会 事故,以前 人 看 他们 担心 会 爆炸,以前 人 看 他们 担心 会 爆炸,以前 人 喜欢 他们 担心 会 发生,以前 人 看 不知道 他们 担心 会 爆炸
S003813_P0001_T00,利用 他 星星 来 导航,用 他 警察 来 导航,用 这 警察 来 导航,用 这 天 来 导航,用 拿 天 车 导航,这 警察 来 导航
S003813_P0002_T00,利用 他 星星 来 导航,用 他 医生 来 导航,用 这 医生 来 导航,用 这 医生 来 导航,用 指 脸 可以 带,用 这 医生 来 导航
S003821_P0001_T00,每 电 表 这 限制 人 5 登记,每 周 什么 秒 这 限制 人 多少 登记,每 什么 秒 这 人 多少 登记,每 1 什么 这 限制 人 多 登记,每 什么 做 这 人 意见,每 1 秒 这 人 登记
S003826_P0000_T00,登记 必须 写 表格,签名 必须 写 表格,签名 必须 写 表格,签名 必须 写 表格,签名 必须 写 表格,签名 必须 写 表格
S003826_P0001_T00,登记 必须 写 表格,报名 必须 写 表格,癌 必须 写 表格,癌 必须 写 表格,写 必须 写 纸,癌 必须 写 表格
S003831_P0000_T00,早 定居 这 生活 人 苦 吃 东西 不,早 定居 这 生活 人 苦 东西 经常 吃 满足 不,早 定居 这 生活 人 苦 东西 经常 吃 满足 不,早 定居 这 生活 人 苦 东西 经常 吃 满足 不,早 这 生活 人 苦 东西 喝 不,早 定居 这 生活 人 苦 东西 经常 吃 不够 不
S003831_P0002_T00,早 定居 这 生活 人 苦 吃 东西 不,早 定居 生活 人 东西 经常 满足 不,早 定居 生活 人 东西 经常 小 满足 不,早 定居 生活 人 东西 经常 钱 满足 不,他 每天 生活 人 东西 小 没有,早 定居 生活 人 东西 经常 吃 满足 不
S003842_P0000_T00,堵车 这 时间 久 什么 方法 你 认为 方法 好,堵车 时间 长 什么 方法 你 认为 方法 好,堵车 时间 长 什么 方法 你 认为 方法 好,堵车 时间 长 什么 方法 你 认为 方法 好,堵车 时间 长 远 方法 好,堵车 这 时间 长 什么 方法 认为 方法 好
S003850_P0001_T00,请 保持 安静,他 一直 安静,一直 安静,一直 安静,一直 安静,你 一直 安静
S003860_P0000_T00,这 路 多 安静 人 呼吸 声音 听 可以,这 路 多 安静 人 呼吸 声音 听,这 路 多 安静 人 呼吸 声音 听 可以,这 路 多 安静 人 呼吸 声音 听 可以,路 年轻 人 呼吸 声音 可以,这 路 多 安静 人 呼吸 声音 听 可以
S003860_P0002_T00,这 路 多 安静 人 呼吸 声音 听 可以,这 路 多 安静 人 呼吸 声音 听 可以,这 河 安静 人 呼吸 听,这 裙子 安静 人 气 听 可以,小 河 人 声音,这 娃娃 安静 气 听
S003880_P0002_T00,对不起 这 吃 不 饱 还 给 1,对不起 你 吃 不 饱 给 1,对不起 你 不 饱 给 1,对不起 你 吃 不 饱 还 给 1,对不起 你 不 饱 给 你,对不起 这 吃 不 饱 还 给 1
S003886_P0000_T00,年龄 到 他 孩子 必须 去 读书 接受 年 9 教,年龄 到 这 孩子 决定 去 读书 毕业 接受 年 1 教,过节 到 他 孩子 必须 去 读书 接受 年 1 教,过节 到 他 孩子 必须 去 读书 接受 年 1 教,祝福 你 自己 孩子 必须 不行 读书 毕业 接受 年 教,过节 他 孩子 必须 读书 接受 年 9 教
S003886_P0002_T00,年龄 到 他 孩子 必须 去 读书 接受 年 9 教,年龄 到 好了 他 孩子 必须 去 读书 接受 年 1 教,年龄 到 好了 他 孩子 必须 去 读书 接受 年 1 教,年龄 到 好了 他 孩子 必须 去 读书 接受 年 教,年龄 孩子 他 孩子 必须 读书 接受 年 教,年龄 到 好了 他 孩子 必须 去 读书 接受 年 教
S003894_P0002_T00,红 灯 停止 绿 灯 走 人 人 必须 遵守,小 红 灯 停止 走 人 必须 按照 遵守,红 灯 停止 下雨 走 人 必须 遵守,红 灯 停止 走 人 必须 按照,6 房子 读书 是 人 必须 按照,要 灯 停止 车 下雨 走 人 必须 遵守
S003896_P0001_T00,我 今天 考试 没有 好 为什么 是 不够 复习 还是 不够 认真,我 今天 考试 没有 好 为什么 是 不够 复习 还是 是 不够 帮助,我 今天 考试 没有 好 为什么 是 不够 复习 还是 不够 帮助,我 今天 考试 没有 好 为什么 是 不够 复习 还是 不够 帮助,我 今天 考试 没有 为什么 不够 复习 肯德基 要 帮助,我 今天 考试 没有 好 清楚 什么 是 不够 复习 还是 不够 帮助
S003896_P0002_T00,我 今天 考试 没有 好 为什么 是 不够 复习 还是 不够 认真,我 今天 考试 没有 好 年 是 不够 复习 还是 不够 认真,我 今天 考试 没有 好 年 是 不够 复习 还是 不够,我 今天 考试 没有 好 年 是 不够 复习 还是 不够,今天 考试 没有 年 不够 买 还是,我 今天 考试 没有 好 年 是 不够 复习 还 还是 不够
S003903_P0000_T00,别 人 让 你 生气 你 是 自己 修 养 不够,别 人 让 你 生气 你 自己 养 不够,别 人 让 你 生气 你 自己 养 不够,别 人 让 你 生气 你 自己 是 养 不够,别 人 你 难过 你 自己 是 做 没有,别 人 你 生气 你 自己 养 不够
S003903_P0002_T00,别 人 让 你 生气 你 是 自己 修 养 不够,别 人 让 你 生气 自己 是 不够,别 人 让 你 生气 你 自己 变 养 不 不够,别 人 让 你 生气 你 自己 变 养 不 不够,别 人 他 生气 你 自己 如果 做 没有 不,别 人 让 你 生气 你 自己 变 养 不 不够
S003907_P0000_T00,身体 高 差不多 1 米 8,他 身体 高 看 感觉 有,他 身体 高 看 奇怪,他 身体 高 看 奇怪 有,他 身体 高 变化,身体 高 看 奇怪 有
S003907_P0001_T00,身体 高 差不多 1 米 8,身体 会 差不多 奇怪,身体 高 差不多 米,身体 高 差不多 奇怪,身体 走 米 好吃,身体 高 差不多 米
S003911_P0002_T00,楼 高 高 百 米 差不多,楼 高 看,楼 高 差不多,楼 高 差不多,工作 楼 高 像,楼 高 差不多
S003913_P0001_T00,2 人 东西 看 差不多 但是 东西 质量 不同,2 人 东西 看 差不多 但是 东西 性 不同,2 人 东西 看 差不多 但是 东西 质量 不同,2 人 东西 看 差不多 但是 东西 质量 不同,老 人 东西 看 他 没有 但是 东西 你 不同,2 人 东西 看 差不多 但是 东西 质量 不同
S003913_P0002_T00,2 人 东西 看 差不多 但是 东西 质量 不同,2 东西 看 但是 东西 质量 不同,2 东西 看 但是 东西 质量 不同,2 东西 看 但是 东西 质量 不同,2 东西 发现 但是 东西,2 东西 看 但是 东西 质量 不同
S003926_P0002_T00,他 坐 飞机 事故 差点 死 差点,他 在 飞机 事情 发生 差点,他 在 飞机 发生,他 在 发生 到 倒霉,他 在 上 新 发生 拿 不懂,他 在 发生 人 3
S003933_P0002_T00,晚上 他 经常 回忆 过去,晚上 他 经常 回忆 过去,晚上 他 经常 回忆 过去,晚上 他 经常 回忆 过去,晚上 经常 回忆 过去,晚上 他 经常 回忆 过去
S003936_P0001_T00,休息 王 叔叔 经常 到 我 房子 聊天,休息 名字 到 我 房子 聊天,休息 名字 到 我 房子 聊天,休息 名字 到 我 房子 聊天,休息 王 我 房子,休息 名字 经常 到 我 房子 聊天
S003936_P0002_T00,休息 王 叔叔 经常 到 我 房子 聊天,休息 王 原来 到 我 房子 聊天,休息 王 经常 到 我 房子,休息 王 经常 到 我 房子,休息 王 老师 去 到 我 房子 家具,休息 经常 到 我 房子 崇拜
S003944_P0001_T00,处方 单 给 我 我 帮助 你 买 药,处方 单 给 我 帮助 你 买 药,处方 单 给 我 帮助 你 买 药,处方 单 给 我 帮助 你 买 药,处方 单 给 我 帮助 你 买 药,处方 写 单 给 我 帮助 你 买 药
S003947_P0000_T00,电子 处方 今天 医生 多 用 用,电子 处方 今天 医生 多 用,电子 处方 今天 医生 多 用,电子 处方 今天 医生 多 用,电 处方 今天 医生 用,电子 处方 今天 医生 多 用
S003947_P0001_T00,电子 处方 今天 医生 多 用 用,电子 处方 今天 医生 多 用,电子 处方 今天 医生 多 用,万 处方 今天 医生 多 用,他 快 处方 今天 医院 用,万 处方 今天 医生 多 用
S003950_P0000_T00,错误 没关系 要 快 改变,错误 没关系 要 改变,错误 没关系 要 改变,错误 没关系 要 改变,错误 没关系 我 要 你 改变,错误 没关系 要 改变
S003961_P0000_T00,我 希望 你 后 还 一样 错误 不,我 希望 你 后 还 一样 错误 不,我 希望 你 后 还 一样 错误 不,我 希望 你 后 还 一样 错误 不,我 希望 你 还 一样 错误 不,我 希望 你 后 还 一样 错误 不
S003961_P0002_T00,我 希望 你 后 还 一样 错误 不,我 希望 你 后 还 没有 错误 不,我 希望 你 后 还 一样 错误 不,我 希望 你 后 还 什么 错误 不,我 希望 后 一样 错误 不,我 希望 你 后 还是 一样 错误 不
S003962_P0000_T00,这 错误 观点 全部 反对,这 错误 认为 全部 反对,这 错误 认为 全部 反对,这 错误 认为 全部 反对,这 错误 什么 全部 不行,这 错误 全部 反对
S003976_P0001_T00,这 存折 密码 你 知道 不是 本 人 没关系 去 拿 可以,这 存折 像 懂 不是 今天 房子 人 没关系 你 拿 可以,这 存折 7 知道 不是 今天 人 没关系 拿 可以,这 存折 1 知道 不是 今天 人 没关系 拿 可以,这 存折 2 7 穷 不是 今天 人 妈妈 药,这 存折 知道 不是 今天 人 没关系 拿 可以
S003976_P0002_T00,这 存折 密码 你 知道 不是 本 人 没关系 去 拿 可以,这 存折 还 你 懂 不是 人 直 去 拿 可以,这 存折 没有 你 懂 不是 人 喜欢 去 拿 可以,这 存折 你 懂 不是 人 去 拿 可以,这 存折 没有 你 不是 人 喜欢 你 可以,这 存折 你 懂 不是 人 去 拿 可以
S003985_P0000_T00,你 要 准备 好 最 坏 打算,你 要 准备 最 不行 算 打算,你 要 准备 最 坏 算 打算,你 要 准备 最 坏 算 打算,你 准备 有 什么 打算,你 要 准备 最 坏 算
S003985_P0002_T00,你 要 准备 好 最 坏 打算,你 要 准备 最 打算,你 要 准备 最 好 打算,你 要 准备 最 打算,老师 要 准备 最 好 打算,这 要 准备 最 时间 打算
S003987_P0001_T00,明天 他 生日 你 打算 给 他 什么 东西,明天 生日 打算 让 你 什么 东西,明天 生日 打算 算 什么 东西,明天 生日 打算 算 什么 东西,明天 生日 打算 算 大概 没有 什么 东西,明天 生日 你 打算 算 什么 东西
S003997_P0000_T00,我 爸爸 以前 考 大学 差点 进,爸爸 过去 考 大学 差点 进,爸爸 过去 考 大学 差点 进,爸爸 过去 考 大学 差点 进,早 以前 进 考 大学 想 后悔,爸爸 过去 考 大学 差点 进
S003997_P0002_T00,我 爸爸 以前 考 大学 差点 进,爸爸 刚才 进 大学 进,爸爸 刚才 考 大学 进,爸爸 刚才 考 大学 进,爸爸 进 大学 年 美丽,爸爸 刚才 考 有 差点 进
S003998_P0000_T00,他 著名 大学 毕业,他 著名 大学 毕业,他 著名 大学 毕业,他 著名 大学 毕业,他 大学 毕业,他 著名 大学 毕业
S004009_P0001_T00,我 看 有 人 救 成功 担架,我 看 有 人 救 成功 担架,我 看 有 人 救 成功 担架,我 看 有 人 救 成功 担架,我 看 有 人 救 成功,我 看 有 人 准确 成功 担架
S004018_P0000_T00,生活 锻炼 他 孩子 变 成熟,生活 锻炼 他 孩子 变 成熟,生活 锻炼 他 孩子 变 成熟,生活 锻炼 他 孩子 变 成熟,生活 这 变 成熟 好,生活 锻炼 他 孩子 变 成熟
S004029_P0001_T00,青春 期 是 身体 成熟 时间 期,青春 看 身体 成熟 时间 期,年轻 青春 是 身体 成熟 时间 期,青春 是 身体 成熟 时间 期,青春 期 是 安全 成熟 好 时间 期,年轻 青春 你 是 身体 成熟 时间 期
S004029_P0002_T00,青春 期 是 身体 成熟 时间 期,青春 成熟 时间 期,青春 期 安全 成熟 时间 期,青春 期 安全 成熟 时间 期,青春 期 成熟 时间 期,青春 期 安全 成熟 时间 期
S004032_P0001_T00,重点 老师 重复 说,重要 老师 重复 说,重要 老师 重复 说,重要 老师 重复 说,必须 要 重复 多,重 老师 重复 说
S004036_P0001_T00,问题 我 重复 他 懂,这 我 重复 懂,课 我 重复 想 懂,这 我 重复 想 懂,等 我 重复 想 懂,课 我 重复 想 懂
S004036_P0002_T00,问题 我 重复 他 懂,问题 我 重复 你 懂,问题 我 重复 你 懂,问题 我 重复 你 懂,晚上 我 重复 知道,问题 我 重复 你 懂
S004037_P0000_T00,看 我 不相信 我 还 重复,我 不相信 我 还 重复,我 不相信 我 还 重复,我 不相信 我 还 重复,我 微信 我 重复,你 我 机会 我 还 重复
S004037_P0002_T00,看 我 不相信 我 还 重复,我 不相信 我 不喜欢 重复,我 不相信 我 不喜欢 重复,我 不相信 我 不喜欢 重复,我 不相信 不 重复,我 还 重复
S004040_P0002_T00,想 写 好 文章 用 词语 最 好 重复 不,想 写 文章 用 字 最 好 重复 不,想 写 文章 用 最 好 重复 不,想 写 文章 用 条件 最 好 重复 不,写 用 最 重复,写 文章 用 条件 最 重复 不
S004043_P0000_T00,有 能力 人 重复 会 找 有趣 生活,有 一些 人 重复 会 找 强调 生活 日子,有 一些 人 重复 会 找 生活,有 一些 人 重复 会 找 生活,有 一些 人 重复 会 生活,有 一些 人 重复 会 找 生活
S004043_P0001_T00,有 能力 人 重复 会 找 有趣 生活,有 一些 人 会 找 有趣 生活,有 人 重复 会 找 生活,有 人 重复 会 找 生活,要 人 重复 忘记 别 生活,有 人 重复 会 找 有趣 生活
S004044_P0001_T00,他 把 自己 装 聪明,他 把 自己 打扮 聪明,他 把 自己 打扮 聪明,他 把 自己 打扮 聪明,他 把 自己 打扮 聪明,他 把 自己 打扮 聪明
S004052_P0000_T00,他们 好 好 好 他 聪明 老实 好,他 称赞 他 聪明 老实 好,他们 称赞 他 聪明 老实 好,他们 称赞 他 聪明 老实 好,他 称赞 老实,他们 紧张 聪明 老实
S004053_P0000_T00,多 人 聪明 股票 失败,多 人 聪明 股票 失败,多 人 聪明 股票 失败,多 人 聪明 股票 失败,多 人 聪明 股票 失败,多 人 聪明 股票 失败
S004053_P0001_T00,多 人 聪明 股票 失败,有 人 聪明 股票 失败,有 人 聪明 股票 担架,有 人 聪明 股票 失败,有 人 聪明 鼓励,有 人 聪明 股票 担架
S004060_P0000_T00,他们 对 他 大概 礼貌,你们 对 大概 礼貌,你们 对 这 大概 礼貌,你们 对 这 大概 礼貌,你们 对 这 他 谦虚 礼貌,你们 对 他 礼貌
S004060_P0002_T00,他们 对 他 大概 礼貌,他们 你们 对 人 大概 礼貌,他们 对 大概 礼貌,他们 对 大概 礼貌,他 对 大概 礼貌,他们 对 他 大概 礼貌
S004062_P0001_T00,我 大概 1 个月 下 还 来,我 大概 1 下 快 来,我 大概 1 个月 下 还 来,我 大概 想 个月 下 还 来,我 大概 想 简单 以前 能力,我 大概 个月 还 来
S004062_P0002_T00,我 大概 1 个月 下 还 来,我 大概 1 月 1 下 还 来,我 大概 1 月 下 还 来,我 大概 月 每 下 还 来,我 大概 1 个月,我 大概 月 下 还 来
S004079_P0002_T00,知道 他们 骗 我 但是 我 原谅,知道 他们 骗 我 但是 我 吃 原谅,知道 他们 骗 我 但是 我 原谅,知道 他们 骗 我 但是 我 原谅,你 哥哥 做 但是 有,知道 他们 骗 但是 我
S004089_P0000_T00,我 当面 这 说谎,当面 你 说 说谎,当面 说 说谎,当面 说 我,当面 说 说谎,当面 说 吃
S004091_P0000_T00,我 要 自己 当面 感谢 这 好 心 人,我 自己 当面 感谢 这 好 人,我 自己 当面 感谢 这 好 人,我 自己 当面 感谢 这 好 人,有 自己 当面 感谢 好 人,我 自己 当面 好 心 人
S004091_P0002_T00,我 要 自己 当面 感谢 这 好 心 人,我 自己 当面 称赞 他 心 人,我 自己 当面 感谢 心 人,我 自己 当面 感谢 心 人,我 自己 大 感谢 坏 人,我 自己 当面 感谢 心
S004097_P0000_T00,有 话 当面 最 好 背后 不,说 来往 最 好 不,说 最 好 不,说 最 好 不,他 说 最 好 算 不,说 最 好 背后 不
S004098_P0000_T00,今天 出门 手机 忘记 倒霉,今天 手机 忘记 倒霉,今天 我 手机 忘记 倒霉,今天 去 手机 忘记 倒霉,路 我 手机 忘记 倒霉,今天 去 电话 忘记 倒霉
S004098_P0002_T00,今天 出门 手机 忘记 倒霉,要 走 手机 忘记 倒霉,要 去 手机 去 忘记,要 去 手机 去 忘记 倒霉,这 去 我 去 忘记,要 去 忘记
S004099_P0000_T00,我 最近 倒霉,我 最近 倒霉,我 刚才 倒霉,我 刚才 倒霉,我 困,我 刚才 倒霉
S004103_P0001_T00,倒霉 快 破 记录,倒霉 快 破 纪律,倒霉 快 破 纪律,倒霉 快 破 记录,你 倒霉 快 破坏 教训,倒霉 快 破 纪律
S004133_P0001_T00,除了 手语 和 聋 人 交流 还有 可以 用 身体 交流,除了 手语 和 聋 交流 可以 身体 交流,除了 手语 和 聋 交流 可以 身体 交流,除了 手语 和 聋 交流 可以 身体 交流,除了 手语 和 交流 可以 大家 交流,除了 租 和 聋 交流 可以 身体 交流
S004133_P0002_T00,除了 手语 和 聋 人 交流 还有 可以 用 身体 交流,手语 和 坏 交流 还有 可以 我 身体 交流,手语 和 交流 还有 可以 我 身体 交流,手语 和 交流 还 可以 身体 交流,根据 手语 和 交流 还是 我 包 交流,手语 交流 还有 可以 身体
S004139_P0001_T00,不 吃饭 自然 会 饿,不 吃 自然 会 饿,不 吃 自然 会 饿,不 吃 自然 会 饿,钱 自然 会 饿,不 吃 自然 会 饿
S004139_P0002_T00,不 吃饭 自然 会 饿,不 吃 自然 会,不 吃 自然 会,不 吃 自然 会,不 吃 自然 会,不 吃 自然 会
S004149_P0000_T00,根据 你 条件 可以 申请 经济 房子,根据 你 题目 可以 申请 养 房子,根据 你 题目 可以 申请 经济 房子,根据 你 题目 可以 申请 经济 房子,根据 你 题目 是 申请 经济 房子,根据 你 题目 可以 申请 经济 房子
S004159_P0001_T00,妹妹 多 贪 吃 还 抱怨 自己 胖,妹妹 说 抱怨 自己 胖,妹妹 说 抱怨 自己 胖,妹妹 说 抱怨 自己 胖,妹妹 奶奶 吃 抱怨 胖,妹妹 说 抱怨 胖
S004161_P0000_T00,朋友 抱怨 他 妈妈 唠叨,朋友 抱怨 他 妈妈 说 吃不消,朋友 抱怨 他 说 多,朋友 抱怨 他 说 唠叨,朋友 抱怨 他 说 多,朋友 抱怨 他 说 唠叨
S004161_P0002_T00,朋友 抱怨 他 妈妈 唠叨,朋友 抱怨 他 妈妈 说 唠叨,朋友 抱怨 他 妈妈 说 吃不消,朋友 抱怨 他 妈妈 说 吃不消,朋友 自己 说,朋友 抱怨 他 妈妈 说 口
S004172_P0000_T00,1 点 水 我 联想 到 大 海 大,1 点 水 我 感觉 联想 到 海,1 点 没有 我 感觉 联想 到 海 鸟,1 点 水 我 感觉 联想 到 海 鸟 飞,1 点 没有 我 联想 牛 海 飞,1 人 没有 我 想 联想 到 鸟
S004175_P0000_T00,我 对 未来 发展 事情 联想 到 多,我 对 未来 发展 事情 联想 到 多,我 对 未来 发展 事情 联想 到 多,我 对 发展 事情 联想 到 多,我 对 未来 发展 事情 联想 到 多,我 对 发展 事情 联想 到 多
S004175_P0002_T00,我 对 未来 发展 事情 联想 到 多,我 对 未来 发展 事情 联想 到 多,我 对 未来 发展 事情 联想 到 多,我 对 未来 发展 事情 联想 到 多,我 质量 什么 事情 联想 到,我 对 未来 发展 事情 联想 到 多
S004176_P0001_T00,有 电脑 牌子 叫 联想,有 电脑 节省 1 乱 想,有 电脑 节省 1 乱 想,有 电脑 1 乱 想,多 电脑 节省 喜欢 乱,有 电脑 1 想
S004178_P0001_T00,可爱 孩子 娃娃 让 人 喜欢,可爱 孩子 春天 娃娃 客 人 喜欢,可爱 孩子 春天 娃娃 让 人 喜欢,可爱 孩子 春天 娃娃 让 人 喜欢,可爱 孩子 娃娃 客 人 喜欢,可爱 孩子 娃娃 让 人 喜欢
S004191_P0000_T00,生活 好 活 好 是 福气 要 珍惜,生活 好 活动 好 是 福气 珍惜,生活 好 活动 好 是 福气 要 珍惜,生活 好 动 好 是 福气 要 珍惜,生活 还 动作 好 是 福气 要 珍惜,生活 好 活动 好 是 福气 要 珍惜
S004191_P0002_T00,生活 好 活 好 是 福气 要 珍惜,生活 好 活动 好 是 福气 要 珍惜,生活 好 活动 好 是 福气 要 珍惜,生活 好 活动 好 是 福气 要 珍惜,生活 改变 运动 力量 是 福气 要 带 珍惜,生活 好 是 福气 要 珍惜
S004194_P0001_T00,脸 美丽 是 运气 脸 不 美丽 是 福气,脸 是 美丽 脸 不 是 幸福,脸 是 美丽 脸 不 美丽 是 幸福,脸 是 美丽 脸 不 美丽 是 幸福,美丽 吃 你 脸 没有 好 富贵,脸 美丽 是 美丽 脸 美丽 是 幸福
S004197_P0000_T00,没 福气 人 好 吃 没有 理想 人 好 睡觉,自然 福气 人 吃 没有 理想 人 睡觉,没有 福气 人 吃 没有 理想 人 睡觉,没有 福气 人 吃 没有 理想 人 睡觉,没有 福气 人 有 理想 人 多 睡觉,福气 人 好 没有 理想 人 睡觉
S004204_P0003_T00,驾驶 看 前 车 要 注意 驾驶,驾驶 看 前 车 要 注意 驾驶,驾驶 看 车 要 注意 跑,驾驶 看 车 要 注意 跑,驾驶 看 要 注意 跑,驾驶 看 车 要 注意 跑
S004216_P0000_T00,你们 喜欢 看 弹幕,你们 喜欢 看 弹幕,你们 喜欢 看 弹幕,你们 喜欢 看 弹幕,字幕 气 弹幕 模糊,你们 喜欢 看 弹幕
S004228_P0000_T00,今天 我 生病 领导 亲切 关心 我 问 我 好 不好,今天 生病 领导 关心 我 问 我 不好,今天 生病 领导 关心 我 问 我 好 不好,今天 生病 领导 关心 我 问 我 不好,今天 生病 警察 关心 如果 我 看,今天 我 病 领导 亲切 我 问 我 好 不好
S004228_P0007_T00,今天 我 生病 领导 亲切 关心 我 问 我 好 不好,今天 生病 领导 亲切 关注 我 问,今天 生病 领导 亲切 关心 我 问,今天 生病 领导 亲切 关注 我 问 死,今天 生病 记得 亲切 关心 问 音乐,今天 我 生病 领导 亲切 关心 我 问
S004234_P0000_T00,班级 主 任务 王 老师 仔细 问 问 指导 教 亲切 好 让 我 记得 一直,班级 员工 王 老师 仔细 不 导航 教 亲切 好 让 我 记得,班级 员工 王 老师 仔细 问 导航 教 亲切 好 让 我 教训,班级 员工 王 老师 仔细 问 导致 教 亲切 好 让 我 记得,班级 员工 王 老师 仔细 像 限制 教 亲切 让 骄傲,班级 员工 王 老师 仔细 问 导航 教 亲切 好 让 我 教训
S004235_P0003_T00,今天 晚上 主 人 热情 大 方 让 我们 感觉 像 去 房子 一样 亲切,今天 晚上 人 温暖 让 我们 想 认为 去 房子 一样 亲切,今天 晚上 主 人 积极 大 让 我们 感觉 像 去 房子 一样 亲切,今天 晚上 主 人 积极 大 让 我们 感觉 像 去 房子 一样 亲切,今天 我 到 好 人 积极 让 我们 感觉 像 回 房子 亲切,今天 晚上 主 人 积极 大 让 我们 感觉 看 去 房子 一样 亲切
S004236_P0003_T00,课 时间 老师 一直 温暖 眼睛 光 看 让 我们 感觉 亲切,课 时间 老师 一直 热情 看 一样 我 感觉 亲切,课 时间 老师 一直 热情 看 让 我 感觉 亲切,课 时间 老师 一直 估计 看 让 我 感觉 亲切,他 时间 一直 热情 看 让 我 感觉 亲切,课 时间 老师 一直 急 看 让 我们 感觉 亲切
S004236_P0007_T00,课 时间 老师 一直 温暖 眼睛 光 看 让 我们 感觉 亲切,男 课 时间 老师 一直 眼睛 看 让 我 感觉 亲切,男 课 时间 老师 一直 眼睛 看 让 我 感觉 亲切,男 课 时间 老师 一直 暖 眼睛 看 让 我 感觉 亲切,课 时间 好 坚持 温暖 让 我 感觉 亲切,男 课 时间 老师 一直 急 眼睛 看 让 我 感觉 亲切
S004237_P0003_T00,他 说 里 祝福 温暖 亲切,他 说 全部 是 温暖 要求 亲切,他 说 全部 是 温暖 要求 亲切,他 说 全部 是 温暖 要求 亲切,他 说 全部 有 温暖 祝福 亲切,他 说 里 全部 是 温暖 祝福 亲切
S004237_P0007_T00,他 说 里 祝福 温暖 亲切,他 说 要 祝福 暖 亲切,他 说 要 要求 暖 亲切,他 说 要求 暖 亲切,他 说 祝福 暖 亲切,他 说 年龄 温暖 亲切
S004238_P0003_T00,笑 是 1 无 声音 亲切 语言 是 朋友 对 你 样子,微笑 是 朋友 对 情况,笑 是 朋友 对 情况,笑 是 朋友 对 情况,有 吃 是 3 朋友 对 这 情况,微笑 是 朋友 对 样子
S004242_P0003_T00,我 感觉 这 跳舞 项目 不 适合 我,我 感觉 想 你 跳舞 题目 不 适合 我,我 感觉 到 跳舞 题目 不 合适 我,我 感觉 你 跳舞 题目 不 合适 我,我 感觉 到 跳舞 题目 不 合适 好,我 感觉 到 跳舞 题目 不 合适 我
S004242_P0007_T00,我 感觉 这 跳舞 项目 不 适合 我,我 感觉 这 跳舞 条件 不 合适 我,我 感觉 这 跳舞 题目 不 合适 我,我 感觉 这 跳舞 题目 不 合适 我,我 感觉 是 跳舞 题目 不 后悔,我 感觉 这 跳舞 不 适合 我
S004263_P0000_T00,人 成功 什么 来 知识 或者 天 赋 或者 努力 得到,成功 来 聪明 或者 好 想 或者 努力 得 好,成功 来 聪明 或者 赋 或者 努力 得 好,人 成功 来 聪明 或者 赋 或者 努力 得,人 成功 不行 感冒 或者 改变 不行 或者 以前 得,成功 来 危险 什么 天 赋 或者 努力 得 好
S004263_P0003_T00,人 成功 什么 来 知识 或者 天 赋 或者 努力 得到,人 成功 知识 天 赋 努力,人 成功 得 知识 天 赋 努力,人 成功 得 男 知识 天 赋 努力,人 成功 变 知识 天 赋 努力,人 成功 得 人 知识 天 赋 努力
S004264_P0003_T00,不管 你 生 自然 聪明 不 满足 不 不管 自己 天 赋 要 跟 天 赋 发展 你 会 变 成功,不管 你 生 自然 不 满足 不 不管 天 赋 要 自己 追 发展 你 会 得,不管 你 生 自然 牛 不 满足 不 不管 天 赋 要 跟 发展 你 会 得,不管 你 生 自然 聪明 不 满足 不 不管 天 赋 要 自己 跟 发展 你 会 得,不管 你 生 自然 牛 满足 充分 不 天 赋 他 追求 发展 你 会 得,不管 你 生 自然 声音 不 满意 不 不管 知道 赋 要 跟 感觉 发展 会 得
S004273_P0003_T00,事情 证明 好了 不同意 你 否认,事情 身份证 好了 问题 你 否认,事情 读 好了 问题 你 否认,事情 读 好了 问题 你 否认,事情 读 好了 1 天 什么 否认,事情 证明 好了 终于 否认
S004273_P0007_T00,事情 证明 好了 不同意 你 否认,事情 证明 好了 不同意 这 否认,事情 证明 好了 不同意 否认,事情 证明 好了 不同意 否认,事情 好了 说 走 不懂,事情 证明 好了 不同意 否认
S004274_P0007_T00,事情 什么 证明 全部 根据 有 好了 他 又 否认 硬,事情 什么 证明 全部 准备 好了 他 又 否认 他 自己 做 不好,事情 什么 证明 全部 准备 好了 他 他们 否认 他 自己 做 不好,事情 什么 证明 全部 根据 好了 他 他们 否认 他 自己 做 不好,事情 是 证明 全部 准备 好了 他 他们 否认 他 做 不好,事情 什么 证明 全部 根据 今天 他 他们 否认 他 自己 做 不好
S004277_P0003_T00,今天 中国 国 民 富贵 强 连 敌人 不行 否认 这 1 点,今天 中国 人 富贵 强 这 敌人 人 不行,今天 中国 人 富贵 强 这 敌人 人 否认 不行,今天 中国 人 富贵 强 这 敌人 人 否认 不行,今天 中国 人 富贵 强 敌人 想 感觉 不行,今天 中国 富贵 强 这 人 否认 不行
S004284_P0003_T00,玩 高兴 园 惊吓 鬼 房子 里 鬼 连,兴奋 圈 房子 里 连,兴奋 圈 房子 里,兴奋 圈 房子 里 或者,兴奋 大家 房子 里 雪,快乐 圆 房子 里 坏
S004284_P0007_T00,玩 高兴 园 惊吓 鬼 房子 里 鬼 连,快乐 玩 环境 惊吓 房子 里 联系,快乐 环境 惊吓 房子 里 联系,快乐 环境 惊吓 房子 里 联系,快乐 好了 环境 惊吓 房子 里,快乐 环境 惊吓 房子 里 联系
S004305_P0000_T00,女 人 听 懂 不 冷场,女 人 听 不懂 不 冷场,女 人 听 感觉 不 冷场,女 人 听 黑 不 冷场,老 人 看 感觉 不 冷场,女 人 听 黑 不 冷场
S004305_P0008_T00,女 人 听 懂 不 冷场,女 人 听 懂 知道 不 冷场,女 人 听 懂 不 冷场,女 人 听 懂 不 冷场,女 人 听 懂 不 冷场,女 人 听 懂 不 冷场
S004311_P0000_T00,我 多 难 来往 所以 你 不 诱惑 我 生气 不,我 多 难 来往 所以 你 不 说 我 生气 不,我 多 难 来往 所以 你 不 说 我 生气 不,我 多 难 来往 所以 你 不 说 我 生气 不,我 多 难 来往 所以 你 不 只,我 多 难 来往 所以 你 不 严肃 我 生气 不
S004314_P0003_T00,朋友 之间 来往 方便 多,朋友 来往 方便 多,朋友 来往 方便 多,朋友 来往 方便 多,朋友 来往 不行 多,朋友 来往 方便 多
S004314_P0008_T00,朋友 之间 来往 方便 多,朋友 来往 方便 多,朋友 来往 方便 多,朋友 来往 方便 多,朋友 去 处理 要 1,朋友 来 去 方便 多
S004320_P0008_T00,学生 们 要 团结 友谊 来往 好,学生 们 团 友谊 来往 好,学生 们 团 友谊 来往 好,学生 们 团结 友谊 来往 好,学生 们 团 友谊 来往 好,学生 们 上海 友谊 来往 好
S004324_P0000_T00,学校 不是 缩 逃 地方 学校 是 出 出 人 才 地方,学校 不是 地方 发生 人 才,学校 不是 摸鱼 地方 发生 人 才,学校 不是 摸鱼 地方 发生 人 才,学校 在 摸鱼 地方 出现 别 人 多,学校 在 地方 什么 人 多
S004324_P0008_T00,学校 不是 缩 逃 地方 学校 是 出 出 人 才 地方,学校 不是 地方 方式 是 发生 人 想,学校 不是 摸鱼 地方 是 发生 人 想,学校 不是 摸鱼 地方 是 人 想,学校 不同 地方 出 人 想,学校 不是 摸鱼 地方 是 人 想
S004338_P0008_T00,你 偶 像 是 谁,你 偶 像 是 谁,你 偶 像 是 谁,你 偶 像 是 谁,你 偶 像 是 谁,你 偶 像 是 谁
S004343_P0000_T00,我 偶 像 是 谁 你 猜 猜 猜,我 偶 像 是 谁 你 欺负,我 偶 像 是 谁 你 欺负,我 偶 像 是 谁 你 欺负,我 人 气 谁 欺负,我 偶 是 谁 你 欺负
S004343_P0003_T00,我 偶 像 是 谁 你 猜 猜 猜,我 偶 像 是 谁 你 欺负,我 偶 像 是 谁 你,我 偶 像 是 谁 你,我 偶 人 像 谁 这 参加,我 偶 像 是 谁 你
S004350_P0008_T00,为 这 我 多 崇拜 他,为 这 我 多 崇拜 他,为 这 我 多 崇拜 他,为 这 我 多 崇拜 他,为 这 我 多 崇拜 他,为 这 我 多 崇拜 他
S004366_P0003_T00,我 可以 吃 不 代表 我 是 吃 货 可以 说 我 好 养,我 可以 吃 不 代表 我 是 吃 货 可以 说 我,我 可以 吃 代表 我 吃 货 可以 说 我 养,我 可以 吃 不 代表 我 吃 货 可以 说 我 养,我 吃 什么 为 我 吃 货 孩子 说 我 养,我 可以 吃 代替 我 是 吃 货 可以 说 我
S004372_P0000_T00,嫌弃 干 什么 他 有 这 本领 好,嫌弃 干 什么 他 有 本领 好,嫌弃 干 什么 他 有 本领 好,嫌弃 干 什么 他 有 本领 好,嫌弃 干 什么 看 本领,嫌弃 什么 他 有 本领 好
S004372_P0003_T00,嫌弃 干 什么 他 有 这 本领 好,我 嫌弃 干 什么 他 有 本领 好,我 嫌弃 干 什么 他 有 本领 好,我 嫌弃 干 什么 他 有 本领 好,我 嫌弃 干 他 有 本领 好,我 嫌弃 什么 他 有 本领 好
S004386_P0003_T00,多 嫌弃 你 我们 分手,多 嫌弃 这 我们 没办法,多 嫌弃 这 我们 没办法,多 嫌弃 这 我们 分手,他 不 嫌弃 一样 我们 破,多 嫌弃 我们 没有
S004389_P0003_T00,心 如果 可以 装 不 满 和 委屈 什么 还 有 什么 痛 和 伤 害,心 如果 沉迷 不够 和 委屈 有 什么 谁 痛 和 伤害,心 如果 插 不够 和 委屈 还 什么 谁 痛 和 伤害,心 如果 插 不够 和 委屈 还 什么 谁 痛 和 伤害,心 吃 饱 和 委屈 还 什么 谁 和,心 如果 插 不够 和 委屈 还 什么 谁 痛 和 伤害
S004389_P0008_T00,心 如果 可以 装 不 满 和 委屈 什么 还 有 什么 痛 和 伤 害,心 如果 可以 插 反 和 只好 还 什么 痛 和 欺负,心 如果 可以 插 不 和 委屈 还 什么 吃 痛 和 欺负,心 如果 可以 插 不 和 委屈 还 怎么 痛 和 欺负,心 爸爸 可以 字典 不 和 委屈 还 什么 吃 和 欺负,心 如果 可以 插 不 和 委屈 还 什么 谁 痛 和 欺负
S004399_P0008_T00,忘记 恨 人 肯定 忘记 谢谢 记得 谢谢 人 肯定 会 记仇,晚上 坏 人 肯定 会 忘记 好 记得 好 肯定 会 记仇,忘记 人 肯定 会 忘记 好 记得 肯定 会 记仇,忘记 坏 人 肯定 会 忘记 好 记得 好 肯定 会 记仇,晚上 人 必须 会 晚上 到 记得 到 应该 会 记仇,忘记 后 人 肯定 会 忘记 好 记得 他 肯定 会 记仇
S004413_P0000_T00,每 职业 全部 应该 尊重,职业 全部 应该 尊重,职业 全部 应该 尊重,职业 全部 应该 尊重,职业 全部 应该 尊重,他 职业 全部 应该 尊重
S004414_P0000_T00,他 对 碰 人 人 全部 多 尊重,他 对 遇到 人 全部 多 尊重,他 对 碰 人 全部 多 尊重,他 对 碰 人 全部 多 尊重,他 对 碰 坏 人 全部 尊重,他 对 这 人 全部 多 尊重
S004414_P0008_T00,他 对 碰 人 人 全部 多 尊重,他 对 碰 人 全部 多 尊重,他 对 碰 人 全部 多 尊重,他 对 碰 人 全部 多 尊重,他 对 碰 尊重 人 全部 有 尊重,他 对 碰 人 全部 多 尊重
S004419_P0003_T00,要 尊重 客 看 规律,要 尊重 让 看,要 尊重 让 问,要 尊重 让,要 让 问 取消,要 尊重 让 问 修
S004419_P0008_T00,要 尊重 客 看 规律,要 尊重 让 找,要 尊重 让 找,要 尊重 让 找,要 尊重 让 找,要 尊重 客 找 法律
S004442_P0008_T00,他 第一 次 作弊 紧张 结果 被 老师 发现,他 因为 次 作弊 紧张 人 结果 老师 发现,他 因为 次 作弊 紧张 结果 老师 发现,他 第一 次 作弊 紧张 结果 被 老师 发现,他 因为 作弊 手机 紧张 结果 老师 吃,他 第一 次 作弊 紧张 最后 结果 员工 老师 同意
S004449_P0003_T00,他 做 品 里 付出 他 血,他 做 品 付出 血,他 做 品 人 付出 血,他 做 品 里 付出 血,他 做 品 付出 节省,他 做 品 人 付出 血
S004450_P0000_T00,你 做 品 缺少 创 新 不够 感动 人,你 做 品 缺少 创 新 不够 感动 人,你 做 品 缺少 新 不够 感动 人,你 做 品 缺少 创 新 不够 感动 人,你 做 品 缺少 知道 感动 人,你 做 作品 缺少 新 不够 感动 人
S004450_P0008_T00,你 做 品 缺少 创 新 不够 感动 人,你 做 品 缺少 发明 新 不够 人,你 做 品 缺少 发明 新 不够 人,你 做 品 缺少 发明 新 不够 人,你 做 品 最 不会 新 我 人,你 做 品 缺少 发明 新 不够 精彩 恶心 人
S004452_P0003_T00,他 做 品 多 但是 精 品 少,他 做 品 多 但是 好 做 品 小,他 做 品 多 但是 好 做 品 小,他 做 品 多 但是 好 做 品 小,他 做 品 多 但是 一直 做 品 到,他 做 品 多 但是 好 做 小
S004459_P0003_T00,他 参加 书 房子 热 活动,他 参加 书 房子 热 活动,他 参加 书 房子 热 活动,他 参加 书 房子 热 活动,姐姐 参加 书 房子 学 要 活动,他 参加 书 房子 热 活动
S004459_P0008_T00,他 参加 书 房子 热 活动,他 参加 会 书 房子 热 活动,他 参加 书 房子 热 活动,他 参加 书 房子 热 活动,他 参加 书 房子 热 活动,他 参加 书 房子 热 活动
S004465_P0003_T00,这 多少 公 司 全部 合作 1 大 组,这 公司 全部 合作 1 组,这 公司 全部 合作 1 组,这 公司 全部 合作 1 组,这 少 公司 全部 一起 合作 1 组,1 公司 全部 合作 组
S004465_P0008_T00,这 多少 公 司 全部 合作 1 大 组,这 公司 全部 合作 1 大 组,这 公司 全部 合作 1 大 组,这 一些 公司 全部 合作 1 大 组,这 字幕 公司 全部 合作 1 大 组,这 钱 公司 全部 合作 1 组
S004478_P0008_T00,1 个 人 知识 有 多 方面 组,1 人 知识 有 多 方 面 组,1 人 知识 有 多 面 组,1 人 知识 有 多 公司 组,1 人 思考 有 多 公司 组,1 人 知识 有 多 公司 组
S004490_P0000_T00,因为 他 坚持 爸爸 妈妈 始终 放弃 阻拦,因为 他 坚持 爸爸 妈妈 始终 放弃 阻拦,因为 他 坚持 爸爸 妈妈 始终 最后 放弃 阻拦,因为 他 坚持 爸爸 妈妈 始终 最后 放弃 阻拦,因为 他 坚持 爸爸 妈妈 始终 最后 放弃 阻拦,因为 他 坚持 爸爸 妈妈 最后 阻拦
S004490_P0003_T00,因为 他 坚持 爸爸 妈妈 始终 放弃 阻拦,因为 他 坚持 爸爸 妈妈 彻底 放弃 阻拦,因为 他 一直 爸爸 妈妈 彻底 放弃 阻拦,因为 他 一直 爸爸 妈妈 始终 彻底 放弃 阻拦,因为 他 一直 爸爸 妈妈 始终 放弃 阻拦,因为 他 一直 爸爸 妈妈 彻底 阻拦
S004491_P0000_T00,人 各种 有 想 你 不 阻拦 他 创 业,人 各种 有 想 你 不 阻拦 发明,人 各种 有 想 你 不 阻拦 他 发明,人 各种 有 想 你 不 阻拦 他 发明,人 各种 多 这 阻拦 高 创业,人 有 你 不 阻拦 他 发明
S004504_P0000_T00,他 对 自己 前 说 进 总结,他 对 自己 以前 说 在 总结,他 对 自己 以前 说 在 总结,他 对 自己 以前 说 在 总结,他 对 这 说 总结,他 对 自己 以前 说 进 总结
S004504_P0008_T00,他 对 自己 前 说 进 总结,他 对 自己 以前 说 出 总结,他 对 自己 以前 说 进 总结,他 对 自己 以前 说 进 总结,他 对 自己 努力 说 在 总结,他 对 自己 以前 说 进 总结
S004513_P0000_T00,我 去 日本 旅游 租 1 自行车,你 日本 旅游 是 1 自行车,日本 旅游 是 自行车,日本 旅游 是 你 自行车,日本 旅游 你 自行车,日本 旅游 是 自行车
S004514_P0003_T00,到 外国 旅游 要 租 1 自由 无线 方便,到 外国 旅游 我 研究 自由 仔细 方便,到 外国 旅游 要 自由 仔细 方便,到 外国 旅游 要 自由 仔细 方便,小 外国 旅游 要 考试 或 无线 方便,到 外国 旅游 要 随便 仔细 方便
S004514_P0008_T00,到 外国 旅游 要 租 1 自由 无线 方便,到 旅游 要 租 随便 大 方便,到 外国 旅游 要 租 随便 大 方便,到 外国 旅游 要 租 随便 大 方便,那 外国 旅游 有 要 租 随便 大 方便,到 外国 旅游 要 租 随便 方便
S004517_P0003_T00,这 租 金 高 所以 租 不行,这 房子 租 高 所以 你 找 不行,这 房子 租 高 但是 看 不行,这 房子 租 高 但是 看 不行,这 房子 租 1 高 但是 他 不行,这 房子 租 高 所以 看 不行
S004522_P0000_T00,他 英语 水 高 看 电影 不 看 字幕,他 英语 水平 高 看 电影 看 字幕,他 英语 水平 高 看 电影 我 看 字幕,他 英语 语言 水平 高 看 电影 我 看 字幕,他 水平 高 电影 我 1 字幕,他 英语 高 看 电影 我 看 字幕
S004522_P0008_T00,他 英语 水 高 看 电影 不 看 字幕,他 等 水平 看 电影 看 字幕 不用,他 等 水平 看 电影 看 字幕 不用,他 等 水平 高 看 电影 看 字幕 不用,他 等 质量 孩子 电影 字幕 不,他 年轻 等 高 看 电影 看 字幕 不用
S004525_P0000_T00,网 上 有 多 外国 翻译 视频 字幕 组,网 上 有 多 外国 翻译 视频 字幕 组,网 上 有 多 外国 翻译 视频 字幕 组,网 上 有 多 外国 翻译 视频 字幕 组,里 上 有 外国 视频 字幕 组,上 有 多 外国 翻译 视频 字幕 组
S004549_P0000_T00,他 自己 照片 和 他 本 人 脸 不 像,他 自己 拍照 和 他 电视 人 脸 像,他 自己 拍照 和 他 电视 人 脸 像,他 自己 拍 和 他 特别 人 脸,他 自己 拍照 拍 和 他 客 人 脸 不好,他 自己 照片 和 他 面 脸 白
S004549_P0008_T00,他 自己 照片 和 他 本 人 脸 不 像,他 自己 拍照 和 本 人 脸 像,他 自己 拍照 和 本 人 脸 像,他 自己 拍照 和 本 人 脸 不,他 自己 拍照 和 书 人 脸 像,他 自己 拍照 和 本 人 脸 不理
S004560_P0008_T00,他 用 自己 拍照 来 做 微信 头 像,他 用 自己 拍照 来 做 微信 睡觉 像,他 用 自己 拍照 来 做 微信 住 像,他 用 自己 拍照 来 做 微信 住 像,他 用 你 拍照 来 做 信,他 用 自己 拍照 来 做 微信 住
S004571_P0000_T00,老师 为 有 这样子 学生 自己 骄傲,老师 为 有 情况 学生 自己 骄傲,老师 为 有 情况 学生 自己 骄傲,老师 为 有 情况 学生 自己 骄傲,妈妈 老师 为 你 这样 学生 吃不消,老师 为 有 情况 学生 自己 骄傲
S004571_P0008_T00,老师 为 有 这样子 学生 自己 骄傲,老师 为 有 这样 学生 自己 骄傲,老师 为 有 这样 学生 自己 骄傲,老师 为 有 这样 学生 自己 骄傲,老师 为 有 情况 学生 骄傲,老师 为 有 情况 学生 自己 骄傲
S004573_P0000_T00,看 祖国 发展 我 民族 自己 骄傲,看 北京 发展 我 人 自己 骄傲,看 祖国 发展 我 人 自己 骄傲,看 祖国 发展 我 人 自己 骄傲,老师 发展 我们 人 多 自己 骄傲,看 祖国 发展 我 自己 骄傲
S004577_P0003_T00,足球 爱好 对 中国 足球 成绩 感觉 自己 卑,足球 爱好 为 中 男 足球 成绩 感觉 到 自己 卑,足球 爱好 为 中 男 养 成绩 感觉 自己 卑,足球 爱好 为 中 男 养 成绩 感觉 自己 卑,酒 爱好 为 养 工作 天 自己 卑,足球 爱好 为 中 男 成绩 感觉 自己 卑
S004577_P0008_T00,足球 爱好 对 中国 足球 成绩 感觉 自己 卑,爱好 对 中国 男 踢足球 成绩 感觉 到 自己 卑,爱好 对 中国 踢足球 成绩 感觉 到 自己 卑,爱好 对 中国 踢足球 成绩 感觉 自己 卑,爱好 对 中国 踢足球 工作 感觉 到 自己 卑,爱好 对 中国 男 成绩 感觉 自己 卑
S004587_P0000_T00,他 通过 努力 战斗 成功 自己 卑 精神,他 通过 自己 战斗 成功 自己 卑 精神 神,他 通过 自己 战斗 成功 自己 卑 精神,他 通过 自己 战 成功 自己 卑 精神,他 通过 自己 战斗 成功 是 自己 情感 精神,他 通过 自己 战斗 成功 自己 卑 精神
S004587_P0003_T00,他 通过 努力 战斗 成功 自己 卑 精神,他 通过 努力 战争 成功 自己 卑 情感,他 通过 努力 战争 成功 自己 情感,他 通过 努力 战争 成功 自己 卑,他 通过 努力 战争 成功 自己 情感,他 通过 努力 战争 成功 自己 卑
S004603_P0003_T00,说 你 为 这 面 试 做 好了 什么 准备,说 你 为 你 面 做 什么 1 准备,说 你 为 这 猫 做 什么 准备,说 你 为 这 猫 做 什么 准备,说 你 为 这 猫 做 不 准备,说 你 为 这 猫 做 什么 1 准备
S004603_P0008_T00,说 你 为 这 面 试 做 好了 什么 准备,说 你 为 这 面 试 做 什么 好了 什么 准备,说 你 为 这 面 做 好了 什么 准备,说 你 为 这 面 试 做 好了 什么 准备,说 你 是 为 是 猫 做 好 还 到 准备,说 你 为 这 面 做 好了 什么 接受 准备
S004605_P0008_T00,他 努力 追求 自己 喜欢 女,他 努力 追求 自己 愿意 女,他 努力 追求 自己 愿意 女,他 努力 追求 自己 愿意 女,他 努力 追求 自己 喜欢 不会,他 努力 追求 自己 愿意 女
S004633_P0003_T00,你 今天 健康 情况 多 好,你 今天 健康 情况 多 好,你 今天 健康 情况 多 好,你 今天 健康 情况 多 好,你 今天 驾驶 情况 多 好,你 今天 健康 情况 多 好
S004636_P0003_T00,你 他 工作 小 卖 买 钱 不 多,你 这 工作 买 给 少,这 工作 给 少,这 工作 给 少,这 工作 在 钱 差不多,这 工作 买 给
S004636_P0008_T00,你 他 工作 小 卖 买 钱 不 多,这 工作 小 钱 少,这 工作 小 买卖 钱,这 他 工作 小 买卖 钱 少,这 骄傲 工作 买卖 钱,这 他 工作 买卖 钱
S004640_P0003_T00,我 赚 钱 不 多 足够,我 赚 钱 不 多 足够,我 赚 钱 不 多 足够,我 赚 钱 不 多 足够,我 赚 钱 多 不,我 赚 钱 不 多 足够
S004640_P0008_T00,我 赚 钱 不 多 足够,我 赚 钱 不 多 足够,我 赚 钱 不 多 足够,我 赚 钱 不 多 足够,我 赚 钱 不 多 足够,我 赚 钱 不 足够
S004643_P0000_T00,上 月 我 公司 干净 赚 1 百 万,上 月 我 公司 干净 赚 1 万,上 个月 我 公司 干净 赚 百 万,上 个月 我 公司 干净 赚 1 万,他们 个月 公司 写 赚 法,万 我 公司 清楚 1 百 万
S004652_P0000_T00,大 公司 花 钱 多 万 买 人 力 管理 系统,大 公司 借款 钱 多少 几 百 买 人 力 管理 系统,大 公司 借款 钱 买 人 力 管理 系统,大 公司 借款 钱 万 买 人 力 管理 系统,公司 原来 钱 旧 买 人 管理 系统,大 公司 花钱 钱 百 万 买 人 力 管理 系统
S004652_P0008_T00,大 公司 花 钱 多 万 买 人 力 管理 系统,大 公司 付 钱 百 万 买 人 管理 系统,大 公司 花 钱 多 万 买 人 管理 系统,大 公司 花 钱 多 万 买 人 管理 系统,大 公司 丢 钱 多 买 人 管理 系统,大 公司 花 多 万 买 人 管理 系统
S004664_P0000_T00,我 最 大 遗憾 是 没有 好 陪 爷爷,我 最 遗憾 是 没有 好 陪 爷爷,我 最 遗憾 是 没有 好 陪 瘦,我 最 遗憾 是 没有 好 陪 瘦,我 最 大 遗憾 是 没有 陪,我 最 大 遗憾 是 没有 好 危险 自己 瘦
S004671_P0003_T00,妈妈 说 人 生 总 有 1 点 遗憾 好 美丽,妈妈 说 人 人生 有 点 遗憾 多 美丽,妈妈 说 人 人生 有 点 遗憾 多 美丽,妈妈 说 人 人生 有 点 遗憾 多 美丽,妈妈 去 人生 有 小 遗憾 多 美丽,妈妈 说 人 人生 有 一些 遗憾 多 美丽
S004677_P0000_T00,世界 上 没有 后悔 药,世界 1 没有 后悔 作弊,世界 1 没有 后悔 作弊,世界 1 没有 后悔 作弊,世界 钱 没有 后悔 中国,世界 1 没有 后悔 药
S004677_P0008_T00,世界 上 没有 后悔 药,世界 1 没有 后悔 药 吃,世界 1 没有 后悔 药 吃,世界 1 没有 后悔 药 吃,世界 钱 没有 后悔 药 吃,世界 上 没有 后悔 药 吃
S004681_P0003_T00,我 心 想 久 东西 突然 下 我 后悔 昨天 为什么 不 买,我 心 想 东西 突然 我 后悔 为什么 怎么 不 买,我 心 想 东西 突然 我 后悔 过去 年 不 买,我 心 想 东西 突然 后悔 过去 年 什么 不 买,我 心 以前 东西 深 后悔 过去 年 1 什么 买,我 要 想 东西 突然 我 后悔 年 不 买
S004681_P0008_T00,我 心 想 久 东西 突然 下 我 后悔 昨天 为什么 不 买,我 心 想 多 东西 突然 篇 我 后悔 昨天 为什么 不 买,我 心 想 多 东西 突然 差别 我 后悔 昨天 为什么 不 买,我 心 想 多 东西 突然 诗 我 后悔 昨天 为什么 不 买,我 心 想 快 东西 突然 白内障 我 后悔 昨天 为什么 1 买,我 心 想 多 东西 突然 差别 我 后悔 昨天 年 不 买
S004686_P0008_T00,后悔 没用 想 怎么 增加 救,后悔 没用 想 今天 增加 班,后悔 没用 想 打 增加 救,后悔 没用 想 破坏 增加 救,后悔 不 要 想 冷场 增加 救,后悔 没用 想 打 增加 事情
S004692_P0003_T00,我 道歉 我 不好 谁,我 道歉 我 想 谁 默,我 道歉 我 默,我 道歉 我 谁,我 喝 道歉 我 默,我 喝 道歉 我
S004692_P0008_T00,我 道歉 我 不好 谁,我 道歉 我 不好 谁,我 道歉 我 不好 谁,我 道歉 我 不好 谁,我 道歉 我 买 默,我 道歉 我 不好 谁
S004699_P0000_T00,主动 道歉 不是 弱 是 勇敢,老师 主动 道歉 不同 弱 是 勇敢,主动 道歉 不是 弱 是 勇敢,主动 道歉 不是 弱 是 勇敢,主动 道歉 不是 失败 勇敢,主动 道歉 不是 弱 是 勇敢
S004699_P0008_T00,主动 道歉 不是 弱 是 勇敢,老师 行为 道歉 不是 弱 是 勇敢,主 道歉 不是 弱 是 勇敢,主 道歉 不是 弱 是 勇敢,我 主 行为 道歉 不 不是 是 勇敢,主 道歉 不是 弱 是 勇敢
S004701_P0003_T00,原来 不是 你 错误 为什么 要 跟 我 道歉,原来 不是 错误 为什么 要 我 道歉,不 不是 错误 为什么 要 我 道歉,不 不是 错误 为什么 要 我 道歉,不好 不是 在 错误 他 跟 道歉,不 不是 你 错误 为什么 要 我 道歉
S004711_P0000_T00,这 事物 全部 有 这 在 道理,这 事物 东西 全部 有 这 道理,这 事物 东西 全部 有 这 道理,这 事情 事物 东西 全部 有 这 道理,这 礼物 东西 全部 有 这 道理,这 事情 事物 东西 全部 有 这 道理
S004711_P0007_T00,这 事物 全部 有 这 在 道理,这 东西 全部 有 道理,这 事物 东西 全部 有 道理,这 事物 东西 全部 有 道理,这 事物 全部 有 道理,这 事物 东西 全部 有 道理
S004729_P0007_T00,我 手机 地铁 偷,我 手机 地铁 偷,我 手机 地铁,我 手机 地铁 偷,我 手机 地铁,我 手机 地铁
S004743_P0000_T00,传统 地图 书 今天 电子 地图 慢 慢 趋势,历史 地图 书 电子 地图 慢 消灭,历史 地图 书 今天 电子 地图 慢,传统 地图 书 今天 电子 地图 慢,传统 地图 书 地图 看 趋势,外 地图 书 今天 地图 慢
S004743_P0007_T00,传统 地图 书 今天 电子 地图 慢 慢 趋势,历史 地方 今天 电 地方 趋势,历史 地方 书 今天 电 地方 趋势,历史 地方 书 今天 电 地方 趋势,书 今天 电子 地方 趋势,历史 地方 书 今天 电 地方 趋势
S004752_P0003_T00,问 问 城市 地图 在 哪 买,问 城市 地方 在 什么 买,问 城市 地图 在 什么 买,问 城市 地图 在 什么 买,天 城市 地图 不同 什么 道理,问 城市 地图 在 什么 买
S004754_P0000_T00,封面 书 皮肤 质量 好,封面 书 带 质量 好,封面 书 带 质量 好,封面 书 带 质量 好,封面 书 带 质量 好,封面 书 皮肤 质量 好
S004754_P0007_T00,封面 书 皮肤 质量 好,封面 书 皮肤 质量,封面 书 皮肤 质量,封面 书 皮肤 质量,封面 书 设计 质量,封面 书 皮肤 质量 好
S004755_P0007_T00,书 封面 内容 足够 多,书 封面 内容 足够,书 封面 足够,书 封面 足够,书 封面 足够,书 封面 带 下 足够
S004769_P0007_T00,冬天 春天 感冒 引起 简单,冬天 春天 感冒 简单,冬天 春天 感冒 简单,冬天 春天 感冒 简单,冬天 春天 感冒 不喜欢 简单,冬天 春天 房子 近 感冒 简单
S004776_P0000_T00,外国 留 学 不 1 定 人 生 1 选择 题目,外国 学 不 必须 决定 人生 选择 1 项目,外国 学 不 必须 人生 选择 1 项目,外国 学 不 必须 人生 选择 1 项目,外国 学 必须 人生 选择 到 项目,外国 学 不 必须 生 选择 1 项目
S004798_P0003_T00,什么 多 日期 你 不 好 好 选择 选择 自己 喜欢 数 7,你 多 日期 你 好 选择 自己 愿意 打算 钱,你 多 日期 你 好 选择 自己 喜欢 愿意 打算 钱,你 多 日期 你 好 选择 自己 愿意 数 钱,多 日期 你 什么 选择 喜欢 要 打算 课,多 日期 你 好 选择 自己 喜欢 愿意 算 钱
S004798_P0007_T00,什么 多 日期 你 不 好 好 选择 选择 自己 喜欢 数 7,什么 多 日期 你 好 选择 自己 愿意 打算,什么 多 日期 你 好 选择 自己 愿意 数,什么 多 日期 你 好 选择 自己 愿意 数,什么 多 日期 你 到 选择 自己 愿意 数 是,什么 多 你 不 好 选择 自己 愿意 数
S004804_P0007_T00,这 签名 片子 做 丑 要 还 新 做,这 签名 片子 丑 要 改变 做,这 签名 片子 丑 要 还 新 做,这 签名 片子 丑 要 还 新 做,他 签名 片子 做 美丽 有 1 做,这 签名 片子 丑 要 又 新 做
S004808_P0000_T00,交流 交流 老板 2 老板 换 签名 片子,交流 老板 2 老板 签名 片子,交流 老板 2 老板 签名 片子,交流 老板 2 老板 发 签名 片子,交流 做 签名 片子,小 老板 2 老板 签名 片子
S004808_P0007_T00,交流 交流 老板 2 老板 换 签名 片子,交流 2 老板 签名 片子,交流 2 老板 签名 片子,交流 2 老板 签名 片子,交流 他 给 签名 片子,交流 2 老板 斑马线 签名 片子
S004839_P0000_T00,学 是 开 知识 大 门 钥匙,学 是 开始 知识 今天 关闭 你,学 是 开 知识 关闭 你,学 是 开 知识 关闭 你,这 学 开 知识 关闭,学 是 开 知识 门 钥匙
S004839_P0003_T00,学 是 开 知识 大 门 钥匙,学 是 大 知识 门 钥匙,学 是 开 知识 门 钥匙,学 是 开 知识 门 钥匙,学 是 降 记得 门 好,学 是 开 知识 钥匙
S004849_P0000_T00,工 厂 因为 钱 缺少 失败,工 人 因为 钱 缺少 失败,工 人 因为 钱 缺少 失败,工 人 因为 钱 缺少 失败,工 人 因为 这 钱 存 年,工 人 因为 钱 缺少 失败
S004858_P0000_T00,你 房子 有 什么 一些 远 亲属,你 房子 有 什么 一些 远 亲属,你 房子 有 什么 多 远 亲属,你 房子 有 什么 点 远 亲属,你 房子 有 什么 多 远 亲属,你 房子 有 点 远 亲属
S004878_P0007_T00,我 过敏 吃 过 没有 所以 过敏 是 什么 样子,我 过敏 没有 所以 不知道 是 形象,我 过敏 没有 所以 不知道 是 怎么样,我 过敏 没有 所以 不知道 是 怎么样,我 忘记 好 没有 所以 不知道 会 形象,我 过敏 口 没有 所以 不知道 是 怎么样
S004885_P0000_T00,动物 是 人 好 朋友 我们 应该 爱护 他们,动物 是 人 好 朋友 我们 应该 爱护 他们,动物 是 人 好 朋友 我们 应该 爱护 他们,动物 是 人 好 朋友 我们 应该 爱护 他们,动物 是 人 朋友 我们 应该 爱护 他,动物 是 人 好 朋友 我们 应该 爱护 他们
S004885_P0003_T00,动物 是 人 好 朋友 我们 应该 爱护 他们,动物 是 人 好 朋友 我们 应该 爱护 他们,动物 是 人 朋友 我们 应该 爱护 他们,动物 是 人 朋友 我们 应该 爱护 他们,动物 是 人 有 朋友 我们 应该 爱护 他们,动物 是 人 朋友 我们 应该 爱护 他们
S004890_P0000_T00,如果 我们 不 爱护 地球 那 地球 会 惩罚 我们,我们 不 爱护 他 世界 会 得 我们,我们 不 爱护 世界 他 世界 会 得 我们,如果 我们 不 爱护 世界 他 世界 会 得 我们,不管 我们 不 爱护 世界 他 世界 会 得 特色,我们 不 爱护 世界 他 世界 会 我们
S004907_P0003_T00,他 骄傲 态度 多 他们 接触 不喜欢,他 骄傲 多 他们 接触 不喜欢,他 骄傲 表现 多 他们 接触 不喜欢,他 骄傲 表现 多 他们 接触 不喜欢,他 骄傲 表现 好 他 他们 爱好 不喜欢,他 骄傲 情况 多 他们 不喜欢
S004909_P0003_T00,对 身体 边 骄傲 礼貌 不懂 友谊 长 不行,对 骄傲 礼貌 友谊 长 不行,对 骄傲 礼貌 友谊 长 不行,对 骄傲 礼貌 友谊 长 不行,远 邻居 骄傲 让 股票 长 不行,对 身体 骄傲 礼貌 友谊 长 不行
S004909_P0007_T00,对 身体 边 骄傲 礼貌 不懂 友谊 长 不行,对 身体 边 骄傲 礼貌 不会 友谊 长 不行,对 身体 边 骄傲 礼貌 不会 友谊 长 不行,对 身体 边 骄傲 礼貌 不会 友谊 长 不行,对 身体 边 骄傲 让 想 朋友 长 不行,对 身体 骄傲 大概 不会 朋友 长 不行
S004924_P0003_T00,商店 重要 是 白天 买卖,结婚 重要 是 白天 买卖,店 重要 是 白天 买卖,丈夫 重要 是 白天 买卖,夫妻 重要 是 去 白天 清楚,店 重要 是 白天 买卖
S004924_P0007_T00,商店 重要 是 白天 买卖,店 重要 是 白天 买卖,店 重要 是 白天,店 重要 是 白天,商店 在 是 白天 商店,店 重要 是 白天
S004936_P0007_T00,重复 思考 白天 事情,但是 不会 白天 事情,不会 白天 事情,不会 白天 事情,故事 难 白天 事情,复习 不会 白天 事情
S004946_P0000_T00,班长 一般 会 带 动 班级 积极,在 一般 平 会 活动 班级 积极,班长 平 会 带 活动 班级 积极,班长 平 会 带 活动 班级 积极,班长 平 会 带 活动 班级 积极,在 平 会 带 活动 班级 积极
S004946_P0003_T00,班长 一般 会 带 动 班级 积极,班长 一般 会 带 行为 温暖,班长 一般 会 带 行为 班级 温暖,班长 一般 会 带 行为 班级 温暖,班长 一般 带 运动 班级 温暖,班长 一般 会 带 行为 班级 温暖
S004952_P0003_T00,班长 权力 有 但是 责任 必须,班长 有 但是 负责 肯定,班长 有 但是 负责 肯定,班长 有 但是 负责 肯定,班长 有 但是 负责 肯定,班长 有 但是 负责 必须
S004959_P0007_T00,他 看 电影 我 在 网 查询 可以 下载,他 在 电影 我 在 网 查询 可以 纷纷,他 在 电影 我 在 网 查询 可以,他 在 电影 我 在 网 查询 可以,他 在 电影 我 在 网 查询,他 在 电影 我 在 网 查询 可以 前途
S004962_P0000_T00,他 用 APP 查询 自己 火车 多少,他 用 查询 自己 火车 多少,他 用 检查 自己 火车 多少,他 用 检查 自己 火车 多少,用 检查 自己 火车 有,他 用 他 检查 自己 火车 多少
S004962_P0007_T00,他 用 APP 查询 自己 火车 多少,他 用 查询 自己 火车 多少,他 用 我们 查询 自己 火车 多少,他 用 APP 查询 自己 火车 多少,他 去 我们 银行 自己 火车 多少,他 用 APP 检查 自己 火车 多少
S004965_P0007_T00,老师 鼓励 同学 们 有 多 主动 查询 资料,老师 鼓励 学生 多 查询 资料 东西,老师 鼓励 学生 多 查询 资料,老师 鼓励 学生 多 查询 资料,老师 鼓励 股票 学生 多 运动 查询 资源,老师 鼓励 学生 多 安全 查询 资料
S004977_P0000_T00,这 超市 这 要 任务 这 东西 比 别 超市 便宜,这 超市 宣布 这 那 超市 便宜,这 超市 宣布 这 比 超市 便宜,这 超市 宣布 这 比 超市 便宜,这 超市 宣布 这 去 超市 便宜,这 超市 宣布 这 比 超市 便宜
S004983_P0003_T00,超市 24 小时 超市 不同,超市 2 24 小时 超市 不是,超市 24 小时 超市 不同,超市 3 小时 超市 不同,超市 没有 房子 超市,超市 小时 不同
S004988_P0000_T00,同学 缺点 我们 应该 帮助 不 嘲笑,同学 缺点 我们 肯定 帮助 不 嘲笑,同学 缺点 我们 应该 帮助 不 嘲笑,同学 缺点 我们 应该 帮助 不 嘲笑,同学 到 我们 应该 帮助 不 骄傲,同学 缺点 我们 应该 帮助 不 嘲笑
S004988_P0007_T00,同学 缺点 我们 应该 帮助 不 嘲笑,同学 缺点 什么 我们 应该 帮助 嘲笑 不,同学 缺点 什么 我们 应该 帮助 嘲笑 他 不,同学 缺点 什么 我们 应该 帮助 嘲笑 他 不,同学 缺点 什么 我们 应该 在 帮助 嘲笑 他 不,同学 缺点 我们 应该 帮助 嘲笑 他 不
S004990_P0003_T00,别 人 缺点 我们 嘲笑 不 应该 看 别 人 优点,别 人 失败 嘲笑 不 要 发现 别 人,别 人 失败 嘲笑 不 要 看 别 人,别 人 失败 我 嘲笑 不 要 发现 别 人,别 人 失败 嘲笑 不 要 到 别 人,别 人 嘲笑 不 要 看 别 人
S004990_P0007_T00,别 人 缺点 我们 嘲笑 不 应该 看 别 人 优点,别 人 失败 我 嘲笑 不 要 看 别 人 得,别 人 失败 我 嘲笑 不 要 看 别 人,别 人 失败 我 嘲笑 不 要 看 别 人,别 人 必须 我 嘲笑 不 要 看 他 人,别 人 失败 我 嘲笑 不 要 看 人
S004992_P0000_T00,周围 人 嘲笑 嘲笑 他 哭,周围 人 嘲笑 他 哭,周围 人 嘲笑 他 哭,周围 人 嘲笑 他 哭,周围 人 嘲笑 他 哭,周围 人 嘲笑 他 哭
S004997_P0000_T00,圈 嘲笑 他 站 走,嘲笑 他 建立 走,圈 嘲笑 他 建立 走,嘲笑 他 建立 走,圈 我 嘲笑 他 在 失败,嘲笑 他 建立 走
S004997_P0007_T00,圈 嘲笑 他 站 走,环境 嘲笑 他 建立 走,环境 嘲笑 他 建立 走,环境 嘲笑 他 建立 走,环境 嘲笑 他 弱 走,环境 嘲笑 他 走
S005002_P0000_T00,老师 处罚 同学 们 打扫,老师 处罚 同学 们 扫地,老师 处罚 同学 们 扫地,老师 处罚 同学 们 打扫,老师 处罚 同学 们 扫地,老师 处罚 同学 们 打扫
S005004_P0000_T00,每 人 最 不喜欢 被 处罚,每 人 最 不喜欢 被 处罚,每 人 最 不喜欢 被 处罚,每 人 最 不喜欢 被 处罚,每 人 好 被 处理 处罚,每 人 最 不喜欢 被 处罚
S005008_P0006_T00,他 处罚 对 女 人 来 说 重,他 处罚 是 对 女 人 说,他 处罚 对 女 人 说,他 处罚 对 女 人 说,他 用 他 对 女 人 说 重,他 处罚 对 女 人 说 过
S005011_P0000_T00,战争 时间 军 心 弱 要 硬 处罚,战斗 时间 军 心 弱 音乐 处罚 他,战斗 时间 军 心 弱 要 处罚 他,战斗 时间 军 心 弱 要 处罚 他,战斗 时间 心 弱 要 处理 处罚 他,有 时间 学 弱 要 处罚 他
S005011_P0003_T00,战争 时间 军 心 弱 要 硬 处罚,战斗 时间 期 法律 弱 多 处罚,战斗 时间 期 法律 弱 要 处罚,战斗 时间 期 记录 弱 要 处罚,战斗 时间 期 纪律 要 处罚,战斗 时间 纪律 弱 要 处罚
S005015_P0006_T00,必须 有 处罚 必须 有 奖,定 有 处罚 必须 有,必须 有 处罚 必须 有 奖,必须 处罚 必须 有 奖,用 处罚 必须 有 奖,必须 有 处罚 必须 多 奖
S005017_P0003_T00,这 学校 处罚 学生 硬 传遍,这 学校 处罚 学生 严格 传遍,这 学校 处罚 学生 严格 传遍,这 学校 处罚 学生 严格 传遍,这 学校 处罚 学生 分数,这 学校 处罚 学生 严格 破坏
S005017_P0006_T00,这 学校 处罚 学生 硬 传遍,你 学校 处罚 学生 传遍,你 学校 处罚 学生 工作,你 学校 处罚 学生,你 同学 处罚 学生 工作,你 学校 处罚 学生 严格
S005022_P0000_T00,厨师 做 甜 品 这 全部 喜欢 接受 欢迎,今天 工作 做 对 人 全部 喜欢 接受 欢迎,厨师 做 品 他 全部 喜欢 接受 欢迎,厨师 做 品 他 全部 喜欢 接受 欢迎,厨师 做 品 他 全部 喜欢 接受 欢迎,厨师 做 品 他 全部 喜欢 接受 欢迎
S005022_P0006_T00,厨师 做 甜 品 这 全部 喜欢 接受 欢迎,今天 做 人 他 全部 喜欢 接受 欢迎,厨师 做 品 全部 喜欢 接受 欢迎,厨师 做 品 人 全部 喜欢 接受 欢迎,厨师 做 全部 喜欢 接受 欢迎,今天 做 人 全部 喜欢 接受 欢迎
S005024_P0003_T00,厨师 工资 经济 吃饭 赚钱 提高,厨师 工资 面 饭店 涨 降,厨师 工资 饭店 银行 他 增加 涨,厨师 工资 饭店 他 增加 涨,厨师 工资 银行 增加 涨,厨师 工资 大 面 到 在 他 和 他 跟 涨
S005025_P0003_T00,这 电影 反 什么 厨师 工作 吃 好 过程,这 电影 什么 厨师 工作 早 故事,这 电影 什么 厨师 工作 故事,这 电影 什么 炒 工作 美丽 故事,这 项目 经常 是 厨师 工作 好 故事,这 电影 什么 炒 工作 美丽 故事
S005025_P0006_T00,这 电影 反 什么 厨师 工作 吃 好 过程,这 电影 不 什么 厨师 工作 故事,这 电影 反 什么 炒 厨师 工作 故事,这 电影 反 什么 炒 厨师 工作 故事,这 电影 美国 什么 路 工作 忙 看 程序,这 电影 反调 什么 炒 工作 故事
S005034_P0000_T00,通过 这 方法 刺激 脑,可以 通过 这 方法 刺激 想,可以 通过 这 方法 刺激 想,可以 通过 这 方法 刺激 想,可以 通过 方法 前 高,可以 通过 方法 刺激 想
S005040_P0003_T00,人 对 刺激 刺激 精神 会 做 反应,人 对 刺激 会 反应,人 对 刺激 会 反应,人 对 刺激 会 反应,人 为 刺激 会 要,人 对 刺激 会 反应
S005040_P0006_T00,人 对 刺激 刺激 精神 会 做 反应,人 全部 刺激 神经 会 做 工作 不,人 全部 刺激 精神 会 工作 反调,人 全部 刺激 精神 会 工作 反调,人 全部 支持 精神 会 做 白天,人 全部 刺激 精神 会 工作 反应
S005053_P0006_T00,他 是 聪明 活泼 可爱 农村 孩子,他 是 聪明 活 爱护 孩子,他 是 聪明 活 爱-1 孩子,他 是 聪明 活 爱-1 孩子,他 还是 聪明 什么 可爱 他,这 是 聪明 活 可爱 他们
S005064_P0006_T00,他 认为 自己 知道 全部 问题 答案,他 认为 自己 感觉 全部 问题 答案,他 认为 自己 感觉 全部 问题 答案,他 认为 自己 感觉 全部 问题 答案,他 认为 自己 感觉 懂 全部 问题 是 答案,他 认为 自己 感觉 全部 问题 答案
S005065_P0003_T00,他 着急 要 知道 答案,他 着急 要 懂 答案,他 着急 懂 回答 答案,他 着急 要 懂 回答 答案,这 急 思考 回答 答案,他 着急 要 懂 回答 答案
S005069_P0003_T00,抄 别 人 答案 是 违反,抄 人 答案 是 违反,抄 别 人 答案 是 违反,抄 别 人 答案 是 违反,得 别 人 是,抄 别 人 答案 是 违反
S005069_P0006_T00,抄 别 人 答案 是 违反,抄 外 别 人 答案 是 违反 法,抄 别 人 答案 是 违反,抄 别 人 答案 是 违反,得 别 人 答案 是 违反,爱-1 别 人 答案 是 违反
S005075_P0006_T00,这 书 封面 破坏,这 书 封面 破坏,这 书 封面 破坏,这 书 封面 破坏,这 书 封面 破坏,这 书 封面 破坏
S005080_P0000_T00,手机 可以 研究 封面 美丽 软件,手机 可以 研究 封面 美丽 软件,手机 可以 研究 封面 美丽 软件,手机 可以 研究 封面 美丽 软件,手机 研究 封面 美丽 软件,手机 可以 研究 封面 美丽 软件
S005080_P0003_T00,手机 可以 研究 封面 美丽 软件,手机 可以 研究 封面 美丽 软件,手机 可以 研究 封面 美丽 软件,手机 可以 研究 封面 美丽 软件,手机 试 研究 封面 美丽 软件,手机 可以 研究 封面 美丽 软件
S005096_P0006_T00,想 要 健康 吸烟 不,想 健康 呼吸 不,想 我 健康 吸烟 不,想 我 健康 吸烟 不,明天 我 健康 喜欢 是 不,想 我 健康 吸烟 不
S005110_P0000_T00,冬天 减肥 不 热 胖,冬天 减肥 不 热 大学,冬天 减肥 不 热 大学,冬天 减肥 不 热 大学,冬天 减肥 不 不幸 大学,冬天 减肥 不 热 大学
S005110_P0003_T00,冬天 减肥 不 热 胖,冬天 减肥 不 热 大学,冬天 减肥 不 热 大学,冬天 减肥 不 热 大学,冬天 减肥 不 热 大学,冬天 前 不 热
S005112_P0000_T00,心 不好 火锅 吃 解决 如果 还 不行 还 吃 火锅,心 不好 火锅 吃 解决 如果 还 不行 还 吃 火锅,心 不好 火锅 吃 解决 如果 还 不行 还 吃 火锅,心 不好 火锅 吃 解决 如果 还 不行 还 吃 火锅,心 小 火锅 吃 解决 同学 还 不行 还 吃 火锅,心 不好 火锅 吃 解决 如果 影响 不行 还 吃 火锅
S005112_P0006_T00,心 不好 火锅 吃 解决 如果 还 不行 还 吃 火锅,心 不好 火锅 吃 解决 如果 还 不行 还 吃 火锅,心 火锅 吃 解决 如果 还 不行 还 吃 火锅,心 火锅 吃 解决 如果 还 不行 还 吃 火锅,心 火锅 吃 解决 看法 还 快 还 拿 吃 火锅,心 火锅 吃 解决 说谎 还 不行 还 吃 火锅
S005113_P0003_T00,找 女 朋友 是 今天 我 最 大 目标,你们 女 朋友 是 今天 最 大 准确,你们 女 朋友 是 今天 最 大 准确,男 女 朋友 是 今天 最 大 准确,他 男 朋友 是 今天 最 大 标志,男 女 朋友 是 今天 最 大 准确
S005113_P0009_T00,找 女 朋友 是 今天 我 最 大 目标,找 女 朋友 是 今天 最 大 准确,他 女 朋友 是 今天 最 大 准确,他 女 朋友 是 今天 最 大 准确,他 女 朋友 是 今天 最 大,他 女 朋友 是 今天 最 大 准确
S005114_P0003_T00,说 恋爱 钱 花 时间 花 不 必须 得,说 恋爱 时间 花钱 钱 花钱 找 得,说 恋爱 时间 花钱 钱 花钱 得,说 恋爱 时间 花钱 钱 花钱 问题 得,你 恋爱 时间 花钱 这 花 得,你 恋爱 时间 花钱 钱 花钱 找 得
S005114_P0006_T00,说 恋爱 钱 花 时间 花 不 必须 得,说 恋爱 钱 花钱 时间 花 必须 成熟,说 恋爱 钱 花钱 时间 花 必须 得,说 恋爱 钱 花钱 时间 花 不 必须 得,吃 饭店 钱 花钱 时间 不 必须,说 恋爱 钱 花钱 时间 必须 得
S005118_P0000_T00,感冒 药 可以 帮助 你 减,药 可以 帮助 机器,餐巾 可以 帮助,感冒 可以 帮助 机器,餐巾 可以 帮助,感冒 可以 帮助 机会
S005118_P0003_T00,感冒 药 可以 帮助 你 减,感冒 药 可以 帮助 你 会,感冒 药 可以 帮助 你,感冒 药 可以 帮助 你,感冒 可以 帮助,感冒 药 帮助 你 会
S005120_P0003_T00,感冒 发烧 什么 是 你 因为 感冒 引起 发烧,感冒 发烧 是 什么 是 气 引起 发烧,感冒 发烧 是 什么 是 引起 热,感冒 热 是 什么 是 引起 热,感冒 吃 是 什么 是 尊重 热,感冒 发烧 是 什么 是 口 发烧
S005120_P0006_T00,感冒 发烧 什么 是 你 因为 感冒 引起 发烧,感冒 发烧 是 什么 是 你 因为 感冒 发烧,感冒 发烧 是 什么 是 你 因为 感冒 发烧,感冒 发烧 是 什么 是 你 因为 先 感冒 发烧,感冒 白天 是 什么 是 吃 因为 感冒 你 发烧,感冒 发烧 是 什么 是 你 先 感冒 发烧
S005131_P0003_T00,第一 到 外国 外国 感觉 好 奇怪,第一 到 外国 感觉 奇怪,第一 到 外国 感觉 奇怪,第一 到 外国 感觉 奇怪,第一 去 外国 我 感觉 惭愧,第一 到 外国 感觉 奇怪
S005131_P0009_T00,第一 到 外国 外国 感觉 好 奇怪,第一 去 外国 感觉 奇怪,第一 去 外国 感觉 奇怪,第一 去 外国 感觉 奇怪,第一 去 外国 可以 认为,第一 去 外国 感觉 奇怪
S005145_P0003_T00,孩子 他们 表情 是 他们 最 真 感觉,孩子 情况 是 对 感觉 最 真,孩子 样子 是 对 这 感觉 最 真,孩子 样子 是 对 感觉 最 真,孩子 拍照 对 这 感觉 真,孩子 样子 是 对 这 感觉 最
S005145_P0006_T00,孩子 他们 表情 是 他们 最 真 感觉,孩子 他们 表情 是 他 最 真 感觉,孩子 他们 表情 他 最 真 感觉,孩子 他们 表情 他 他们 最 真 感觉,孩子 他们 表情 少 是 真 感觉,孩子 他们 样子 是 他 最 真 感觉
S005162_P0000_T00,工资 差不多 好 可以 吸引 劳动 人 还 可以 鼓励 劳动 人,工资 差不多 好 可以 吸引 少 劳动 人 还 可以 鼓励 人,工资 差不多 好 可以 吸引 劳动 人 还 可以 鼓励 劳动 人,工资 差不多 好 可以 吸引 劳动 人 还 可以 鼓励 劳动 人,为 工资 一样 可以 钱 劳动 人 是 鼓励 劳动 人,工资 差不多 可以 吸引 劳动 人 还 可以 劳动 人
S005162_P0006_T00,工资 差不多 好 可以 吸引 劳动 人 还 可以 鼓励 劳动 人,工资 差不多 好 可以 少 劳动 人 还 可以 鼓励 劳动 人,工资 差不多 好 可以 劳动 人 还 可以 鼓励 劳动 人,工资 差不多 好 可以 少 劳动 人 还 可以 鼓励 劳动 人,人 好 可以 钱 劳动 每 还 鼓励 人,工资 差不多 好 可以 劳动 人 还 可以 鼓励 劳动 人
S005184_P0003_T00,这 故障 我们 有 各种 方法,这 故障 我 有 各种 方法,这 故障 我 各种 方法,这 故障 我 各种 不同 方法,这 故障 我 各种 不同 方法,这 故障 我 各种 方法
S005184_P0006_T00,这 故障 我们 有 各种 方法,这 我们 有 各种 方法,这 坏 我们 还有 各种 方法,这 没有 我们 有 各种 方法,这 坏 我们 还有 各种 方法,这 配合 我们 还有 各种 方法
S005186_P0000_T00,王 师傅 技术 高 故障 什么 全部 修 可以,王 技术 高 什么 全部 变 可以,王 技术 高 故障 什么 全部 变 可以,王 技术 高 故障 什么 全部 变 可以,王 艺术 高 故障 什么 全部,王 技术 高 全部 什么 全部 变 可以
S005186_P0003_T00,王 师傅 技术 高 故障 什么 全部 修 可以,王 老师 技术 高 旧 故障 什么 全部 改变 好,王 老师 技术 高 这 故障 什么 全部 改变 好,王 老师 技术 高 这 故障 什么 全部 改变 好,王 老师 技术 高 这 故障 什么 全部 是 权力,王 师傅 技术 高 可以 对 故障 什么 全部 修 好
S005197_P0006_T00,一般 人 身体 手指 关节 弱,一般 人 关节 弱,一般 人 身体 关节 弱,一般 人 身体 关节 弱,一般 城市 车 在,一般 人 身体 弱
S005197_P0009_T00,一般 人 身体 手指 关节 弱,一般 人 身体 车 弱,一般 人 身体 车 弱,一般 人 身体 车 弱,一般 人 身体 弱,一般 人 身体 车 弱
S005211_P0003_T00,商业 广告 大 部分 在 网 要求 客 人 买 付 全部 在 网,商店 广告 全部 上 要 要求 人们 买 全部 用 网,商店 广告 全部 上 要 要求 人们 买 用 网,商店 广告 全部 表格 上 要 要求 人们 买 全部 用 网,商店 广告 全部 里 人们 阻拦 最 网 可以,商店 广告 全部 表格 上 要 要求 人们 买 不是 用 网
S005211_P0009_T00,商业 广告 大 部分 在 网 要求 客 人 买 付 全部 在 网,商业 广告 大 部分 网 要 要求 今天 人 付 全部 网,商业 广告 大 部分 网 要求 今天 人 付 全部 网,商业 广告 大 部分 网 要求 今天 人 付 全部 网,学生 人 广告 大 变 网 要求 今天 付 全部 网,商业 广告 大 部分 世界 网 要求 今天 人 付 全部 网
S005213_P0000_T00,广告 必须 先 里 宣传,广告 必须 要 里 宣传,广告 必须 要 宣传,广告 必须 要 宣传,广告 必须 要 写 宣传,广告 必须 要 里 宣传
S005213_P0003_T00,广告 必须 先 里 宣传,广告 必须 先 里 宣传,广告 先 里 宣传,广告 要 先 里 宣传,广告 先 里 宣传,广告 定 要 在 里 宣传
S005226_P0003_T00,今天 核磁共振 方法 各种 有 电 核磁共振 有 共 核磁共振 各种,今天 核磁共振 各种 有 电 核磁共振 有 但是 核磁共振 各种,今天 核磁共振 方法 各种 有 电 核磁共振 有 用 核磁共振 不同,今天 核磁共振 方法 各种 有 电 核磁共振 有 核磁共振 不同,今天 核磁共振 方法 各种 有 人 核磁共振 修 核磁共振 不同,今天 核磁共振 方法 各种 有 电 核磁共振 有 用 核磁共振 不同
S005226_P0009_T00,今天 核磁共振 方法 各种 有 电 核磁共振 有 共 核磁共振 各种,原来 用 核磁共振 方法 多 种 有 电 核磁共振 有 共 核磁共振 各种,原来 用 核磁共振 方法 多 种 有 电 核磁共振 有 共产党 核磁共振 各种,原来 用 核磁共振 方法 多 种 电 核磁共振 共产党 核磁共振 各种,2 有 用 核磁共振 方法 多 水 电 核磁共振 共产党 核磁共振 各种,原来 用 核磁共振 方法 多 种 有 电 核磁共振 有 核磁共振 各种
S005231_P0000_T00,这 中 心 用 好 核磁共振 检查 食物 里 东西 什么,这 中心 心 用 最 核磁共振 检查 资料 里 东西 什么,这 中心 心 用 最 核磁共振 检查 查询 资料 里 东西,这 中心 心 用 增加 核磁共振 检查 查询 资料 里 东西,这 心 用 最 核磁共振 检查 查询 资料 小 里 东西,这 心 用 最 核磁共振 检查 查询 资料 里 东西 什么
S005231_P0006_T00,这 中 心 用 好 核磁共振 检查 食物 里 东西 什么,这 中 中心 心 用 先 进步 核磁共振 检查 得 这 吃 东西 里 好 东西,这 中 中心 用 先 进步 核磁共振 检查 得 这 吃 东西 里 好 东西,这 中 中心 用 先 进步 核磁共振 检查 得 吃 东西 里 好 东西,中 心 用 先 进步 核磁共振 检查 得 吃 东西,这 中 中心 先 进步 核磁共振 检查 得 这 吃 东西 里 好 东西
S005233_P0000_T00,红包 在 传统 意思 什么 是 年龄 钱,红包 在 道理 什么 是 祝福 钱,红包 在 道理 什么 是 年龄 钱,红包 在 道理 什么 是 年龄 钱,红包 病历 得 什么 祝福,红包 在 请假 道理 什么 是 年龄 钱
S005233_P0009_T00,红包 在 传统 意思 什么 是 年龄 钱,红包 在 传统 什么 是 祝福 钱,红包 在 历史 什么 是 过节 钱,红包 在 历史 是 过节 钱,红包 在 历史 是 过节,红包 在 历史 什么 是 年龄 钱
S005248_P0003_T00,今天 网 红包 画画 多 各种,今天 网 上 红包 有 各种 多,今天 网 上 红包 画画 有 各种 多,今天 网 上 红包 画画 有 各种 多,今天 上 红包 画画 各种 有,今天 网 上 红包 外 各种 多
S005248_P0009_T00,今天 网 红包 画画 多 各种,今天 网 红包 多 各种,今天 网 红包 各种,今天 网 红包 多 各种,今天 网 红包 各种,今天 网 红包 各种
S005274_P0000_T00,我们 要 知道 技术 会 管理 干部,我们 要 知道 技术 会 管理 干部,我们 要 知道 技术 会 管理 工 人,我们 要 知道 技术 会 负责 工 人,我们 要 经常 技术 会 忘记 工 人,我们 要 知道 技术 会 负责 人
S005274_P0003_T00,我们 要 知道 技术 会 管理 干部,我们 要 知道 技术 还 会 管理 干部,我们 要 知道 技术 还 会 管理 人,我们 要 知道 技术 还 会 负责 人,我们 要 知道 技术 会,我们 要 知道 技术 还 会 管理 人
S005276_P0000_T00,用 新 技术 降 花钱,我 新 技术 降 花,我 新 技术 降 花钱,我 新 技术 降 花钱,我 新 技术 降 花钱,新 技术 降 花
S005276_P0009_T00,用 新 技术 降 花钱,我 新 技术 降 花钱,我 技术 降 花钱,我 技术 降 花钱,我 以前 技术 降 花钱,技术 降 花钱
S005281_P0003_T00,我们 努力 发展 科学 技术 努力 发展 好 国家 达到,我们 努力 发展 科学 技术 努力 发展 国家,我们 努力 发展 科学 技术 努力 发展 国家 达到,我们 努力 发展 科学 技术 努力 发展 国家 达到,我们 努力 发展 科学 技术 努力 发展 我 差别,我们 努力 发展 科学 技术 努力 发展 国家 达到
S005281_P0006_T00,我们 努力 发展 科学 技术 努力 发展 好 国家 达到,我们 努力 发展 科学 技术 努力 发展 好 达到 国家,我们 努力 发展 科学 技术 努力 发展 好 达到 国家,我们 努力 发展 科学 技术 努力 发展 好 达到 国家,我们 努力 科学 技术 努力 发展 好 达到 国家,我们 努力 发展 科学 技术 努力 发展 好 达到 国家
S005288_P0006_T00,每 节日 有 亲属 到 军 队 看,每 人 节日 有 亲属 学 军 手语 差不多,每 节日 有 亲属 到 学 手语 看,每 人 节日 有 亲属 到 学 手语 看,每 节日 一直 有 亲属 几 学 手语 看,他 每 节日 有 亲属 到 军 会 看
S005288_P0009_T00,每 节日 有 亲属 到 军 队 看,每 节日 有 亲属 去 道歉 看,每 节日 有 亲属 去 全部 看,每 节日 有 亲属 去 全部 看,每 节日 一直 亲属 去 是,每 节日 有 亲属 去 军 全部 看
S005294_P0003_T00,哥哥 自己 辞职 自己 建立 1 公司,哥哥 辞职 自己 发送 公司,哥哥 辞职 自己 建立 公司,哥哥 辞职 自己 建立 公司,哥哥 辞职 自己 建立 公司,哥哥 辞职 自己 赚 公司
S005294_P0009_T00,哥哥 自己 辞职 自己 建立 1 公司,哥哥 自己 辞职 自己 建立 1 公司,哥哥 自己 付出 自己 建立 1 公司,哥哥 自己 付出 自己 建立 1 公司,哥哥 自己 付出 自己 得 公司,哥哥 自己 辞职 自己 建立 公司
S005295_P0000_T00,遇到 不幸 亲属 每 哭 哭 难过,最 倒霉 亲属 他 哭,遇到 倒霉 亲属 他 哭 难过,遇到 倒霉 亲属 他 哭 难过,遇到 医生 他 哭,倒霉 亲属 他 哭 难过
S005295_P0006_T00,遇到 不幸 亲属 每 哭 哭 难过,遇 倒霉 亲属 每 辛苦 难过,遇 倒霉 亲属 每 哭 难过,遇到 倒霉 亲属 每 哭 难过,遇 幸好 告诉 他们,遇到 倒霉 每 1 哭 恶心
S005306_P0009_T00,我 做 兼职 文 员工 想 难,我 工作 兼职 偷 想 难,我 工作 兼职 员工 想 难,我 工作 兼职 想 难,我 工作 不管 难,我 工作 兼职 文 员工 想 难
S005319_P0009_T00,网站 兼职 他 网 上 多,网站 兼职 上 上网 多,网站 兼职 上网 多,网站 兼职 上网 多,网站 兼职 上网 有,网站 兼职 上网 多
S005323_P0000_T00,计算 结果 我们 必须 要 准确,算 结果 我们 必须 要 正确,算 结果 我们 必须 要 准确,算 结果 我们 必须 要 准确,拒绝 结果 我们 必须 准确,算 结果 我们 必须 要 准确
S005323_P0006_T00,计算 结果 我们 必须 要 准确,算 结果 我们 定,算 结果 我们 必须 准确,算 结果 我们 定 准确,算 结果 我们 应该 草稿,算 结果 我们 必须 准确
S005344_P0000_T00,你 为 这 事情 发生 借口,你 为 事情 出 借口,这 为 事情 发生 借口,他 为 事情 发生 借口,这 为 事情 发生 借口,他 为 事情 发生 借口
S005346_P0006_T00,我 会 不 随便 借口,我 不会 随便 借口,我 不会 随便 借口,我 不会 随便 借口,我 随便 借口,我 不会 随便 借口
S005346_P0009_T00,我 会 不 随便 借口,我 不会 随便 借口,我 不会 随便 借口,我 不会 随便 借口,我 知道 随便 借口,我 不会 随便 借口
S005347_P0000_T00,我 想 找 借口,我 想 找 借口,你 找 借口,我 找 借口,你 有 借口,你 找 借口
S005347_P0009_T00,我 想 找 借口,我 想 找 借口,我 找 借口,我 找 借口,我 找 借口,我 找 借口
S005354_P0006_T00,我们 借 老师 成功 学 经验,我们 看 老师 成功 学 经验,我们 你 老师 成功 学 经验,我们 你 老师 成功 学 经验,我们 这 老师 成功 学 经验,我们 你 老师 成功 学 经验
S005357_P0006_T00,简单 抄 外 人 经验 对 自己 帮助 没,简单 抄 外 人 经验 对 自己 帮助 没有,简单 抄 别 人 经验 对 自己 帮助 没有,简单 抄 别 人 经验 对 自己 帮助 没有,简单 研究 别 人 经验 对 自己 帮助 没有,简单 别 人 经验 对 自己 帮助 没有
S005357_P0009_T00,简单 抄 外 人 经验 对 自己 帮助 没,简单 别 人 经验 对 自己 帮助 没有,简单 别 人 经验 对 自己 帮助 没有,简单 别 人 经验 对 自己 帮助 没有,简单 别 人 经验 对 自己 帮助,简单 别 人 经验 自己 帮助 没有
S005360_P0009_T00,互相 伤害 什么 时间 这 是 以前 给 我们 经验 和 教,互相 学生 什么 时间 是 以前 我们 经验 和 教,互相 学生 什么 时间 是 以前 给 我们 经验 和 教,互相 学生 什么 时间 是 以前 给 我们 经验 和 教,互相 伤害 你 时间 他 是 给 我们 经验 和 教,互相 学生 什么 时间 是 以前 我们 经验 和 教
S005365_P0000_T00,老师 组 班 会 请 学生 们 交流 自己 学 经验,老师 组 联欢 会议 让 学生 大家 交流 自己 学 经验,老师 组 班 会议 让 学生 大家 自己 学 经验,老师 组 班级 会议 请 学生 大家 交流 自己 学 经验,老师 参加 班 会议 学生 大家 经验,老师 组 班 可以 让 学生 们 自己 学 经验
S005365_P0009_T00,老师 组 班 会 请 学生 们 交流 自己 学 经验,老师 班 可以 请 学生 们 交流 自己 学 经验,老师 参加 班 可以 请 学生 们 交流 自己 学 经验,老师 组 班级 可以 请 学生 们 交流 自己 学 经验,参加 班 会议 学生 自己 学 经验,老师 参加 班 可以 让 学生 们 交易 自己 学 经验
S005368_P0000_T00,我们 肯定 看 不 难 但是 不行 看不起 他们,我们 应该 看 不 难 但是 不行 看不起 他们,我们 应该 看 不 难 但是 不行 看不起 他们,我们 肯定 看 不 难 但是 不行 看不起 他们,我们 应该 他 不行 难 但是 他 失去 他们,我们 肯定 看 不 难 但是 不行 看不起 他们
S005380_P0006_T00,你 决定 说明 你 分析 对,必须 说 全部 分 好,必须 说 全部 分 好,决定 说 全部 分 好,决定 全部 分,必须 说 全部 是 分 好
S005380_P0009_T00,你 决定 说明 你 分析 对,证明 你 考试 好,说明 你 考试 好,说明 你 考试 好,全部 是 考试 有,说明 你 考试 好
S005394_P0000_T00,他 孩子 学 难 看 不理,他 孩子 学 难 看 点头,他 孩子 学 难 看 点头,他 孩子 学 难 看 点头,孩子 学 难,他 孩子 学 难 看 点头
S005405_P0000_T00,快递 员工 工作 多 辛苦,快递 员工 工作 多 辛苦,快递 员工 工作 多 辛苦,快递 员工 工作 多 辛苦,快递 员工 工作 多 麻烦,快递 员工 工作 多 辛苦
S005405_P0006_T00,快递 员工 工作 多 辛苦,快递 员工 工作 多 辛苦,快递 员工 工作 多 美丽,快递 员工 工作 多 辛苦,快递 员工 工作 美丽,快递 员工 工作 多
S005406_P0000_T00,快递 还 快 运 分别,快递 还 快递 分 各种,快递 各种,快递 各种,快递 各种,快递 分
S005418_P0000_T00,联系 高兴 会议 看 小 王 模仿 明星 看 笑,同学 会议 看 小 王 看,会议 看 小 王 模仿 明星 看 笑,会议 他 小 王 模仿 明星 看 喜欢,同学 他 王 模仿 比 多,会议 看 小 王 明星 看 笑
S005418_P0009_T00,联系 高兴 会议 看 小 王 模仿 明星 看 笑,会议 模仿 星星 看 笑,会议 伞 模仿 看 笑,会议 模仿 看 笑,会议 伞 下载 模仿 看 笑,会议 模仿 看 笑
S005419_P0006_T00,医生 箱子 里 有 各种 东西,这 里 有 各种 东西,这 里 有 各种 东西,这 里 有 各种 东西,里 各种 东西,这 里 有 各种 东西
S005470_P0000_T00,今天 中国 女 避孕 百 分之 1,今天 中国 女 避孕 百 分之 1,今天 中国 女 避孕 百 分之,今天 中国 女 避孕 百 分之,今天 中国 糖 避孕 百 分之,今天 中国 女 避孕 百 分之
S005470_P0009_T00,今天 中国 女 避孕 百 分之 1,今天 中国 女 避孕 分之,今天 中国 女 避孕 分之,今天 中国 女 避孕 饱 百 分之,今天 中国 声音 避孕 饱 分之 错误,今天 中国 避孕 分之
S005496_P0006_T00,春天 开始 农民 大家 竞争 工作,春天 开始 们 活动 工作,春天 开始 们 大家 竞争 工作,春天 开始 们 活动 工作,春天 开始 们 竞争 工作,春天 开始 们 大家 竞争 工作
S005496_P0009_T00,春天 开始 农民 大家 竞争 工作,春天 开始 农民 大家 竞争 工作,春天 开始 农村 大家 竞争 工作,春天 开始 农村 大家 竞争 工作,春天 开始 农村 北京 竞争 工作,春天 开始 农村 们 竞争 工作
S005502_P0006_T00,有 权力 有 领导 骄傲 不,有 领导 不,有 好 有 领导 不,有 把握 有 领导 不,好 领导 不,有 好 领导 骄傲 不
S005502_P0009_T00,有 权力 有 领导 骄傲 不,控制 领导 骄傲 不,领导 骄傲 不,控制 领导 骄傲 不,这 领导 骄傲 不,多 合适 领导 爸爸 骄傲 不
S005504_P0009_T00,泡 脚 冬天 好,碰 冬天 好,碰 冬天 好,碰 冷 好,杂志 冷 好,碰 冬天 好
S005530_P0000_T00,我 爱-1 中国 共产党,我 爱-1 中国 禁止,我 爱-1 中国 共产党,我 爱-1 中国 共产党,我 爱-1 中国 共产党,我 爱-1 中国 共产党
S005530_P0006_T00,我 爱-1 中国 共产党,我 爱-1 中国 共产党,我 爱-1 中国 共产党,我 爱-1 中国 共产党,我们 我 爱-1 共产党,我 爱-1 中国 共产党
S005532_P0000_T00,我 是 国民党,我 是 国民党,我 是 国民党,我 是 国民党,我 红包,我 是 国民党
S005532_P0009_T00,我 是 国民党,我 是 国民党,我 是 国民党,我 是 国民党,我 是 看 国民党,我 程序
S005540_P0006_T00,你 失望 你 想 高 考试 失败 努力 没有 是,失望 想 高 考 失败 努力 没有 是,你 失望 想 高 考 失败 努力 没有 是,你 失望 想 高 考 失败 努力 没有 是,你 想 考 失败 没有 是,你 失望 他 想 高 考试 失败 努力 没有 是
S005545_P0006_T00,我 信 卡 过期 可以 还 办理 给 我,我 信 卡 日期 过期 可以 还 办理 给 我,我 信 卡 日期 过期 可以 还 办理 给 我,我 信 卡 日期 过期 可以 还 办理 给 我,我 微信 卡 日期 小时 2 可以 还 办理 给 我,我 信 卡 日期 过期 可以 办理 给 我
S005545_P0009_T00,我 信 卡 过期 可以 还 办理 给 我,我 信 卡 过期 可以 还 办理 给 我,我 信 卡 过期 可以 还 办理 给 我,我 信用 卡 过期 可以 还 办理 给 我,我 信 卡 过期 他 还 办理 给 我,我 信用 卡 过期 可以 还 办理 给 我
S005546_P0000_T00,根据 算 算 我 中国 年 1 年 1 打胎 1 千 3 百 万 次,根据 算 我 中国 年 1 打胎 千 3 天 次,根据 算 我 中国 年 1 打胎 千 天 万 次,根据 走 我 中国 年 1 打胎 千 万 次,根据 早 年 检查 天,根据 算 我 中国 年 1 节省 千 万
S005552_P0000_T00,承包 工程 钱 7 千 5 百 万 元 美国 抢,承包 钱 千 万 美国,承包 工程 钱 是 百 万 美国 著名,承包 工程 钱 千 是 百 万 美国,承包 科学 工程 少 是 万 美国 著名,承包 钱 百 万 美国 9
S005552_P0009_T00,承包 工程 钱 7 千 5 百 万 元 美国 抢,承包 建筑 钱 万 美丽,承包 建筑 钱 万 美丽,承包 工程 钱 天 万 美丽,承包 人 重复 强调 经常 来 美丽,承包 建筑 钱 万 美丽
S005572_P0009_T00,你 看不见 他 怎么 躲 可以 障碍 东西,这 大概 躲 可以 救 东西,他 你 大概 躲 可以 东西,他 你 大概 躲 可以 东西,他 你 他 可以 不 躲 可以 买 东西,他 你 躲 可以 背后 东西
S005583_P0006_T00,做爱 时间 避孕 不 穿 安全套 不 危险,时间 避孕 不 安全套 不 危险,时间 避孕 不 安全套 呆 不 危险,时间 避孕 不 安全套 呆 不 危险,时间 避孕 主 不 亲密 不 危险,时间 避孕 不 穿 酸 不 危险
S005583_P0009_T00,做爱 时间 避孕 不 穿 安全套 不 危险,这 预防 缩 安全套 不 危险,这 防止 缩 安全套 不 危险,这 预防 缩 安全套 不 危险,这 熟悉 避孕 安全套 不 危险,这 防止 安全套 不 危险
S005594_P0000_T00,知道 他 女 朋友 我 没有 嫉妒 说 他 坏,知道 他 女 朋友 我 没有 笑 说 不好,知道 他 女 朋友 我 没有 笑 说 不好,知道 他 女 朋友 我 没有 笑 说 不好,知道 男 女 朋友 我 听 不喜欢 嘲笑,知道 他 女 朋友 我 没有 笑 说 不好
S005607_P0006_T00,医生 会 给 你 检查 定 阑尾,医生 给 你 检查 阑尾,医生 给 你 检查 必须 阑尾,医生 给 你 检查 必须 阑尾,医生 给 你 检查 肯定 阑尾,医生 给 检查 必须 阑尾 炎
S005607_P0009_T00,医生 会 给 你 检查 定 阑尾,医生 给 你 检查 肯定 阑尾,医生 给 你 检查 肯定 阑尾,医生 给 你 检查 肯定 阑尾,医生 给 他 体检 肯定 阑尾,医生 给 检查 必须 阑尾
S005613_P0000_T00,我们 做 人 自私 不行,我们 做 人 不行,我们 做 人 不行,我们 做 人 不行,我们 做 人 不 不行,我们 做 人 不行
S005613_P0006_T00,我们 做 人 自私 不行,我们 做 人 不行,我们 做 人 不行,我们 做 人 不行,我们 做 不行,我们 做 人 不行
S005630_P0009_T00,因为 房子 有 事情 李 小 姐姐 拒绝 王 小 姐姐 请,因为 房子 事情 拒绝 王,因为 事情 又 拒绝 王,因为 事情 又 拒绝 王 让,因为 事情 听 要 拒绝 性 送,因为 做 事情 冷 又 拒绝 哥哥 炒
S005648_P0000_T00,敌人 失败 算了 不行 想 还 来 不行,人 失败 好了 不行 还 来 不行,人 失败 好了 不行 还 来 不行,人 失败 好了 不行 还 不行,人 写 好了 不行 还 不 不行,人 失败 好了 不行 还 来 不行
S005648_P0006_T00,敌人 失败 算了 不行 想 还 来 不行,人 失败 好了 不行 还 来 不行,人 失败 好了 不行 还 来 不行,人 失败 好了 不行 还 来 不行,人 失败 好了 不行 还,人 失败 好了 不行 还 来 不行
S005664_P0009_T00,这 问题 全部 局部 情况 发生 问题,这 问题 全部 存 情况 发生 问题,这 问题 全部 存 情况 发生 问题,这 问题 全部 存 情况 发生 问题,员工 全部 进 情况 发生,这 问题 全部 情况 发生 问题
S005670_P0000_T00,签证 随便 做 不是,签证 情况 做 不同,签证 随便 做 不同,签证 随便 做 不同,签证 证明 随便 做 不是,签证 随便 不同
S005670_P0009_T00,签证 随便 做 不是,他 证明 随便 工作 不同,证明 随便 工作 不同,证明 随便 工作 不同,证明 或 工作 不是,证明 随便 工作 不同
S005680_P0009_T00,这 恶心 吃 东西 我们 叫 什么 黑 东西,看 呕吐 东西 我 妈妈 1 东西,看 吃 东西 我 什么 黑 东西,看 呕吐 吃 东西 我 什么 黑 东西,看 东西 是 什么 黑 东西,看 呕吐 吃 东西 我 黑 东西
S005694_P0009_T00,包装 钱 寄 钱 一起 5 元,包 包装 钱 寄 钱 5,包 包装 钱 信 钱 5,包 包装 钱 寄 钱 5,包装 想 信 5,包装 装 钱 提高 钱 5
S005731_P0006_T00,道理 经常 可以 增加 知识 缺少 知识 一辈子 增加 不行 道理 缺少,道理 经常 可以 增加 聪明 缺少 知识 请假 增加 不行 清楚 缺少,道理 经常 可以 增加 知识 缺少 知识 请假 增加 不行 清楚 缺少,道理 经常 可以 增加 知识 缺少 知识 请假 增加 不行 清楚 缺少,道理 经常 可以 增加 知识 增加 知识 我 最 不行 清楚 时间,道理 经常 可以 增加 知识 缺少 知识 一辈子 增加 不行 干净
S005731_P0009_T00,道理 经常 可以 增加 知识 缺少 知识 一辈子 增加 不行 道理 缺少,道理 经常 可以 增加 知识 缺少 知识 身体 增加 不行 道理 缺少,道理 经常 可以 增加 知识 缺少 知识 增加 不行 道理 缺少,道理 经常 可以 增加 知识 缺少 知识 增加 不行 道理 缺少,道理 可以 增加 知识 过期 过敏 增加 不行 道理 抵挡,道理 原来 可以 增加 知识 缺少 知识 增加 不行 道理 解决
S005762_P0006_T00,那 年 北京 运动会 幸运 标志 是 福气 娃娃,他 年 北京 运动会 幸好 标志 是 幸福 娃娃,他 年 北京 运动会 幸好 标志 是 娃娃,他 年 北京 运动会 会议 幸好 标志 是 幸福 娃娃,他 年 在 运动会 会议 知识 正确 是 幸福 娃娃,他 年 北京 运动会 会 标志 是 娃娃
S005764_P0006_T00,他 多 爱护 房子 园 1 草 1 树,多 爱护 房子 调整 草 1 树,多 爱护 房子 草 1 树,多 爱护 房子 草 1 树,你 要 爱护 房子 环境 草 1 树,多 爱护 房子 1 草 1 树
S005797_P0000_T00,你 包 放 提前 完成 不 到 时间 整理,你 红包 放 提前 完成 不 到 时间 处理,你 红包 放 提前 完成 不 到 时间 处理,你 红包 放 提前 完成 不 到 时间 处理,你 阑尾 防 提前 完成 经常 时间 最 处理,你 包 放 提前 完成 不 到 处理
S005797_P0009_T00,你 包 放 提前 完成 不 到 时间 整理,你 包 防止 提前 完成 不 时间 到 时间 处理,你 防止 前 完成 不 时间 到 时间 处理,你 防止 前 完成 不 时间 到 时间 处理,你 世界 防止 前 完成 不 时间 处理,他 前 完成 不 时间 到 时间 处理
S005808_P0000_T00,1 程序 写 好了 还 要 经过 重复 试,1 程序 写 好了 还 要 故事 重复 试,1 程序 写 好了 还 要 程序 重复 试,1 程序 写 好了 还 要 程序 重复 试,程序 写 好了 还 程序 重复,1 程序 写 好了 还 要 程序 重复 试
S005842_P0000_T00,河 南 北 沟通 长 河 大 桥,长江 南 北 沟通 长江 大 桥,路 南 北 沟通 长江 大 桥,路 南 北 沟通 长江 大 桥,路 南 北 沟通 长江 大 桥,路 南 北 沟通 长江 桥
S005842_P0009_T00,河 南 北 沟通 长 河 大 桥,长江 南 北 沟通 长江 大 桥,长江 南 北 沟通 长江 大 桥,长江 北 沟通 长江 大 桥,路 北 沟通 长江 大 桥,长江 南 北 沟通 通过 路 大 桥
S005861_P0009_T00,他 气 否认 说 好了 这 要 追 根据 哪 来,否认 说 好了 要 说 追 把握 什么 来,否认 说 好了 要 说 追求 把握 什么 来,否认 说 好了 要 说 追求 把握 什么 来,否认 说 好了 要 说 女 追 根据 不懂,否认 说 好了 要 说 追求 把握 什么 来
S005874_P0006_T00,农民 对 狗 心 爱护 结果 狗 咬,农村 对 走 心 爱护 最后 结果 快递,农村 对 狗 心 爱护 最后 结果 快递,农村 对 狗 心 爱护 最后 结果 快递,农民 对 病 决定 他 爱护 终于 结果 花钱,把 对 外 心 爱护 最后 结果 问
S005880_P0000_T00,最近 有 好 日期 合适 办理 结婚 桌子,刚才 有 好 日期 大,刚才 有 好 日期 合适 结婚 大,刚才 有 好 日期 合适 办理 结婚 大,明天 有 好 日期 事情 因为,刚才 有 日期 合适 办理 结婚 大
S005880_P0006_T00,最近 有 好 日期 合适 办理 结婚 桌子,昨天 好 多 办理,昨天 好 合适 办理,昨天 好 多 合适 办理 结婚,只 好 合适 办理 大,昨天 有 好 合适 办理
S005881_P0000_T00,妈妈 办理 好了 超市 会议 员工 卡,妈妈 办理 好了 超市 员工 卡,妈妈 办理 好了 超市 员工 卡,妈妈 办理 好了 超市 员工 卡,爸爸 办理 好了 超市 员工 卡,妈妈 办理 好了 超市 员工 卡
S005892_P0000_T00,会议 房子 有 多媒体 系统,会议 房子 多媒体 系统,会议 房子 有 多媒体 系统,会议 房子 有 多媒体 系统,房子 有 多媒体 系统,房子 有 多媒体 系统
S005892_P0006_T00,会议 房子 有 多媒体 系统,会议 房子 有 电影 系统,会议 房子 有 电影 系统,会议 房子 有 电影 系统,会议 房子 有 多媒体 系统,会议 有 电影 系统
S005893_P0000_T00,卡 我们 研究 后 才 可以 告诉 你 病 效果 什么,卡 我 研究 到 还 可以 告诉 你 病 什么,卡 我 研究 后 还 告诉 你 病 什么,卡 我 研究 后 还 告诉 你 病 什么,卡 要 研究 找 告诉 你 病 你,这 我 研究 后 还 可以 告诉 他 病 什么
S005893_P0006_T00,卡 我们 研究 后 才 可以 告诉 你 病 效果 什么,恋爱 我 研究 到 还 可以 告诉 那 病 结果 什么,恋爱 卡 我 研究 后 还 可以 告诉 那 病 结果 什么,恋爱 卡 我 研究 后 还 可以 告诉 这 病 结果 什么,恋爱 卡 研究 后 这 告诉 这 病 亲属 什么,卡 我 研究 顺利 还 可以 告诉 他 病 结果 什么
S005894_P0006_T00,他 认为 自己 可以 进 决赛 没想到 他 1 开始 失败,他 认为 自己 可以 进 决赛 没想到 开始 失败,他 认为 自己 可以 进 决赛 没想到 开始 失败,他 认为 自己 可以 进 决赛 没想到 开始 失败,他 认为 自己 可以 进 安全 梦想 开始 失败,他 认为 自己 可以 决赛 没想到 开始 失败
S005913_P0000_T00,前 年 1 这 艾滋 病 人 死 多,新 年 这 艾滋 病 人 死 多,以前 年 这 艾滋 病 人 死 多,以前 年 这 艾滋 病 人 死 多,男 年 他 艾滋 病 人 死 多,以前 年 1 这 艾滋 病 人 死 多
S005913_P0006_T00,前 年 1 这 艾滋 病 人 死 多,昨天 年 1 这 艾滋 病 人 死 多,年 1 这 艾滋 病 人 死 多,年 1 这 艾滋 病 人 死 多,几 年 1 这 艾滋 病 人 死 多,年 1 这 艾滋 病 人 死 多
S005931_P0000_T00,每 人 自己 有 特别 点 不 肯定 要 乱 瞎 模仿,每 人 自己 有 特别 点 不 肯定 要 乱 模仿,每 人 自己 有 特别 点 不 肯定 要 乱 模仿,每 人 自己 有 特别 点 不 应该 要 乱 模仿,每 人 自己 特别 应该 不 肯定 不行 乱 教 准确,每 人 自己 特别 点 不 应该 要 乱 模仿
S005931_P0006_T00,每 人 自己 有 特别 点 不 肯定 要 乱 瞎 模仿,每 人 自己 有 特别 点 不 必须 要 瞎 模仿,每 人 自己 有 特别 点 不 应该 要 乱 瞎 模仿,每 人 自己 有 特别 点 不 应该 要 乱 瞎 模仿,每 人 自己 特别 不 应该 要 乱 模仿,每 人 自己 有 特别 点 不 应该 要 模仿
S005933_P0000_T00,人们 排队 排队 清楚 这 是 好 习惯,人们 队 排队 清楚 这 是 好 习惯,人们 排队 清楚 这 是 好 习惯,人们 排队 清楚 这 是 好 习惯,人们 降 法律 不好,人们 排队 清楚 这 是 好 习惯
S005933_P0009_T00,人们 排队 排队 清楚 这 是 好 习惯,人们 排队 清楚 这 是 好 习惯,人们 排队 清楚 这 是 好 习惯,人们 排队 清楚 这 是 好 习惯,人们 排队 清楚 这 有 好,人们 排队 清楚 这 是 好 习惯
S005936_P0000_T00,人 作弊 抓 人 脑子 空 好 还 强调 各种 什么 道理,人 作弊 人 脑子 空 好 还 各种 什么 道理,人 作弊 做 人 脑子 空 好 还 各种 什么 道理,人 作弊 人 脑子 空 好 还 各种 什么 道理,人 做 人 空 好 各种,人 作弊 最 人 脑子 空 好 还 各种 什么 道理
S005941_P0006_T00,这 事情 在 这 特别 点 场合 会 发生,这 事情 在 这 特别 地方 会 发生,这 事情 在 这 特别 箱子 场合 会 发生,这 事情 在 这 特别 箱子 场合 会 发生,这 事情 年 特别 箱子 场合 会 发生,这 事情 在 这 特别 场合 会 发生
S005941_P0009_T00,这 事情 在 这 特别 点 场合 会 发生,这 事情 在 这 特别 点 地方 会 发生,这 事情 在 这 特别 这 地方 会 发生,这 事情 在 这 特别 点 地方 会 发生,这 事情 在 这 读书 箱子 场合 会 发生,这 事情 在 这 读书 这 大 地方 会 发生
S005949_P0000_T00,因为 你 我 害羞 翻脸,因为 你 我 害羞 翻脸,因为 你 我 害羞 翻脸,因为 你 我 害羞 翻脸,因为 差点 翻脸,因为 我 害羞 翻脸
S005949_P0006_T00,因为 你 我 害羞 翻脸,因为 你 我 害羞 翻脸,因为 你 我 害羞 翻脸,因为 你 我 害羞 翻脸,因为 这 我 害羞 翻脸,因为 你 我 害羞 翻脸
S005956_P0000_T00,这 句子 多 害羞 我 还是 告诉 你,这 题目 多 害羞 我 还是 告诉 你,这 题目 多 害羞 我 还是 告诉 你,这 题目 多 害羞 我 还是 告诉 你,他 句子 他 害羞 我 还是 吃不消,这 题目 多 害羞 我 还是 告诉 你
S005956_P0009_T00,这 句子 多 害羞 我 还是 告诉 你,你 句子 害羞 我 还是 告诉 你,你 句子 害羞 我 还是 告诉 你,你 句子 害羞 我 还是 告诉 你,他 句子 我 给 你,这 句子 害羞 我 还是 告诉 你
S005957_P0000_T00,像 你 粗 脑子 空 还 会 有 害羞,像 你 空 还 会 有 害羞,像 你 脑子 空 会 有 害羞,你 脑子 空 会 有 害羞,你 突然 空 看 脸,你 吃 想 会 有 害羞
S005971_P0000_T00,这 好吃 喝 胖,他 吃 好 喝 大,他 吃 喝 大,他 好吃 喝 大,他 把 吃 大,他 饭 喝 胖
S005971_P0006_T00,这 好吃 喝 胖,他 好吃 喝 大,他 好吃 喝 大,他 好吃 喝 大,他 好吃 大,他 好吃 喝 大
S005972_P0006_T00,有 一些 倒霉 人 喜欢 喝 酒 解决 愁眉,有 一些 人 不幸 人 喜欢 酒 解决 愁眉,有 一些 人 倒霉 人 喜欢 酒 解决 过敏,有 一些 人 倒霉 人 喜欢 酒 解决 过敏,有 一些 人 聪明 人 喜欢 酒 解决 烦,有 一些 人 倒霉 人 喜欢 酒 解决 过敏
S005972_P0009_T00,有 一些 倒霉 人 喜欢 喝 酒 解决 愁眉,有 一会儿 倒霉 人 喜欢 酒 愁眉,他 有 多 倒霉 人 喜欢 酒 解决 愁眉,他 有 一会儿 倒霉 人 喜欢 酒 解决 愁眉,他 有 多 过敏 人 喜欢 酒 解决 愁眉,他 有 倒霉 人 喜欢 酒 愁眉
S005981_P0009_T00,他 旅游 时间 每 到 1 地方 全部 会 发送 自己 拍,他 旅游 时间 每 好 地方 全部 会 拍照,他 旅游 时间 每 好 地方 全部 会 发送 拍照,他 旅游 时间 每 到 地方 全部 会 拍照,他 旅游 时间 还 这 地方 全部 会 发送,他 时间 每 好 地 全部 会 像 他们 拍照
S005996_P0000_T00,如果 你 怀疑 阑尾 炎 最 好 给 药 不 孩子 会 痛,如果 你 委屈 阑尾 炎 最 给 药 不 孩子 会 痛,如果 委屈 阑尾 炎 最 给 药 不 孩子 会 痛,如果 怀疑 阑尾 炎 最 给 药 不 孩子 会 痛,如果 阑尾 炎 最 给 药 不 孩子 吃,如果 委屈 阑尾 炎 最 好 给 药 不 孩子 会 痛
S005996_P0006_T00,如果 你 怀疑 阑尾 炎 最 好 给 药 不 孩子 会 痛,如果 你 委屈 阑尾 炎 最 给 药 不 孩子 会,如果 你 怀疑 阑尾 炎 最 给 药 不 孩子 会,如果 你 怀疑 阑尾 炎 最 给 药 不 孩子 会,如果 你 怀疑 阑尾 炎 最 给 不 孩子 会,如果 怀疑 阑尾 炎 最 好 给 药 不 孩子 会 痛
S006013_P0009_T00,共产党 政府 改革 发展 春天 下 全部 改变 新 形势 好,这 共 政府 这 发展 春天 下 全部 新 情况 好,这 政府 发展 春天 下 全部 新 情况 好,这 共产党 政府 发展 春天 下 全部 改变 新 情况 好,这 政府 发展 后 全部 声音 钱,这 政府 这 发展 春天 下 全部 新 好
S006015_P0000_T00,追 证明 信息 满意 要 经常 和 客 人 沟通,你 证明 信息 满足 要 经常 和 客 人 沟通,他 证明 信息 要 经常 和 客 人 沟通,他 证明 信息 要 经常 和 人 沟通,他 证明 信息 中国 和 客 人 沟通,追 要求 证明 信息 要 人 沟通
S006017_P0000_T00,你 是 介绍 他 我 2 学校 合作,你 介绍 他 我 2 学校 合作,你 是 介绍 他 我 学校 合作,你 是 介绍 他 我 学校 合作,你 是 介绍 他 我 学校 合作,你 是 介绍 他 我 学校 合作
S006017_P0009_T00,你 是 介绍 他 我 2 学校 合作,你 介绍 他 我 学校 组 团,这 介绍 他 和 学校 组 团,这 介绍 他 和 学校 组 团,这 介绍 可以 人 学校 组 团,这 介绍 他 和 学校 组 团
S006035_P0000_T00,方 二维码 这 包括 信息 多,二维码 这 包括 信息 多,二维码 这 包括 信息 多,二维码 这 包括 信息 多,方法 二维码 这 信息 多,二维码 这 短信息 信息 多
S006035_P0009_T00,方 二维码 这 包括 信息 多,这 包括 信息 多,这 包括 信息 多,这 二维码 这 包括 信息 多,钱 包括 信息 多,这 二维码 这 包括 信息 多
S006043_P0000_T00,台 风 影响 大家 钱 全部 吃亏 多,哥哥 影响 大家 对 全部 吃亏 多,他 影响 大家 钱 全部 吃亏 多,他 影响 大家 钱 全部 吃亏 多,他 风 影响 大家 钱 全部 吃亏 有,哥哥 影响 大家 对 全部 吃亏 多
S006051_P0006_T00,东西 买卖 员工 热情 对 打招呼 让 客 人 指 东西,东西 事情 员工 热情 对 不 客 人 那 东西,东西 事情 员工 热情 对 不 客 人 那 东西,东西 买卖 员工 热情 对 不 客 人 东西,东西 让 他 热情 对 他 客 人 丢 东西,东西 画画 员工 热情 和 男 客 人 像 东西
S006051_P0009_T00,东西 买卖 员工 热情 对 打招呼 让 客 人 指 东西,东西 买卖 员工 热情 对 不 请 我 看 他,东西 买卖 员工 热情 对 不 请 你 看 东西,东西 买卖 员工 热情 对 不 请 你 看 东西,东西 买卖 他 热情 对 女 请 东西,东西 买卖 员工 热情 对 听 请 你 看 东西
S006071_P0009_T00,这 篇 文章 我 看 几 次 不懂,表格 文章 看 不懂,表格 看 不懂,表格 看 我 看 不懂,这 表格 看 不懂,表格 看 不懂
S006072_P0000_T00,坐 离开 超过 1 小时 有 人 书 拿 会,在 超过 小时 有 人 会,在 超过 小时 有 人 书 会,在 超过 小时 有 人 书 会,在 超过 期 有 人 多 忘记,在 离开 号码 小时 有 人 书 会
S006078_P0006_T00,定 位置 导航 系统 给 生活 方便,他 定 位置 导航 系统 给 生活 方便,定 位置 导航 系统 给 生活 方便,决定 位置 导航 系统 给 生活 方便,他 在 导航 系统 给 生活 方便,位置 导航 系统 给 生活 方便
S006078_P0009_T00,定 位置 导航 系统 给 生活 方便,决定 位置 导航 系统 给 方便,决定 位置 导航 系统 给 他 方便,决定 位置 导航 系统 给 他 方便,定 盖章 先 导航 系统 给,决定 位置 导航 系统 给 他 方便
S006081_P0006_T00,自行车 堵车 他 走 近 影响 交通,堵车 他 走 近 影响 交通,堵车 他 走 近 影响 交通,堵车 他 走 近 影响 交通,堵车 孩子 走 近 影响 交通,堵车 他 走 近 影响 交通
S006081_P0009_T00,自行车 堵车 他 走 近 影响 交通,堵车 他们 走 近 影响 交通,十字路 他们 走 近 影响 交通,十字路 堵车 他们 走 近 影响 交通,新 近 影响 交通,十字路 他 走 近 影响 交通
S006086_P0006_T00,他 想法 好 经常 和 人 交流 意见,想 好 经常 和 人 交流 意见,想 好 经常 和 人 交流 意见,想法 好 经常 和 人 交流 意见,想 好 经常 和 人 交流 意见,想法 好 经常 和 交流 意见
S006086_P0009_T00,他 想法 好 经常 和 人 交流 意见,想 好 经常 和 交流 意见,想法 好 经常 和 交流 意见,想法 好 经常 和 交流 意见,想法 好 经常 但是 交流 意见,想法 好 经常 和 交流 意见
S006089_P0000_T00,我 存折 里 有 500,我 银行 存折 里 有,我 存折 里 有,我 存折 里 有,我 存折 里 有 多,我 银行 存折 里 有 500
S006115_P0000_T00,成功 企业 房子 是 一直 对 强 学 他 成功 经验,成功 企业 是 一直 对 强 学 成功 经验,成功 企业 房子 是 一直 对 强 学 成功 经验,成功 企业 房子 是 一直 对 强 学 成功 经验,成功 企业 是 坚持 对 强 学 成功 经验,成功 企业 房子 是 1 一直 对 强 学 成功 经验
S006115_P0006_T00,成功 企业 房子 是 一直 对 强 学 他 成功 经验,成功 企业 是 一直 对 强 学 他 成功 经验,成功 企业 是 一直 对 强 学 成功 经验,成功 企业 是 一直 对 强 学 成功 经验,成功 企业 是 一直 对 强 学 成功 经验,成功 企业 房子 是 一直 对 强 学 成功 经验
S006127_P0006_T00,做 生意 脑子 你 有,做 生意 想 你 有,做 生意 想 你 有,做 生意 想 你 有,做 生意 想 天天 你 多,做 生意 想 你 有
S006144_P0009_T00,艾滋 病 传染 方法 重要 是 什么 做爱 传染,艾滋 病 传染 方法 重要 是 什么 做爱 影响,艾滋 病 传染 方法 重要 是 什么 做爱 传染,艾滋 病 传染 方法 重要 是 什么 做爱 传染,艾滋 病 传染 方法 重要 是 什么 是,艾滋 病 传染 方法 重要 是 什么 感染
S006160_P0000_T00,街道 前 超市 有 1,路 街道 超市 有 1,路 街道 这 超市 有 1,路 街道 这 超市 有 1,路 街道 这 超市 这,街道 帮助 超市 有 1
S006160_P0009_T00,街道 前 超市 有 1,街道 有 这 是 超市 有 1,路 街道 这 超市 有 1,路 街道 这 超市 有 1,路 街道 课 可以 超市 有 1,路 街道 这 是 超市 买 有 1
S006180_P0009_T00,爱 感情 跳 每 脉搏,爱 感情 跳 每 病,爱 感情 跳 每 病,爱 感情 跳 每 病,爱 感情 失败 不好 脉搏,爱 感情 跳 每 病
S006206_P0000_T00,我 电脑 笔记本 不见,我 电脑 笔记本 不见,我 电脑 笔记本 不见,我 电脑 笔记本 不见,我 电脑 笔记本 分,我 电脑 笔记本 不见
S006206_P0006_T00,我 电脑 笔记本 不见,我 电脑 笔记本 不见,我 电脑 笔记本 不见,我 电脑 笔记本 不见,我 电脑 笔记本 买,我 笔记本 不见
S006241_P0006_T00,字 身体 没有 固定 意思 是 人 表现 自己 表示,字 安全 没有 决定 意思 是 表示 自己 表现,字 身体 没有 决定 道理 是 人 表示 自己 表现,字 身体 没有 决定 道理 是 人 表示 自己 表现,字 身体 没有 规定 写 是 人 表示 自己 表现,题目 身体 没有 决定 道理 是 人 表示 自己 表现
S006244_P0000_T00,饭 卡 丢 2 天 开始 2 天 钱 减 会 不,信 丢 2 开始 天 钱 会 不,信 丢 2 开始 钱 会 不,信 丢 2 开始 钱 减 会 不,信 走 黑 开始 每天,信 丢 2 开始 钱 传统 会 不
S006244_P0006_T00,饭 卡 丢 2 天 开始 2 天 钱 减 会 不,信 丢 2 开始 天 钱 会 不,信 丢 2 开始 天 钱 减 会 不,信 丢 天 开始 天 钱 减 会 不,用 丢 天 开始 天 减 热,信 丢 2 天 开始 天 钱 永远 会 不
S006258_P0009_T00,因为 害怕 报复 他 天 心跳 吃 不,因为 我 报复 天天 担心 固定 不,因为 我 报复 天天 担心 固定 不,因为 我 报复 黑 担心 跳 不,因为 报复 不好 天 担心 肯定 不,因为 我 报复 天天 心 不
S006268_P0006_T00,大概 你 想 我 成功 没有 吃亏 你 不 怀疑 每天 距离 这 成功 1 步,想 要 成功 没有 吃亏 你 不 怀疑 每天 距离 成功 他,想 要 成功 没有 吃亏 你 不 怀疑 每天 距离 成功,想 要 成功 没有 吃亏 你 不 怀疑 每天 距离 成功,想 要 成功 没有 问 你 可以 问 怀疑 经常 距离 成功 除了,想 要 成功 没有 吃亏 你 不 怀疑 每天 炒 这 成功
S006268_P0009_T00,大概 你 想 我 成功 没有 吃亏 你 不 怀疑 每天 距离 这 成功 1 步,想 要 成功 没有 吃亏 你 不 怀疑 每天 核对 这 成功 实践,想 要 成功 没有 吃亏 你 不 怀疑 每天 今天 这 成功 实践,想 要 成功 没有 吃亏 这 不 怀疑 经常 这 成功 实践,我 想 努力 成功 白 药 痛 风 努力 以前 今天 成功 步,想 要 比 没有 吃亏 这 不 怀疑 每天 亲切 这 成功 步
S006300_P0006_T00,到 银行 工作 是 惊讶 我 可以 不行 拒绝,去 工作 是 奇怪 我 可以 不行 拒绝,去 工作 是 奇怪 我 可以 不行 拒绝,去 工作 是 奇怪 我 可以 不行 拒绝,工作 看 我 可以 被,去 工作 看 惊讶 我 可以 不行 拒绝
S006312_P0000_T00,全部 同学 坐 好 后 联欢 晚上 会议 开始,全部 同学 在 后 联系 广告 会议 开始,全部 同学 在 后 联系 晚上 会议 开始,全部 同学 在 后 联系 会议 开始,全部 同学 高 后 联系 会议 开始,全部 学校 在 后 联系 晚上 会议 开始
S006312_P0009_T00,全部 同学 坐 好 后 联欢 晚上 会议 开始,全部 学校 在 后 联系 晚上 会议 开始,全部 学校 在 后 联系 晚上 会议 开始,全部 学校 在 后 联系 晚上 会议 开始,全部 学校 在 后 联系 晚上 会议 开始,全部 学校 在 后 联系 晚上 会议 开始
S006344_P0009_T00,他 人 品 好 可以 力量 强 公 系统 没有 录取 成功 可惜,产品 可以 强 公司 没有 录取 成功 怎么办,产品 品 可以 能力 强 公司 没有 录取 成功 怎么办,产品 品 可以 强 公司 没有 录取 成功 可惜,吵架 可以 能力 强 公司 没有 录取 成功 怎么办,品 课 好 强 公司 没有 成功 离婚
S006352_P0000_T00,王 叔叔 对 坏 人 插 害怕 没有,对 坏 人 我 没有,猫 叔叔 对 坏 人 见面 我 没有,叔叔 对 坏 人 见面 我 没有,猫 老师 对 坏 人 我 不,叔叔 对 坏 敌人 见面 害怕 没有
S006416_P0009_T00,这 电影 女 演员 美丽 好,这 电影 演员 美丽,这 电影 演员 美丽,这 电影 演员 美丽,这 电影 跳舞 美丽,这 电影 女 演员 美丽
S006423_P0000_T00,今 短信息 用 人 少,今天 短信息 包括 人,今天 短信息 用 人 多,今天 短信息 用 人 多,今天 短信息 用 人 多,今天 短信息 用 人 少
S006430_P0000_T00,他 恋爱 有 对象 他 假,这 恋爱 有 对象 他 安静,恋爱 有 对象 他,恋爱 有 对象 他 假,人 对,恋爱 有 对象 像 他 假
S006452_P0000_T00,对 我们 来 说 1 分钟 是 宝贵,对 我们 来 说 分钟 是 贵,对 我们 说 分钟 是 贵,对 我们 说 1 是 贵,对 我们 说 第一 是 贵,对 我们 说 问题 是 贵
S006453_P0009_T00,你 冷静 我 帮助 会,你 冷静 我 帮助 会,你 冷静 我 帮助 会,你 冷静 我 帮助 会,你 冷静 我 帮助 会,你 冷静 我 帮助 会
S006477_P0000_T00,洗 衣服 机器 前 衣服 口 检查 有 东西 餐巾 纸 有,洗 衣服 空 检查 有 东西 餐巾 纸 有,洗 衣服 前 检查 东西 餐巾 纸 有,洗 衣服 前 空 检查 东西 餐巾 纸 有,洗 前 检查 东西 吃亏,洗 衣服 前 查询 东西 餐巾 纸 有
S006480_P0009_T00,外卖 公司 名字 不同,公司 人 不同 不是,公司 人 不同,公司 人 不同,订 公司 人 严重,公司 人 不同
S006484_P0009_T00,飞 人 没有 方法 超,飞机 反对 人 没有 方法 超,飞机 人 没有 方法 超过,飞机 人 没有 方法 超过,梦想 没有 方法 超过,飞机 人 没有 方法 超过
S006490_P0000_T00,学校 年 1 次 音乐 比赛 开始,学校 年 1 比赛 开始,学校 年 1 音乐 比赛 开始,学校 年 1 音乐 比赛 开始,学校 年 1 比赛 开始,年 1 音乐 比赛 开始
S006493_P0009_T00,纸 表格 复印 好了,张 表格 打印 好了,张 表格 打印 好了,张 表格 打印 好了,电子 表格 打印 好了,张 纸 表格 打印 好了
S006499_P0009_T00,玻璃 圆 做 碗 以前 旧,会 做 碗 以前 1,玻璃 好 做 以前,玻璃 做 以前,好 做 声音 学,玻璃 掉 做 以前
S006505_P0009_T00,彩票 买 钱 2 最 低,彩票 买 2 最 低,彩票 买 2 最 低,彩票 买 2 最 低,彩票 买 衣服 时间,彩票 买 2 最 低
S006532_P0009_T00,你 能力 拿 冠军 真 可以,力量 冠军 真 法,能力 冠军 真 可以,能力 冠军 真 可以,能力 错误 真 不,法 能力 冠军 真 可以
S006537_P0009_T00,越 多 接触 我 越 多 感觉 到 他 人 性格 好,越 亲切 我 越 到 人 性格 好,越 多 亲切 我 越 感觉 到 人 性格 好,越 多 亲切 我 越 感觉 到 人 性格 好,这 多 亲切 我 感觉 人 性格,多 接触 我 越 感觉 到 人 性格 好
S006540_P0009_T00,上海 可以 说 是 中国 金融 中心,上海 可以 说 是 中国 经济 中心 心,上海 说 是 中国 经济 中心 心,上海 说 是 中国 经济 中心,上海 说 是 国 经济 心,上海 老师 说 是 中国 经济 中心
S006542_P0000_T00,我 一直 感觉 他 工作 金融 人 人 多 保密,想 他 做 经济 人 多 秘密,想 做 金融 人 多 美丽,想 做 金融 人 多 美丽,我 想 做 金融 人 美丽,想 做 金融 人 多 美丽
S006564_P0009_T00,我们 在 这 发现 有 河 脏,在 是 河 成熟,在 发现 河 方便,在 发现 河 习惯,在 前 河 方便,在 发现 河 旧
S006565_P0009_T00,我 越 读 越 发现 自己 聪明,越 读 发现 差不多 他 自己 聪明,越 读 差不多 自己 聪明,越 读 发现 自己 聪明,看 特别 是 错误,越 读书 差不多 自己 聪明
S006575_P0000_T00,老 人 迷信 信 多,老 人 迷信 信 多,老 人 迷信 信 多,老 人 迷信 信 多,老 人 迷信 信 多,老 人 迷信 多
S006584_P0009_T00,过来 电 线 插,快 仔细,快 仔细 固定,快 仔细 固定,快 仔细 登记,快 仔细 固定
S006640_P0009_T00,病 情况 还有 外 比如 说 呕吐 头痛 各种 有,网 情况 外 像 说 痛 各种 有,网 情况 外 像 说 痛 各种 有,情况 外 像 说 痛 各种 有,表格 情况 外 像 如果 各种 有,网 情况 外 像 说 痛 各种 有
S006667_P0009_T00,同学 运动会 拿 到 第一 成绩,同学 运动会 拿 他 第一 成绩 分钟,同学 运动会 拿 第一 成绩,同学 运动会 拿 第一 成绩,同学 飞机 1 第一 成绩 分钟,同学 运动会 拿 第一 成绩
S006674_P0009_T00,小 程序 这 不用 下载 可以 直接 用 多 方便,这 小 程序 这 不用 下载 可以 直接 用 方便,这 程序 这 他 下载 可以 一直 用 方便,这 程序 不用 下载 可以 一直 用 方便,这 故事 他 这 可以 一直 用 他们,小 程序 机器 名字 可以 一直 用 方便
S006677_P0000_T00,医生 给 我 处方 是 专门 感冒 药,医生 给 处方 是 专门 感冒,医生 给 处方 是 专门 感冒 药,医生 给 处方 是 专门 感冒 药,医生 给 处方 是 专门 感冒,医生 给 我 处方 是 专门 感冒 药
S006686_P0009_T00,你 乏味 生活 我 忍受 不行,你 乏味 生活 我 忍受 不行,这 乏味 生活 我 忍受 不行,这 乏味 生活 我 忍受 不行,这 生活 不好 不行,这 乏味 生活 我 忍受 不行
S006694_P0000_T00,幸好 我 发现 快 不 承认 倒霉,我 幸运 我 发现 快 不 承认 倒霉,幸运 我 发现 快 不 承认 倒霉,幸运 我 发现 快 不 承认 倒霉,幸运 我 没有 我 不 承认 不幸,幸运 我 发现 快 不 承认 倒霉
S006699_P0000_T00,他 路 犹豫 表情 茫然,这 路 犹豫 脸 表情 茫然,这 路 自行车 脸 表情 茫然,这 路 犹豫 脸 表情 茫然,前 路 表情,他 路 自行车 脸 表情 茫然
S006700_P0000_T00,你 会 说 大 话 其实 做 他 茫然,你 会 说 大 真 他 茫然,你 会 说 大 真 他 茫然,你 会 说 大 真 他 茫然,你 会 说 大 好 真 养 茫然,你 会 说 大 真 他 茫然
S006715_P0009_T00,国家 规定 同学 们 要 按照 每 学 期 付 钱 要 要,在 学校 按照 每 1 期 要 付 要,在 学校 按照 每 期 付 要,在 学校 按照 每 期 付 要,在 学校 按照 晚期 拿 要,在 学校 按照 每 1 期 付 要
S006748_P0009_T00,等 我 长大 要 报名 战 队 要 前 线 做 护士,我 高 要 我 战争 无线 护士,我 高 报名 战争 无线 护士,我 高 报名 战争 无线 护士,我 高 报名 战争 快 仔细 护士,我 高 要 报名 战争 前 护士
S006754_P0000_T00,我们 应该 在 体育 课 教 不 受伤 方法,我们 应该 运动 课 教 不 受伤 方法,我们 应该 运动 课 教 不 受伤 方法,我们 应该 运动 课 教 不 受伤 方法,我们 应该 行动 力 教 不 受伤 方法,我们 应该 体育 课 教 不 接受 受伤 方法
S006761_P0009_T00,我们 老师 仔细 好 注意 一直 观察 同学 心理 变化,我们 仔细 注意 找 学校 没有 心 变化,我们 仔细 注意 找 互相 心 变化,我们 仔细 注意 找 互相 变 心理 变化,我们 仔细 注意 癌 人 互相 心 变化,我们 仔细 好 仔细 找 互相 变
S006770_P0009_T00,银行 卡 限制 自己 身份 人 不行 借,银行 卡 自己 不行,银行 卡 人 自己,银行 卡 对 自己 打胎,银行 人 自己 锻炼,银行 和 自己 想
S006772_P0000_T00,共 经济 买卖 或 租 是 不 愿意 签名,经济 租 是 不 喜欢 签名,经济 商店 为 是 不 愿意 签名,经济 商店 或 是 不 愿意 签名,通过 经济 买卖 为 时间 是 爸爸 在,经济 商店 买 为 是 不 愿意 签名
S006779_P0000_T00,这 传染 病 是 通 空气 传染 你 要 注意 预防,这 传染 病 通过 空气 传染 你 要 注意 避免,这 传染 病 通过 空气 传染 你 要 注意 防止,这 病 通过 空气 传染 你 要 注意 防止,这 配合 病 通过 空气 传染 是 要 预防,这 传染 病 通过 空气 传染 你 要 注意 防止
S006813_P0000_T00,年 20 后 政府 帮助 他 终于 定居,年 1 后 政府 帮助 终于 定居,年 1 后 政府 帮助 终于 定居,年 1 后 政府 帮助 终于 定居,年 1 后 政府 帮助 终于 定居,年 后 政府 帮助 终于 定居
S006819_P0007_T00,医生 穿 衣服 医生 白,医生 衣服 医生 力量 白,医生 穿 衣服 医生 没有,医生 穿 衣服 医生 力量 白,医生 穿 衣服 记得,医生 穿 衣服 医生 没有
S006835_P0000_T00,1 一直 依然 不够 要 破,你 一直 感冒 不够 要,你 一直 感冒 不够 要 破坏,你 一直 感冒 不够 要 破坏,他 一直 感冒 快 要 我 做,他 一直 仍然 不够 要 破坏
S006835_P0003_T00,1 一直 依然 不够 要 破,一直 看 不够 要 破,一直 看 不够 要 破坏,一直 看 你 不够 要 破坏,一直 你 不够 要 破坏,一直 看 不够 要 破坏
S006854_P0007_T00,你 存折 丢 快 去 银行 增加 办,你 银行 存 丢 快 去 银行 增加 事情,这 银行 存 丢 快 去 银行 增加 事情,这 你 银行 存 丢 快 去 银行 增加 事情,这 贿赂 去 银行 存折,你 银行 存 丢 快 去 银行 增加 事情
S006868_P0000_T00,躺 担架 他 晕,担架 晕,担架 晕,担架 晕,担架 晕,酒 担架 晕
S006868_P0007_T00,躺 担架 他 晕,担架 晕,担架 晕,担架 晕,担架 脸,担架 晕
S006873_P0003_T00,工人 工作 自己 技术 提高 进步,工 人 工作 技术 提高 进步,工 人 工作 技术 提高 进步,工 人 工作 技术 提高 进步,工 人 工作 技术 提高 进步,工 工作 技术 进步
S006875_P0007_T00,他 1 知道 重复 别 人 想法 自己 看法 没有,知道 技术 别 人 感觉 自己 认为 没,技术 别 人 想 自己 认为 没有,技术 别 人 想 自己 认为 没有,天 赋 重复 别 人 想 不 不够,定 外 人 想 自己 认为 没有
S006883_P0003_T00,他 后 想 做 科学 房子,我 后 想 做 科学 房子,我 后 想 做 科学 房子,我 后 想 做 科学 房子,我 原来 想 做 科学 房子,我 后 想 做 科学 房子
S006904_P0000_T00,我们 校园 干净,我们 校园 里 多 清楚,我们 校园 多 清楚,我们 校园 多 清楚,我们 校园 环境 清楚,我们 校园 园 多 干净
S006904_P0003_T00,我们 校园 干净,我们 校园 里 多 清楚,我们 校园 里 多 删除,我们 校园 里 多 清楚,我们 学校 校园 里 有 删除,我们 校园 里 多
S006946_P0007_T00,猫 看 这 小 鸟 惊吓,猫 你 给 妈妈 惊吓,猫 你 妈妈 惊吓,猫 你 妈妈 惊吓,我 红 妈妈 惊吓,猫 你 小 妈妈 担心
S006967_P0000_T00,你 看 他 接受 大 委屈 全部 没有 说 你 还 有 什么 不 平,你 看 他 接受 委屈 全部 没有 说 你 还 什么 一般,你 看 他 接受 大 委屈 全部 没有 说 你 还 什么 一般,你 看 他 接受 大 全部 没有 说 你 还 什么 清楚,你 他 接受 大 多 全部 没有 你 还 什么,你 看 他 接受 大 委屈 全部 没有 说 你 还 什么 为什么
S006968_P0003_T00,老师 批评 小 明 好了 小 明 感觉 多 委屈 快 找 人 倾诉,老师 批评 是 明 好了 小 明 感觉 后 找 人 倾诉,老师 批评 是 明 好了 小 感觉 委屈 找 人 倾诉,老师 批评 小 明 好了 小 感觉 委屈 找 人 倾诉,老师 做 错误 好了 他 感觉 多 人 喜欢,老师 批评 小 好了 小 感觉 找 人 倾诉
S006968_P0007_T00,老师 批评 小 明 好了 小 明 感觉 多 委屈 快 找 人 倾诉,老师 批评 小 明 好了 明 感觉 多 找 人,老师 批评 小 明 好了 小 明 感觉 多 委屈 找 人 倾诉,老师 批评 小 明 好了 小 明 感觉 多 委屈 找 人 倾诉,老师 批评 他 知道 好了 他 感觉 多 委屈 找 人 嘲笑,老师 批评 小 明 好了 小 明 感觉 多 委屈 找 人 倾诉
S006990_P0000_T00,以前 有 1 店 租 今天 找 不行,以前 有 1 店 租 今天 找 不行,以前 有 1 店 租 今天 找 不行,以前 有 1 店 租 今天 找 不行,以前 店 优点 今天 看,以前 有 1 店 租 今天 找 不行
S006990_P0007_T00,以前 有 1 店 租 今天 找 不行,以前 有 学生 租 今天 找 不行,以前 店 租 今天 找 不行,以前 有 店 租 今天 找 不行,我 店 时间 今天 3,以前 有 店 租 今天 找 不行
S006995_P0007_T00,我 自己 愿意 参加 组,我 自己 愿意 参加 组,我 自己 愿意 参加 组,我 自己 愿意 参加 组,我 每 1 组,我 自己 愿意 参加 集中
S007039_P0007_T00,地铁 站 多 新 特色,地铁 站 多 新 特色,地铁 站 多 新 特别 特色,地铁 站 多 新 特色,地铁 站 玻璃 是 特别 特色,地铁 站 多 新 大概 特色
S007042_P0000_T00,封面 设计 是 艺术 设计,封面 设计 是 艺术 设计,封面 设计 是 艺术 设计,封面 设计 是 艺术 设计,封面 设计 是 艺术 技术 是 计划,封面 设计 是 艺术 设计
S007042_P0003_T00,封面 设计 是 艺术 设计,封面 设计 技术 设计,封面 设计 技术 设计,封面 设计 技术 设计,封面 设计 技术 计划,封面 设计 技术 设计
S007053_P0000_T00,合同 要 写 清楚 日期 预防 没有 效果,合同 要 写 日期 预防 没有 效果,护照 合同 要 写 日期 预防,护照 合同 要 写 日期 预防 效果,教 写 日期 预防,护照 合同 要 写 日期 预防
S007053_P0007_T00,合同 要 写 清楚 日期 预防 没有 效果,这 合同 写 日期 预防 结果,合同 写 日期 预防 效果,合同 写 日期 预防 结果,教 登记 日期 帮助 结果,合同 写 日期 预防 效果
S007055_P0000_T00,北京 著名 签名 片子 是 什么 是 人们 大 会 房子,签名 片子 是 什么 北京 最 大 是 人们 会议 房子,签名 片子 是 什么 北京 最 大 是 人们 会议 房子,签名 片子 是 什么 北京 最 大 是 人们 会议 房子,签名 片子 是 什么 北京 最 大 是 人们 会议 房子,签名 片子 是 什么 北京 最 大 是 人们 人
S007055_P0003_T00,北京 著名 签名 片子 是 什么 是 人们 大 会 房子,北京 著名 签名 片子 是 什么 是 人们 大 房子,北京 著名 签名 片子 是 什么 是 人们 大 房子,北京 著名 签名 片子 是 什么 是 人们 大 房子,我们 著名 签名 片子 要 什么 是 人 大 房子,北京 著名 签名 片子 什么 是 人 大 房子
S007057_P0003_T00,2 对 夫妻 组 团 去 美国 旅游,2 对 夫妻 组 团 去 美国 旅游,对 夫妻 组 团 去 美国 旅游,对 夫妻 组 团 去 美国 旅游,对 夫妻 组 团 去 美国 旅游,2 对 学生 组 团 去 美国 旅游
S007057_P0007_T00,2 对 夫妻 组 团 去 美国 旅游,2 人 夫妻 组 团 去 美国 旅游,2 对 夫妻 组 团 去 美国 旅游,2 学生 结婚 组 团 去 美国 旅游,1 对 夫妻 组 团 去 美国 旅游,2 1 夫妻 组 团 去 美国 旅游
S007065_P0003_T00,工厂 急 招 多少 技术 熟悉 工人,厂 着急 招聘 多少 技术 熟悉 工 人,厂 着急 招聘 多少 技术 熟悉 工 人,厂 着急 招聘 多少 技术 熟悉 工 人,厂 急 招聘 多少 技术 熟悉 是 工 人,厂 着急 招聘 多少 技术 熟悉 工 人
S007067_P0003_T00,为 客气 远 亲属 哥哥 妈妈 做 炒 菜 菜,为 收 远 亲属 妈妈 哥哥 做 给,为 礼貌 远 亲属 妈妈 哥哥 做 大 炒,为 礼貌 远 亲属 妈妈 哥哥 做 大 炒,为 礼貌 远 亲属 爸爸 哥哥 做 大,为 远 亲属 妈妈 哥哥 做 炒
S007067_P0007_T00,为 客气 远 亲属 哥哥 妈妈 做 炒 菜 菜,为 远 亲属 哥哥 中 炒 钱 倒,为 客 远 亲属 哥哥 中 炒,为 客 远 亲属 哥哥 中 炒 小 局部,为 客 长 亲属 他 妈妈 炒,为 客 远 亲属 哥哥 中 炒 小
S007072_P0007_T00,他 永远 是 我们 学 好 榜样,辈 是 我们 学 好 榜样,王 是 我们 学 榜样,王 是 我们 学 榜样,王 是 叫 我们 学 榜样,是 我们 学 榜样
S007080_P0000_T00,孩子 打针 变 安静,打针 他 变 安静,身体 打针 他 变 安静,我 打针 他 变 安静,他 打针 他 生气,身体 打针 他 变 安静
S007080_P0003_T00,孩子 打针 变 安静,孩子 打针 他 变 安静,孩子 打针 他 变 安静,孩子 打针 他 变 安静,孩子 打针 你们 变 安静,孩子 打针 他 他们 变 安静
S007088_P0007_T00,你 点 这 检查 会 出现,你 点 查询 副 机器 会 运动,这 点 检查 机器 会 活动,这 点 检查 朋友 机器 会 活动,这 应该 检查 机会 会 运动,这 点 检查 机器 会 发生 活动
S007118_P0003_T00,我 梦想 时间 发现 你 追 我,我 手机 时间 你 在 追 要求 我,我 想 时间 你 在 追 我,我 想 时间 你 追 要求 我,我 想 时间 你 在 追 要求,我 梦想 时间 你 肯定 我
S007120_P0000_T00,我 是 没有 男 人 要 你 乱 说 什么,我 是 没有 男 人 你 乱 说 不,我 是 没有 男 人 要 你 乱 说 不,我 是 没有 男 人 要 你 乱 说 不,我 是 没有 人 有 你 乱 不,我 是 没有 男 人 要 你 乱 说 不
S007121_P0000_T00,你 喜欢 油 还 吃 胖 不喜欢,你 喜欢 油 还 吃 饱 不喜欢,你 喜欢 吃 饱 不喜欢,你 喜欢 吃 饱 不喜欢,喜欢 晚 吃 饱 斑马线,你 喜欢 吃 饱 不喜欢
S007121_P0007_T00,你 喜欢 油 还 吃 胖 不喜欢,你 喜欢 感冒 吃 饱 不喜欢,你 喜欢 感冒 吃 饱 不喜欢,你 喜欢 感冒 吃 饱 不喜欢,喜欢 药 吃 饱,你 喜欢 味道 吃 饱 不喜欢
S007123_P0000_T00,你 感冒 严重 要 快 去 医院,你 感冒 严重 快 去 医院,你 感冒 严重 要 快 去 医院,你 感冒 严重 要 快 去 医院,你 感冒 贵 要 去 医院,你 感冒 严重 要 快 去 医院
S007126_P0000_T00,中国 经济 发展 钱 工资 涨,中国 发展 好 钱 工资 涨,中国 发展 好 钱 工资 涨,中国 发展 好 钱 工资 涨,中国 发展 好 部分 工资 涨,中国 发展 好 钱 工资 涨
S007126_P0003_T00,中国 经济 发展 钱 工资 涨,国家 经济 发展 工资 涨,国家 经济 发展 工资 涨,国家 经济 发展 工资 涨,国家 发展 工资 涨,国家 经济 发展 工资 涨 降
S007133_P0003_T00,他 腿 关节 手术 成功,手指 关节 手术 成功,腿 关节 手术 成功,腿 关节 手术 成功,厂 手术 成功,这 关节 手术 成功
S007133_P0007_T00,他 腿 关节 手术 成功,这 腿 关节 手术 成功,这 腿 关节 手术 成功,这 腿 关节 手术 成功,你 腿 关节 手术 成功,这 名字 关节 手术 成功
S007137_P0003_T00,广告 公司 可以 展示 画画 技术,这 广告 公司 可以 技术,这 广告 公司 可以 技术,这 广告 公司 可以 展示 技术,这 公司 阶段 技术 好,这 广告 公司 可以 技术
S007140_P0000_T00,核磁共振 方法 来 决定 表面 机器,核磁共振 方法 来 封面 机器,核磁共振 方法 来 封面 机器,核磁共振 方法 来 定 表面 机器,核磁共振 方法 来 宣布 表面 机器,核磁共振 方法 来 决定 封面 机器
S007140_P0003_T00,核磁共振 方法 来 决定 表面 机器,核磁共振 方法 来 必须 封面 机器,核磁共振 方法 来 定 封面 机器,核磁共振 来 到 表面 机器,核磁共振 应该 节省 机器,核磁共振 方法 来 定 停止 机器
S007148_P0000_T00,急诊 医院 发现 这 多 病 人 没有 医院 保险 付 钱 不行,急诊 医院 发现 多 没有 医院 保险 付 负责 不行,急诊 医院 发现 这 多 没有 医院 保险 付 负责 不行,急诊 医院 发现 这 多 没有 医院 保险 付 负责 不行,急诊 医院 发现 少 有 没有 医院 走 负责,急诊 医院 发现 这 多 没有 保险 付 负责 不行
S007154_P0003_T00,全国 人们 对 事故 不幸 亲属 表示 难过,全部 人 对 这 发生 故障 他 亲属 难过 委屈,全部 人 对 他 发生 故障 亲属 表示 难过,全部 人 对 他 发生 故障 亲属 表示 难过,全部 人 对 这 发生 亲属 表示 委屈,全部 人 对 他 事故 故障 亲属 表示 难过
S007154_P0007_T00,全国 人们 对 事故 不幸 亲属 表示 难过,全部 要 人们 对 这 事情 事故 倒霉 亲属 表示 难过,全部 是 人们 对 这 事情 事故 倒霉 亲属 表示 难过,全部 是 人们 对 这 事故 倒霉 亲属 表示 难过,全部 是 人们 对 事故 过敏 亲属 表示,全部 人们 对 这 事情 露出 倒霉 亲属 表示 难过
S007160_P0003_T00,他 学生 爱好 电脑 他 一直 是 找 借口 骗 爸爸 妈妈 钱 去 上网,他 爱好 电脑 找 鼓励 爸爸 钱 去 网,他 爱好 电脑 找 爸爸 给 去 网,他 爱好 电脑 找 同 爸爸 钱 去 网,他 在 爱好 电脑 可以 安全 今天 做 结果 弹幕,他 爱好 电脑 找 同 爸爸 给 他们 规律
S007161_P0000_T00,老师 教 学 工作 年 年 得 丰富 经验,老师 教 学 工作 得 多 经验,老师 教 学 工作 年 得 多 经验,老师 教 学 工作 年 得 多 经验,老师 教 学 工作 年 得 多 经验,老师 教 学 工作 年 得 多 经验
S007167_P0007_T00,快递 员工 今天 积极 工作,快递 员工 今天 急 工作,快递 员工 今天 工作,快递 员工 今天 急 工作,快递 到 今天 工作,员工 今天 着急 工作
S007175_P0003_T00,你 女儿 房子 美丽 全部 颜色 粉,你 女儿 房子 美丽 全部 钱 颜色,你 女儿 房子 美丽 全部 钱 颜色,你 女儿 房子 美丽 全部 钱 颜色,他 女儿 房子 美丽 全部,他 女儿 房子 美丽 全部 钱 颜色
S007175_P0007_T00,你 女儿 房子 美丽 全部 颜色 粉,你 女儿 房子 美丽 全部 颜色 粉,他 女儿 房子 美丽 全部 颜色 粉,他 女儿 房子 美丽 全部 颜色 粉,他 女儿 房子 美丽 全部 颜色 粉,他 女儿 房子 美丽 全部 颜色
S007192_P0007_T00,限制 人流 方法 什么 票 钱 提高,人 公司 方法 是 钱 提高,公司 方法 是 票 钱 提高,人流 方法 是 票 提高,有 人 方法 这 破坏 提高,公司 方法 是 票 钱 提高
S007211_P0000_T00,天 多 晚 我 害怕,天 晚上 害怕,天 晚上 我 害怕,天 晚上 我 害怕,白天 晚上 好,天 晚上 我 害怕
S007211_P0007_T00,天 多 晚 我 害怕,晚上 我 害怕,天 晚上 我 害怕,天 晚上 我 害怕,他 我 害怕,天 晚上 我
S007218_P0007_T00,考 验 小 风 抵挡 不行 爱 感情 时间 长 不行,考试 验 风 抵挡 不行 爱 感情 时间 长 不行,考 验 抵挡 不行 爱 感情 时间 不行,考 验 抵挡 不行 爱 感情 时间 不行,考试 年 1 抵挡 爱 感情 时间 大 不行,考 验 抵挡 不行 爱 抵挡 不行
S007229_P0003_T00,创新 是 艺术 如果 只 模仿 模仿 模仿 艺术 有 什么 活泼 力量,创 技术 如果 模仿 技术 有 活,知道 技术 如果 模仿 技术 什么 活,创 技术 如果 模仿 技术 有 什么 活,知道 技术 是 模仿 技术 什么 活,创 技术 如果 模仿 人 技术 有 什么
S007229_P0007_T00,创新 是 艺术 如果 只 模仿 模仿 模仿 艺术 有 什么 活泼 力量,技术 重要 发明 模仿 技术 有 什么 活 力量,技术 重要 发明 模仿 事情 有 什么 活,技术 重要 发明 模仿 事情 有 什么 活,技术 在 想 模仿 事情 2 会 不行,我 重要 发明 跟 我 有 什么 活 努力
S007256_P0003_T00,我 实践 工资 没有 公交车 增加 贴 有,我 没有 公交车 最 有,我 没有 公交车 增加 有,我 工 没有 公交车 最 有,我 赚 工资 没有 晚上 增加 多,我 一般 真 没有 公交车 有
S007259_P0000_T00,1 盒子 八宝粥 时间 废,这 盒子 八宝粥 时间 过期,这 八宝粥 时间 过期,这 八宝粥 时间 废,半 八宝粥 时间 过期,八宝粥 时间 过期
S007278_P0000_T00,越 多 到 最后 阶段 我们 越 多 不行 放松,多 到 最后 阶段 我们 越 不行 心 身体,他 多 到 最后 阶段 我们 越 不行 心 身体,他 多 到 最后 阶段 我们 越 多 不行 心 不管 身体,他 有 1 最后 阶段 我们 要 习惯 心 他,他 多 到 问题 最后 阶段 我们 越 多 不行 心 身体
S007278_P0007_T00,越 多 到 最后 阶段 我们 越 多 不行 放松,多 到 最后 阶段 我们 越 不行 心 退步,这 多 到 最后 阶段 我们 越 不行 心 退步,这 多 要 到 最后 阶段 我们 越 不行 心 不管,你 要 有 最后 阶段 我们 拒绝 到 心 身体,这 要 到 最后 生 我们 越 不行 心 退步
S007293_P0000_T00,领导 迟到 30 分钟 会议 拖延 开始,人 迟到 会议 专门 期 开始,人 迟到 多 会议 申请 开始,每 人 迟到 多 会议 分 开始,人 迟到 会议 申请 开始,每 人 多 会议 期 开始
S007293_P0003_T00,领导 迟到 30 分钟 会议 拖延 开始,领导 迟到 分钟 会议 开始,领导 迟到 分钟 会议 开始,领导 迟到 30 分钟 会议 开始,领导 迟到 1 分钟 会议 总结 开始,领导 分之 3 会议 伤害 开始
S007300_P0000_T00,我 分别 介绍 多少 同 同事,我 分别 介绍 多少 同事,我们 分别 介绍 多少 同事,我们 分 介绍 多少 同事,我们 分别 介绍 多少 同事,我们 分析 多少 同事
S007300_P0003_T00,我 分别 介绍 多少 同 同事,我 分 多少 一样 组,我 分 多少 一样 组,我 分 多少 一样 组,我 分 题目 要 多少 同 组,我 分 多少 参加 同事 组
S007307_P0003_T00,安装 2 万,安装 变,安装 变,安装 变化,安装 天 感觉,安装 改变
S007321_P0007_T00,坏 人 拿 死 牛 当 活 牛 买,人 坏 用 死 牛 代表 活 买,人 坏 用 死 想 代表 买,人 坏 用 死 牛 代表 为 买,人 用 只 想 代表 法律,人 坏 用 死 想 为 活
S007325_P0000_T00,堵车 爸爸 勉强 换 走,堵车 爸爸 勉强 变 走,堵车 爸爸 勉强 变 走,堵车 爸爸 勉强 变 走,堵车 不 勉强 走,堵车 爸爸 勉强 变 走
S007325_P0003_T00,堵车 爸爸 勉强 换 走,堵车 爸爸 爷爷 是 出租车,堵车 爸爸 爷爷 是 出租车,堵车 爸爸 爷爷 是 出租车,堵车 妈妈 爷爷 我 出租车,堵车 爸爸 妈妈 出租车
S007336_P0000_T00,这 石 是 自然,这 喜欢 是 自然,他 是 自然,他 喜欢 是 自然,吃 纸 不够,他 是 自然
S007337_P0003_T00,我 男 朋友 买 大 高 娃娃 作为 生日 礼物 给 我,我 男 朋友 买 大 娃娃 为 生日 礼物 给 我,我 男 朋友 买 大 娃娃 做 为 生日 礼物 给 我,我 男 朋友 买 大 娃娃 做 为 生日 礼物 给 我,我 男 朋友 大 娃娃 做 作为 生日 礼物 给 我们,我 听 买 娃娃 做 为 生日 医院 礼物 给 我
S007337_P0007_T00,我 男 朋友 买 大 高 娃娃 作为 生日 礼物 给 我,我 男 朋友 怎么办 高 娃娃 为 生日 礼物 送 给 我,我 男 朋友 买 高 娃娃 为 生日 礼物 送 我,我 男 朋友 买 高 娃娃 为 生日 礼物 送 我,我 男 年 买 收 娃娃 为 生日 礼物 送,我 男 朋友 买 高 娃娃 做 为 生日 礼物 送 我
S007350_P0000_T00,我 有 多少 同事 喜欢 摸鱼 摸鱼,如果 我们 工作 在 粗 心 人 像 感觉 摸鱼 想 给 自己 厨师 好处,如果 我们 工作 在 粗 心 人 像 感觉 摸鱼 想 给 自己 好处,如果 我们 工作 在 粗 心 人 像 感觉 摸鱼 想 给 自己 反 好处,如果 我们 工作 不是 粗 心 人 看 想 摸鱼 想 给 什么 交流,如果 我们 工作 在 心 人 像 感觉 摸鱼 想 给 自己 好处
S007361_P0003_T00,生命 短 全部 记仇 意思 没有,明天 输液 全部 记仇 道理 没有,生 明天 古 全部 道理 没有,生 明天 古 全部 道理 没有,生 生命 古 全部 好 年,生 明天 说 全部 道理 没有
S007362_P0000_T00,这 视频 你 作弊 行为,你 作弊 行为 活动,这 你 作弊 行为,这 你 作弊 行为,这 你 作弊 行为,这 你 作弊 行为
S007372_P0000_T00,留 收 租 结束 会 退,留 收 租 结束 会 出门,因为 留 收 租 结束 会 退,他 留 收 租 结束 会 退,因为 为 收 时间 结束 会 必须,根据 收 租 结束 会 追
S007372_P0007_T00,留 收 租 结束 会 退,我 收 租 结束 会,我 收 租 结束 会,我 把 收 租 结束 会,第一 最 结束 会 必须,我 快递 收 结束 会
S007384_P0003_T00,钥匙 坏 我 拿 不行,坏 我们 拿 不行,钥匙 坏 我 拿 不行,钥匙 不行 坏 我 拿 不行,钥匙 坏 我 快 改变,钥匙 不行 我 拿 不行
S007387_P0000_T00,工 人 仔细 养 保护 花 草 树,工人 养 保护 花 草 树,工 人 仔细 养 爱护 花 草 树,工 人 仔细 养 爱护 花 草 树,工 工人 仔细 爱护 花 树,人 仔细 养 保护 爱护 花 草 树
S007390_P0003_T00,上海 最 外国 气 是 建筑 标志 最 美丽 老 外国 房子,上海 最 课 空气 建筑 是 上海 标志 外国 房子,上海 最 天 建筑 是 上海 标志 老 外国 房子,上海 最 天 是 上海 标志 老 外国 房子,上海 最 建筑 是 上海 标志 外国 房子,最 天 气 空气 是 上海 标志 老 外国 房子
S007396_P0000_T00,小 猫 睡觉 有,猫 睡觉,吃 猫 睡觉,吃 猫 睡觉,吃 睡觉,吃 猫 睡觉
S007396_P0003_T00,小 猫 睡觉 有,吃 睡觉 有,吃 睡觉 有,早 吃 睡觉 有,吃 睡觉 有,小 吃 睡觉 有
S007397_P0000_T00,厨师 发现 吃饭 地方 老鼠 有 1,厨师 发现 吃 地方 有 1,厨师 发现 吃 地方 有,厨师 发现 吃 地方 有,厨师 发现 处方 有,厨师 放 吃 地方 有
S007397_P0007_T00,厨师 发现 吃饭 地方 老鼠 有 1,厨师 发现 地方 有 1,厨师 发现 吃 地方 有 1,厨师 发现 地方 有 1,厨师 快 吃 不,厨师 发现 准备 肯定 有 1
S000020_P0004_T00,他 今天 年龄 4,他 今天 年龄 4,他 今天 年龄 4,他 今天 年龄 4,他 今天 年龄 20,他 今天 年龄 4
S000040_P0008_T00,今天 星期 多少,今天 星期,今天 星期 多少,今天 星期 5,今天 星期 多少,今天 星期 5 多少
S000054_P0008_T00,今天 我 想 面,今天 我 想 面,今天 我 想 面条,今天 我 想 面条,今天 我 想 面条,今天 我 想 面条
S000153_P0000_T00,你 小 张 什么 时间 认识,你 小 张 什么 时间 认识,你 小 张 什么 时间 认识,你 小 张 什么 时间 认识,你 可以 什么 时间 认识,你 小 张 什么 时间 认识
S000185_P0004_T00,超市 我 要 买 椅子 你 去,超市 买 我 要 买 椅子 你 去,超市 买 我 要 买 椅子 你 去,超市 我 要 买 椅子 你 去,超市 买 我 买 椅子 还 去,超市 我 要 买 椅子 你 去
S000185_P0008_T00,超市 我 要 买 椅子 你 去,超市 我 要 买 椅子 你 去,超市 我 要 买 椅子 他 到,超市 我 要 买 椅子 到,超市 我 要 买 椅子 他 来,超市 我 要 买 椅子 他 到
S000195_P0004_T00,下午 他们 要 做 什么,下午 这 我 做 什么,下午 你们 想 做 什么,下午 你们 想 做 什么,下午 你 想 做 什么,下午 你们 想 做 什么
S000196_P0008_T00,椅子 他们 想 什么 时间 去 买,椅子 你们 想 什么 时间 买,椅子 你们 想 什么 时间 去 买,椅子 他们 想 什么 时间 去 买,椅子 你们 明天 什么 时间 去 买,椅子 他们 想 什么 时间 去 买
S000201_P0000_T00,我 每天 早 6 起床,我 每天 早 旅游 6 起床,我 每天 早 6 起床,我 每天 早 6 起床,我 每天 早 点 多少 起床,我 每天 早 6 起床
S000213_P0004_T00,他 每天 来 累 多,他 每天 来 累 多,他 每天 来 累 多,他 每天 来 累 多,他 每天 我 累 多,他 每天 来 累 多
S000213_P0008_T00,他 每天 来 累 多,这 每天 来 累 多,他 每天 来 累 多,他 每天 来 累 多,他 每天 来 累 多,他 每天 来 累 多
S000218_P0004_T00,手表 你,你 手表,你 手表,你 手表,你 手表 什么,手表
S000218_P0008_T00,手表 你,手表,手表,手表 你,手表 你,手表
S000220_P0000_T00,这 手表 钱 多少,这 手表 钱 多少,这 手表 钱 多少,这 手表 钱 多少,手表 多少,这 手表 钱 多少
S000224_P0000_T00,我 杯子 你 看,我 喝 你 看,我 杯子 你 看,我 杯子 你 看,我 八宝粥 你 有 发现,我 杯子 你 看
S000224_P0008_T00,我 杯子 你 看,我 喝 杯子 你 只 看,我 杯子 你 看,我 杯子 你 看,我 杯子 你 找 看,我 杯子 你 看
S000225_P0004_T00,这 杯子 杯子 杯子 多少 你 什么 你 什么,这 交流 这 什么,这 什么,这 外 这 什么,这 发生 这 有 什么,这 买 这 什么
S000230_P0000_T00,左 房子 爸爸 妈妈 他 这 房子 大,左 房子 爸爸 妈妈 那 房子 大,左 房子 爸爸 妈妈 他 房子 大,左 房子 爸爸 妈妈 他 房子 大,放 房子 爸爸 妈妈 他 房子,左 房子 爸爸 妈妈 这 房子 大
S000230_P0008_T00,左 房子 爸爸 妈妈 他 这 房子 大,旁边 房子 爸爸 妈妈 你 房子 大,左 房子 爸爸 妈妈 房子 大,左 房子 爸爸 妈妈 房子 大,左 房子 爸爸 妈妈 这 房子 大,左 房子 爸爸 妈妈 房子 大
S000236_P0000_T00,微信 谁 发送,微信 发送,微信 发送,微信 谁 发送,微信 发送,微信 谁 发送
S000236_P0008_T00,微信 谁 发送,微信 吃 发送,微信 谁 发送,微信 谁 发送,微信 你 发送,微信 谁 发送
S000249_P0000_T00,踢足球 他 什么 时间 开始,踢足球 他 什么 时间 开始,踢足球 他 什么 时间 开始,踢足球 他 什么 时间 开始,踢足球 什么 时间 开始,踢足球 他 什么 时间 开始
S000249_P0008_T00,踢足球 他 什么 时间 开始,踢足球 他 什么 时间 开始,踢足球 他 什么 时间 开始,踢足球 他 什么 时间 开始,踢足球 他 什么 时间 开始,踢足球 他 什么 时间 开始
S000255_P0000_T00,苹果 买 你,苹果 买 你,苹果 买 你,苹果 买 你,苹果 买,苹果 买 你
S000255_P0008_T00,苹果 买 你,苹果 买 你,苹果 买 你,苹果 买 你,苹果 买,苹果 买 你
S000257_P0000_T00,我们 晚上 饭店 怎么样,我们 晚上 饭店 怎么样,我们 晚上 饭店 怎么样,我们 晚上 饭店 怎么样,我们 晚上 怎么样,我们 晚上 饭店 怎么样
S000262_P0004_T00,帮助 看 这 衣服 怎么样,帮助 看 我 怎么样,帮助 看 我 衣服 怎么样,帮助 看 我 衣服 怎么样,帮助 好 我 怎么样,帮助 我 衣服 怎么样
S000274_P0000_T00,今天 天气 冷 小,今天 天气 冬天 小,今天 天气 冬天 小,今天 天气 冬天 小,今天 天气 冬天 多,今天 天气 冬天 小
S000275_P0004_T00,我 昨天 累 有 小,我 昨天 累 小,我 昨天 累 小,我 昨天 累 小,我 昨天 累 小,我 昨天 累 小
S000291_P0000_T00,月 1 我 游泳 每天,1 月 我 游泳 每天,1 月 我 游泳 每天,1 月 我 游泳 每天,1 个月 月 游泳 每天,1 我 游泳 每天
S000291_P0004_T00,月 1 我 游泳 每天,赚 我 电脑 每天,因为 我 每天,因为 我 每天,超市 他 我 每天,因为 我 每天
S000295_P0000_T00,不是 他 去 见面 同学,不是 他 去 科学 同学,考试 他 去 同学,考试 他 去 见面 同学,考试 他 从 同学,考试 他 去 同学
S000295_P0008_T00,不是 他 去 见面 同学,不是 他 去 看 同学,不是 他 去 见面 同学,不是 他 去 见面 同学,不是 他 见面 同学,不是 他 去 见面 同学
S000313_P0004_T00,可以 这 近 不 远 饭店 走 分 多少 到,可以 这 近 不 走 饭店 走 分钟 到,可以 这 近 不 去 饭店 走 分钟 到,这 近 不 去 饭店 走 分钟 到,这 不 去 饭店 去 酒 到,他 可以 这 驾驶 不 饭店 走 分钟 到
S000313_P0008_T00,可以 这 近 不 远 饭店 走 分 多少 到,可以 这 不 饭店 走 分钟 到,可以 这 出租车 不 饭店 走 分钟 到,可以 这 不 饭店 走 分钟 到,知道 这 出租车 不 饭店 分钟 到,可以 这 近 不 饭店 走 分钟 到
S000317_P0004_T00,公司 房子 远 他 为什么 出租车 不,公司 房子 远 他 为什么 不,公司 房子 远 他 为什么 出租车 不,公司 房子 远 他 为什么 出租车 不,公司 房子 远 他 为什么 这,因为 公司 房子 远 他 为什么 出租车 不
S000317_P0008_T00,公司 房子 远 他 为什么 出租车 不,公司 房子 远 他 为什么 出租车 不,公司 房子 远 他 为什么 出租车 不,公司 房子 远 他 为什么 出租车 不,公司 房子 远 他 为什么 昨天 早 不,公司 房子 远 他 为什么 出租车 不
S000331_P0004_T00,这 衣服 红 怎么样 这 是 新,这 衣服 红 怎么样 这 新,这 衣服 红 怎么样 这 新,这 衣服 红 怎么样 这 新,这 衣服 红 怎么样 你 猫,这 衣服 红 怎么样 你 新
S000331_P0008_T00,这 衣服 红 怎么样 这 是 新,这 衣服 红 怎么样 是 新,这 衣服 红 怎么样 他 是 新,这 衣服 红 怎么样 是 新,这 有 怎么样 你 去,这 衣服 红 怎么样 他 是 新
S000362_P0000_T00,这 看 手机 这 女 他 你 女 朋友 是,这 看 手机 你 女 他 你 女 朋友 是,你 看 手机 你 女 他 你 女 朋友 是,这 看 手机 你 女 他 你 女 朋友 是,你 看 你 他 你 有 女 朋友 是,这 看 手机 你 他 你 女 朋友 是
S000362_P0004_T00,这 看 手机 这 女 他 你 女 朋友 是,你 手机 这 他 女 朋友 是,你 看 手机 这 他 女 朋友 是,你 看 手机 这 他 女 朋友 是,你 喝 不好 这 他 朋友 是,你 看 手机 这 他 女 朋友 是
S000373_P0000_T00,你 比 我 早 起床 小时 1,你 比 我 早 起床 小时 1,你 比 我 早 起床 小时 1,你 比 我 早 起床 小时 1,多 不喜欢 我 早 买 2 小时,他 比 我 早 起床 小时 1
S000373_P0008_T00,你 比 我 早 起床 小时 1,你 我 早 起床 1 小时,你 比 我 早 起床 小时,你 比 我 早 起床 小时 1,你 比 我 小 在 小时,你 比 我 早 起床 小时
S000379_P0004_T00,雪 今天 冷,雪 今天 冬天,雪 今天 冬天,雪 今天 冷,雪 今天 冬天,雪 今天 冷
S000379_P0008_T00,雪 今天 冷,雪 今天 冬天,雪 今天 冷,雪 今天 冷,雪 今天 冬天,雪 今天 冷
S000388_P0000_T00,这 男 我 陌生,这 男 我 陌生,这 男 我 陌生,这 男 我 陌生,他 这 男 我,这 男 我 陌生
S000414_P0004_T00,时间 过 快 新 年龄 快 到,时间 过 快 新 年龄 准备 到,时间 生活 快 新 年龄 准备 到,时间 生活 快 新 年龄 准备 到,时间 生活 快 昨天 新 年龄 准备 好,时间 生活 快 新 年龄 准备 到
S000414_P0008_T00,时间 过 快 新 年龄 快 到,时间 过 快 新 年龄 快 到,时间 过 快 新 年龄 快 到,时间 过 快 新 年龄 快 到,时间 过 有 新 年龄 有 没有,时间 过 快 新 年龄 快 到
S000433_P0000_T00,你 上网 一直 不行,你 上网 一直 不行,你 上网 一直 不行,你 上网 一直 不行,你 上网 一直,你 上网 一直 不行
S000433_P0004_T00,你 上网 一直 不行,你 上网 一直 不行,你 上网 一直 不行,你 上网 一直 不行,你 上网 一直 吃,你 上网 一直 不行
S000438_P0004_T00,水果 面包 茶叶 我 准备 好了 我们 还 带 什么,水果 面包 茶叶 我们 准备 好 我们 还 带 什么,水果 面包 茶叶 我们 准备 好 我们 还 带 什么,水果 面包 茶叶 我们 准备 好了 我们 还 带 什么,水果 吃 面包 茶叶 我们 准备 玩 我们 不行 带 什么,水果 面包 茶叶 我们 准备 好 我们 还 什么
S000438_P0008_T00,水果 面包 茶叶 我 准备 好了 我们 还 带 什么,面包 水果 茶叶 我 准备 好了 我们 还 带 什么,面包 水果 茶叶 我 准备 好了 我们 还 带 什么,面包 水果 茶叶 我 准备 好了 我们 还 带 什么,面包 水果 茶叶 我 准备 好了 我们 还 带 什么,面包 水果 茶叶 我 准备 好了 我们 还 带 什么
S000440_P0000_T00,这 昨天 下午 我 准备 好了,你们 昨天 下午 我 准备 好了,这 昨天 下午 我 准备 好了,你们 昨天 下午 我 准备 好了,这 下午 我 准备 好了,你们 昨天 下午 我 准备 好了
S000440_P0004_T00,这 昨天 下午 我 准备 好了,你们 我 下午 准备 好了,这 我 昨天 下午 准备 好了,这 我 昨天 下午 准备 好了,这 我 昨天 下午 准备 好了,这 我 昨天 下午 准备 好了
S000452_P0004_T00,你 看 我 胖 怎么办,你 看 我 胖 怎么办,你 我 胖 怎么办,你 我 胖 怎么办,你 前 我 胖 怎么办,你 我 胖 怎么办
S000452_P0008_T00,你 看 我 胖 怎么办,你 看 我 胖 怎么办,你 看 我 胖 怎么办,你 看 我 胖 怎么办,你 看 我 胖 怎么办,你 看 我 胖 怎么办
S000455_P0000_T00,但是 你 瘦 小 没有 你 做 什么 运动,但是 你 瘦 小 没有 你 做 什么,但是 你 瘦 小 没有 你 做 什么,但是 你 瘦 小 没有 你 做 什么,但是 你 小 没有 你 做,但是 你 瘦 没有 你 做 什么
S000455_P0008_T00,但是 你 瘦 小 没有 你 做 什么 运动,但是 你 瘦 小 没有 你 做 什么 运动,但是 你 瘦 小 没有 你 做 什么 运动,但是 你 瘦 小 没有 你 做 什么 运动,但是 你 杯子 没有 你 做 什么 运动,但是 你 瘦 小 没有 你 做 什么 运动
S000460_P0000_T00,阴 电视 说 多 云 怎么 明天 有 事情,阴 电视 说 天气 什么 明天 有 事情,天 电视 说 多 天气 什么 明天 事情,阴 电视 说 多 天气 什么 明天 事情,天 读书 说 好 天气 什么 明天 事情,阴 电视 说 多 天气 什么 明天 好 事情
S000460_P0004_T00,阴 电视 说 多 云 怎么 明天 有 事情,阴 电视 说 明天 天气 什么 明天 有 事情,阴 电视 说 明天 天气 什么 你 明天 事情,阴 电视 说 明天 天气 什么 你 明天 有 事情,好 电视 说 明天 就 你 想 事情,梦想 阴 电视 说 明天 天气 什么 你 明天 有 事情
S000464_P0000_T00,山 爬 我 去 不 我 有 事情,山 爬 我 去 不 我 有 亲切,山 爬 我 去 不 我,山 爬 我 去 不 我,山 爬 我 去 不 我 多,山 爬 我 去 不 我 点
S000464_P0004_T00,山 爬 我 去 不 我 有 事情,山 爬 我 去 不 我 有 事情,山 爬 我 去 不 我 有 事情,山 爬 我 去 不 我 有 事情,山 爬 我 不 我 有 事情,爬 我 不 我 有 事情
S000466_P0000_T00,我 记得 你 有 裤子 1 2,我 记得 你 有 裤子 2,我 记得 你 有 裤子 1 2,我 记得 你 有 裤子 1 2,我 想 医生 有 多 裤子 1,我 记得 你 有 裤子 1 2
S000466_P0008_T00,我 记得 你 有 裤子 1 2,我 记得 你 有 穿 1 2,我 记得 你 有 裤子 1 2,我 记得 你 有 裤子 1 2,我 学 你 多 裤子 1,我 记得 你 有 裤子 1 2
S000468_P0000_T00,这 裤子 怎么样,这 裤子 怎么样,这 裤子 怎么样,这 裤子 怎么样,这 裤子 怎么样,这 裤子 怎么样
S000468_P0008_T00,这 裤子 怎么样,这 裤子 怎么样,这 裤子 怎么样,这 裤子 怎么样,这 裤子 怎么样,这 裤子 怎么样
S000475_P0008_T00,桌子 这 甜 喝 多 你 想 喝 什么,桌子 这 糖 喝 多 你 想 喝 什么,桌子 这 糖 喝 多 你 想 喝 什么,桌子 这 糖 喝 多 你 想 喝 什么,桌子 这 糖 喝 多 你 想 吃 什么,桌子 这 糖 喝 多 你 想 喝 什么
S000496_P0000_T00,房子 找 刚才 是 不是 桌子 这,房子 查询 最近 是 不是 桌子 这,房子 找 最近 看 不是 桌子 这,房子 找 最近 看 不是 桌子 这,房子 一样 小 看 在 桌子 看,房子 找 刚才 看 不是 桌子 这
S000502_P0000_T00,学校 大 累,学校 大 累,学校 大 累,学校 大 累,学校 大 累,学校 累
S000504_P0004_T00,我 喝 咖啡 怎么,我 喝 咖啡 什么,我 喝 咖啡 什么,我 喝 咖啡 什么,我 喝 咖啡 什么,我 喝 咖啡 什么
S000504_P0008_T00,我 喝 咖啡 怎么,我 喝 咖啡 什么,我 喝 咖啡 什么,我 喝 咖啡 什么,我 喝 咖啡 可以,我 喝 咖啡 什么
S000550_P0004_T00,你 今天 为什么 去 不,你 今天 年 1 去 没有,你 今天 年 为什么 去 没有,你 今天 年 为什么 去 没有,你 今天 年 为什么 怎么 没有,你 今天 年 为什么 去 没有
S000550_P0008_T00,你 今天 为什么 去 不,他 今天 为什么 1 去 不,你 今天 为什么 去 不,你 今天 为什么 去 不,你 今天 年 为什么 去 不,你 今天 为什么 去 不
S000560_P0008_T00,你 请假 天 多少 想,你 请假 天 感觉,你 请假 天 感觉,你 请假 天 感觉,你 早 天 感觉 牛奶,你 请假 天 不会
S000561_P0000_T00,小 张 这 女 是 你 公司 你 了解 他,小 张 这 女 你 公司 了解,小 张 这 女 是 公司 了解,小 张 这 女 是 公司 了解,是 你 这 手机 是 公司 了解,小 张 这 女 是 公司 了解 他
S000561_P0004_T00,小 张 这 女 是 你 公司 你 了解 他,小 张 看 你 公司 你 留,小 张 你 公司 你,小 张 你 公司 你,小 张 你 我 了解 你,小 张 你 公司 你 大学
S000568_P0008_T00,医院 去 不用 我 问 你 你 运动 多 长 没有,医生 去 不用 喝 你 运动 远 没有,医生 去 不用 喝 运动 远 没有,医生 去 不用 喝 运动 远 没有,热 去 不 喝 运动 远,医生 去 不用 我 杯子 运动 远 没有
S000573_P0000_T00,请 你 说 为什么 选择 我们 公司 工作,请 你 为什么 选择 我们 公司 工作,请 你 为什么 选择 我们 公司 工作,请 你 为什么 选择 我们 公司 工作,请 你 为什么 选择 我们 公司 工作,请 你 为什么 选择 我们 公司 工作
S000576_P0004_T00,我 只 要 同意 我 信 夫妻 会 同意,我 只 要 同意 我 信 你 结婚 会 同意,我 只 要 同意 我 信 你 结婚 会 同意,我 只 要 同意 我 信 你 会 同意,我 只 去 我 微信 你 结婚 会 1,我 只 要 发送 我 信 你 会 同意
S000576_P0008_T00,我 只 要 同意 我 信 夫妻 会 同意,我 只 要 同意 我 信 我 结婚 会 一样,我 只 要 同意 我 信 我 结婚 会 不,我 只 要 同意 我 信 我 结婚 会 不,我 你 要 问题 我 信 我 妻子 会 不,我 只 要 同意 我 信 要 夫妻 会 找
S000578_P0000_T00,没有 谢谢 你 给 我 机会 我 会 努力,好 你 明天 来 工作 联系 这 工作 你 还 有 什么,好 你 明天 工作 联系 这 工作 你 还 有 什么,好 你 明天 工作 联系 这 工作 你 还 什么,好 你 明天 工作 联系 这 工作 他 有 什么,好 你 明天 工作 联系 这 工作 你 还 有 什么
S000578_P0008_T00,没有 谢谢 你 给 我 机会 我 会 努力,好 你 明天 来 工作 联系 这 工作 你 还 什么,好 你 明天 工作 联系 这 工作 你 还 什么,好 你 明天 工作 联系 这 工作 你 还 什么,好 你 明天 工作 联系 你 工作 你 还 什么,好 你 明天 工作 联系 这 工作 你 还 有 什么
S000598_P0000_T00,先 把 茶叶 喝 放 还 冰箱 西瓜 拿,因为 把 茶叶 喝 还 冰箱 读书 拿,因为 把 茶叶 喝 还 冰箱 拿,因为 把 茶叶 喝 还 冰箱 拿,因为 把 茶叶 扫地 身体 还 冰箱,因为 把 茶叶 杯子 还 冰箱 拿
S000598_P0004_T00,先 把 茶叶 喝 放 还 冰箱 西瓜 拿,先 把 茶叶 准备 冰箱 西瓜 拿,先 茶叶 放 冰箱 西瓜 拿,先 喝 茶叶 放 冰箱 西瓜 拿,先 好 茶叶 分 放 妹妹 抵挡 西瓜 这,因为 茶叶 汽车 准备 冰箱 茶叶 带 拿
S000603_P0008_T00,这 衣服 我 穿 小 给 我 弟弟,这 衣服 我 穿 小 给 我 弟弟,这 衣服 我 穿 小 给 我 弟弟,这 衣服 我 穿 小 给 我 弟弟,这 衣服 我 穿 小 送 我,这 衣服 我 穿 小 给 我 弟弟
S000616_P0008_T00,上海 明天 要 雪,上海 明天 要 雪,上海 明天 要 雪,上海 明天 要 雪,上海 明天 要 雪,上海 明天 要 雪
S000620_P0000_T00,中午 吃 好了 要 多 吃 水果,中午 吃 好了 要 多 吃 水果 苹果,中午 吃 好了 要 多 吃 水果,中午 吃 好了 要 多 吃 水果,喝 中午 吃 好了 要 去 吃 水果,中午 吃 好了 要 多 水果
S000625_P0004_T00,早 吃 我 吃 面包 牛奶,早 吃 我 吃 面包 牛奶,早 吃 我 吃 面包 牛奶,早 吃 我 吃 面包 牛奶,早 吃 我 吃 面包 牛奶,早 吃 我 吃 面包 牛奶
S000625_P0008_T00,早 吃 我 吃 面包 牛奶,早 吃 我 吃 面包 牛奶,早 吃 我 吃 面包 牛奶,早 吃 我 吃 面包 牛奶,早 吃 我 吃 面包 牛奶,早 吃 我 吃 面包 牛奶
S000637_P0000_T00,你们 吃 什么 我 请客,你们 吃 什么 我 请客,你们 吃 什么 我 请客,你们 吃 什么 我 请客,你们 吃 什么 我 请客,你们 吃 什么 我 请客
S000637_P0008_T00,你们 吃 什么 我 请客,你们 吃 什么 我 请客,你们 吃 什么 我 请客,你们 吃 什么 我 请客,你们 吃 什么 请客,你们 吃 什么 我 请客
S000638_P0004_T00,裤子 我 想 试 那 试 衣服 在 什么,裤子 我 想 试 衣服 在 哪,裤子 我 想 试 衣服 在 哪,裤子 我 想 试 衣服 在 哪,裤子 我 想 吃 衣服 在 哪,裤子 我 想 喝 衣服 在 什么
S000638_P0008_T00,裤子 我 想 试 那 试 衣服 在 什么,裤子 我 想 试 衣服 在 什么,裤子 我 想 试 衣服 在 什么,裤子 我 想 试 衣服 在 什么,裤子 我 想 你 衣服 在 什么,裤子 我 想 试 衣服 在 什么
S000656_P0004_T00,天气 预报 明天 雪 多 穿 衣服,天气 预报 明天 雪 穿 多,天气 预报 明天 雪 穿 多,天气 预报 明天 雪 多,天气 预报 明天 雪 穿 多,天气 预报 明天 雪 多
S000656_P0008_T00,天气 预报 明天 雪 多 穿 衣服,天气 预报 明天 雪 多 穿 衣服,天气 预报 明天 雪 多 穿 衣服,天气 预报 明天 雪 多 穿 衣服,天气 预报 明天 雪 多 穿 可以,天气 预报 明天 雪 多 穿 衣服
S000669_P0000_T00,医院 旁边 超市,医院 旁边 超市,医院 旁边 超市,医院 旁边 超市,医院 电脑 超市,医院 旁边 超市
S000673_P0000_T00,我 预定 1 生日 蛋糕 给,我 预定 1 生日 蛋糕 给,我 预定 1 生日 蛋糕 给,我 预定 1 生日 蛋糕 给,我 预定 1 生日 蛋糕 给,我 预定 1 生日 蛋糕 给
S000673_P0008_T00,我 预定 1 生日 蛋糕 给,我 预定 1 生日 蛋糕 送,我 预定 1 生日 蛋糕 送,我 预定 1 生日 蛋糕 送,我 预定 1 生日 蛋糕 送,我 预定 1 生日 蛋糕 送
S000690_P0000_T00,冬天 我 喜欢 雪 美丽,冬天 我 喜欢 雪 美丽,冬天 我 喜欢 雪 美丽,冬天 我 喜欢 雪 美丽,冬天 我 喜欢 雪 美丽,他 冬天 我 喜欢 雪 美丽
S000690_P0008_T00,冬天 我 喜欢 雪 美丽,冬天 我 喜欢 雪 美丽,冬天 我 喜欢 雪 美丽,冬天 我 喜欢 雪 美丽,冬天 我 雪 美丽,冬天 我 喜欢 雪 美丽
S000695_P0004_T00,上海 热 那 热 多 要 买 空调,上海 热 多 要 买 空调,上海 热 多 要 买 空调,上海 热 多 要 买 空调,上海 热 我 买 空调,上海 热 多 要 买 空调
S000695_P0008_T00,上海 热 那 热 多 要 买 空调,上海 热 多 要 买 空调,上海 热 多 要 买 空调,上海 热 多 要 买 空调,上海 天 会 多 要 买 空调,上海 热 多 要 买 空调
S000708_P0000_T00,我们 公交车 去 学校,我们 公交车 去 学校,我们 公交车 去 学校,我们 公交车 去 学校,我们 公交车 去 学校,我们 公交车 去 学校
S000708_P0004_T00,我们 公交车 去 学校,我们 公交车 去 学校,我们 公交车 去 学校,我们 公交车 去 学校,我们 公交车 去 学校,我们 公交车 去 学校
S000718_P0000_T00,我们 飞机 拖延 今天 酒店 住,我们 飞机 拖延 今天 饭店 酒店 睡觉,我们 飞机 拖延 今天 酒店 睡觉,我们 飞机 拖延 今天 酒店 睡觉,我们 下午 到 拖延 今天 饭店 住,我们 飞机 拖延 今天 酒店 住
S000718_P0004_T00,我们 飞机 拖延 今天 酒店 住,我们 飞机 拖延 今天 酒 睡觉,我们 飞机 拖延 今天 酒 睡觉,我们 飞机 拖延 今天 酒 睡觉,我们 飞机 拖延 今天 饭店 睡觉,我们 机场 拖延 今天 酒 睡觉
S000724_P0000_T00,跑步 好了 口渴 我 想 喝,跑步 好了 口渴 我 想 喝,跑步 好了 口渴 我 想 喝,跑步 好了 口渴 我 想 喝,跑步 好了 我 想 吃 喝,跑步 好了 口渴 我 想 喝
S000724_P0004_T00,跑步 好了 口渴 我 想 喝,跑步 好了 我 口渴 想 喝,跑步 好了 我 口渴 想 喝,跑步 好了 我 口渴 想 喝,跑步 好了 我 不喜欢 想 喝,跑步 好了 我 口渴 想 喝
S000783_P0000_T00,晚上 你 时间 有 多少 时间 有 我 想 2 跑步,晚上 你 有 时间 多少 时间 有 我 想 跑步,晚上 有 时间 多少 时间 有 我 想 跑步,晚上 有 时间 多少 时间 有 我 想 跑步,晚上 有 时间 有 时间 你 我 想 冷 跑步,晚上 有 时间 多少 时间 我 想 跑步
S000786_P0000_T00,公交车 站 远 我们 出租车 去 房子,公交车 站 远 我们 出租车 去 房子,公交车 站 远 我们 出租车 去 房子,公交车 站 远 我们 出租车 去 房子,公交车 站 远 我们 出租车 去 房子,公交车 站 远 我们 出租车 去 房子
S000788_P0004_T00,他 女儿 作业 晚上 每天 晚上,这 女儿 作业 多 晚上 每天 晚上,这 女儿 作业 多 晚上 每天 晚上,这 女儿 作业 多 晚上 每天 晚上,这 儿子 机场 这 每天 晚上,这 女儿 多 晚上 每天 晚上
S000788_P0008_T00,他 女儿 作业 晚上 每天 晚上,他 女儿 作业 晚上 每天 晚上,他 女儿 作业 晚上 每天 晚上,他 女儿 作业 晚上 每天 晚上,女儿 作业 晚上 每天 晚上,他 女儿 作业 晚上 每天 晚上
S000791_P0000_T00,祝福 你 生日 快乐 美丽 越 多,祝福 你 生日 快乐 茫然 越 多,祝福 你 生日 快乐 茫然 越,祝福 你 生日 快乐 茫然 越,祝福 你 快乐 晚上 多 吃,祝福 你 女儿 快乐 美丽 越
S000809_P0000_T00,学校 附近 什么 饭店 好吃,学校 附近 有 什么 饭店 吃,学校 附近 有 什么 饭店 吃,学校 附近 有 什么 饭店 吃,学校 附近 什么 饭店 菜,学校 附近 有 什么 饭店 吃
S000809_P0004_T00,学校 附近 什么 饭店 好吃,学校 附近 有 什么 好 饭店 好吃,学校 附近 有 什么 好 饭店 好吃,学校 附近 有 什么 好 饭店 好吃,学校 课 吃 饭店 什么,学校 附近 有 什么 好 饭店 好吃
S000823_P0000_T00,今天 晚上 吃 面条 饺子,今天 晚上 吃 面条 饺子,今天 晚上 吃 面条 饺子,今天 晚上 吃 面条 饺子,今天 晚上 说 吃 面条 饺子,今天 晚上 吃 面条 饺子
S000823_P0008_T00,今天 晚上 吃 面条 饺子,今天 晚上 吃 面条 饺子,今天 晚上 吃 面条 饺子,今天 晚上 吃 面条 饺子,今天 晚上 吃 去 鱼,今天 晚上 吃 面条 饺子
S000849_P0000_T00,窗 坐 手机 选择 不行,窗 坐 手机 选择 不行,窗 坐 手机 选择 不行,窗 坐 手机 选择 不行,窗 坐 手机 超市 什么 不行,窗 坐 手机 超市 不行
S000849_P0004_T00,窗 坐 手机 选择 不行,窗 坐 手机 选择 不行,窗 坐 手机 超市 不行,窗 坐 手机 选择 不行,坐 手机 超市 没有,窗 坐 手机 选择 不行
S000852_P0000_T00,请 问 行李 什么 拿,请 问 行李 怎么 拿,请 问 行李 怎么 拿,请 问 行李 怎么 拿,请 问 行李 这 什么,请 问 行李 怎么 拿
S000852_P0008_T00,请 问 行李 什么 拿,请 问 行李 什么 拿,请 问 行李 怎么 拿,请 问 行李 怎么 拿,请 问 行李 1 来,请 问 行李 怎么 拿
S000860_P0004_T00,上海 地铁 多 我 不知道 什么 地铁 地铁,上海 火车 多 不知道 什么 地铁,上海 火车 多 什么 地铁,上海 火车 多 什么 地铁,上海 火车 高铁 多 去,上海 火车 多 什么 地铁
S000860_P0008_T00,上海 地铁 多 我 不知道 什么 地铁 地铁,上海 火车 多 我 不知道 什么 地铁,上海 火车 多 我 不知道 什么 地铁,上海 火车 多 我 不知道 什么 地铁,上海 火车 多 我 不知道 想 地铁,上海 火车 多 我 不知道 什么 地铁
S000874_P0004_T00,机场 这 我 房子 这 远 出租车,机场 这 我 房子 这 远 出租车,机场 这 我 房子 这 远 出租车,机场 这 我 房子 这 远 出租车,机场 这 学校 这 远 喝 飞机,机场 这 我 房子 这 远 出租车
S000874_P0008_T00,机场 这 我 房子 这 远 出租车,机场 这 我 房子 这 远 出租车,机场 这 我 房子 这 远 出租车,机场 这 我 房子 这 远 出租车,机场 这 我 房子 远 出租车,机场 这 我 房子 这 远 出租车
S000877_P0004_T00,合肥 到 北京 高铁 坐 舒服 推荐,合肥 到 北京 高铁 坐 舒服 推荐,合肥 到 北京 高铁 坐 舒服 保护,合肥 到 北京 高铁 坐 舒服 保护,合肥 你们 北京 高铁 坐 保护,合肥 到 北京 高铁 坐 舒服
S000877_P0008_T00,合肥 到 北京 高铁 坐 舒服 推荐,合肥 到 北京 高铁 坐 舒服 推荐,合肥 到 北京 高铁 坐 舒服 推荐,合肥 到 北京 高铁 坐 舒服 推荐,合肥 北京 高铁 坐 我 推荐,合肥 到 北京 高铁 坐 舒服 推荐
S000903_P0000_T00,附近 饭店 好吃 多,附近 饭店 好吃 多,附近 饭店 好吃 多,附近 饭店 好吃 多,附近 饭店 好吃 多,附近 饭店 好吃 多
S000912_P0008_T00,服务 员工 喝 倒 餐巾 拿,服务 员工 喝 旁边 餐巾 拿,服务 员工 喝 旁边 餐巾 拿,服务 员工 喝 旁边 餐巾 拿,服务 员工 喝 这 丢 吃 这,服务 员工 喝 餐巾 拿
S000914_P0008_T00,奶 茶叶 喝 舒服 喜欢 糖 吃 我 喜欢,老板 茶叶 喝 舒服 喜欢 糖 吃 我 喜欢,茶叶 喝 舒服 喜欢 糖 吃 我 喜欢,茶叶 喝 舒服 喜欢 糖 吃 我 喜欢,茶叶 晚上 舒服 我 喜欢 糖 吃 我 喜欢,今天 茶叶 喝 舒服 喜欢 糖 吃 我 喜欢
S000931_P0008_T00,水果 今天 新 买 1 西瓜 去 房子,水果 今天 新 买 1 西瓜 去 房子,水果 今天 新 买 1 西瓜 去 房子,水果 今天 新 买 1 西瓜 去 房子,水果 今天 新 买 1 西瓜 去 房子,水果 今天 新 买 1 西瓜 去 房子
S000934_P0008_T00,酒 小 菜 吃 多 吃 饱 去 房子,酒 小 菜 吃 多 吃 饱 去 房子,酒 小 菜 吃 多 吃 饱 去 房子,酒 小 菜 吃 多 吃 饱 去 房子,酒 小 菜 吃 多 吃 饱 去 房子,酒 小 菜 吃 多 吃 饱 去 房子
S000937_P0008_T00,我 妻子 刚才 喝 酸 喜欢 有 好了 儿子 是,我 妻子 刚才 喝 酸 喜欢 好了 儿子 是,我 妻子 刚才 喝 你 喜欢 好了 儿子 是,我 妻子 刚才 喝 酸 喜欢 好了 儿子 是,我 妻子 昨天 喝 你 喜欢 好了 儿子 是,我 妻子 刚才 喝 你 喜欢 好了 儿子 是
S000945_P0008_T00,我 面条 好了 身体 舒服 不,我 好了 身体 舒服 不,我 面条 好了 身体 舒服 不,我 面条 好了 身体 舒服 不,我 老板 面条 好了 身体 舒服 不,我 面条 好了 身体 舒服 不
S000962_P0000_T00,我 驾驶 高铁 站 接 儿子,我 驾驶 高铁 站 儿子,我 驾驶 高铁 站 儿子,我 驾驶 高铁 站 儿子,我 驾驶 高铁 站 儿子,我 驾驶 高铁 站 儿子
S000963_P0008_T00,你 夫妻 2 今天 年 准备 旅游 去 什么,你 结婚 2 今天 年 准备 旅游 去 什么,你 结婚 2 今天 年 准备 旅游 去 什么,你 结婚 2 今天 年 准备 旅游 去 什么,你 结婚 2 今天 年 准备 旅游 去 什么,你 结婚 2 今天 年 准备 旅游 去 什么
S000966_P0008_T00,你 喜欢 裙子 我 拿 1 给 试 裙子 可以,你 喜欢 裙子 我 拿 1 给 裙子 可以,你 喜欢 裙子 我 拿 1 给 裙子 可以,你 喜欢 裙子 我 拿 1 给 裙子 可以,你 喜欢 裙子 我 拿 1 给 裙子 可以,你 喜欢 裙子 我 拿 1 给 试 裙子 可以
S000968_P0008_T00,裤子 打折 我 买 1 给 儿子,裤子 打折 我 买 1 给 儿子,裤子 打折 我 买 1 给 儿子,裤子 打折 我 买 1 给 儿子,裤子 打折 我 买 1 给 儿子,裤子 打折 我 买 1 给 儿子
S000969_P0008_T00,我 拿 裤子 1 什么 钱 付 可以,我 拿 1 裤子 什么 钱 付 可以,我 拿 1 裤子 什么 钱 付 可以,我 拿 1 裤子 什么 钱 付 可以,我 拿 来 1 裤子 有 菜 付 可以,我 拿 1 裤子 什么 钱 付 可以
S000988_P0000_T00,你 男 朋友 右 女 是 谁 美丽,你 男 朋友 左 看 谁 美丽,你 男 朋友 左 谁 美丽,你 男 朋友 左 谁 美丽,你 男 朋友 他 谁 美丽,你 男 朋友 左 谁 美丽
S000998_P0000_T00,弟弟 踢足球 喜欢 身体 好,弟弟 踢足球 喜欢 身体 好,弟弟 踢足球 喜欢 身体 好,弟弟 踢足球 喜欢 身体 好,弟弟 踢足球 多 喜欢 身体 好,弟弟 踢足球 喜欢 身体 好
S001026_P0000_T00,听 人 到 你们 学校 学 手语 要 钱 多少,听 你们 学校 学 手语 要 钱 多少,听 到 你们 学校 学 手语 要 钱 多少,妹妹 到 你们 学校 学 手语 要 钱 多少,妹妹 到 你们 学校 学 手语 钱 多少,听 到 你们 学校 学 手语 要 钱 多少
S001027_P0000_T00,我 想 找 聋 人 朋友 学 手语,我 认为 聋 人 朋友 学 手语,他 找 聋 人 朋友 学 手语,他 找 聋 人 朋友 学 手语,他 找 人 朋友 学 手语,他 找 聋 人 朋友 学 手语
S001030_P0008_T00,学 手语 手机 按键 可以,学 手语 手机 这 可以,学 手语 手机 这 可以,学 手语 手机 这 可以,学 手语 手机 这 可以,学 手语 这 可以
S001035_P0000_T00,我 朋友 银行 工作 他 想 什么 贷款,朋友 银行 工作 他 想 什么 借款,朋友 银行 工作 他 想 什么 借款,朋友 银行 工作 他 想 什么 借款,朋友 银行 工作 他 想 什么 借款,朋友 银行 工作 他 想 什么 借款 贷款
S001051_P0000_T00,妈妈 同学 新 买 手表 我 想 买,妈妈 同学 新 买 手表 我 想 买,妈妈 同学 买 手表 我 想 买,妈妈 同学 买 手表 我 想 买,妈妈 同学 买 手表 我 想 买,妈妈 同学 买 我 想 买
S001064_P0008_T00,爷爷 年龄 大 山 爬 他 喜欢,爷爷 年龄 大 山 爬 他 喜欢,爷爷 年龄 大 山 爬 他 喜欢,爷爷 年龄 大 山 爬 他 喜欢,喜欢 年龄 大 山 爬 没有,爷爷 年龄 大 山 爬 他 喜欢
S001072_P0008_T00,介绍 他 我 乒乓球 老师,介绍 他 我 乒乓球 老师,介绍 他 我 乒乓球 老师,介绍 他 我 乒乓球 老师,他 我 乒乓球 老师,介绍 他 我 乒乓球 老师
S001073_P0000_T00,工作 累 喝 咖啡,工作 累 喝 咖啡,工作 累 喝 咖啡,工作 累 喝 咖啡,工作 累 喝 咖啡,工作 累 喝 咖啡
S001081_P0000_T00,晚上 这 学校 到 房子 公交车 多 人 多,晚上 这 学校 去 房子 公交车 人 多,晚上 这 学校 去 房子 公交车 人 多,晚上 这 学校 去 房子 公交车 人 多,晚上 这 学校 去 房子 公交车 人 多,晚上 这 学校 去 房子 公交车 多
S001090_P0000_T00,蛋糕 糖 多 身体 害,蛋糕 糖 多 身体 害,蛋糕 糖 多 身体 害,蛋糕 糖 多 身体 害,蛋糕 糖 多 身体,蛋糕 糖 多 身体 害
S001091_P0000_T00,身份证 给 警察 要 检查,身份证 给 警察 要 检查,身份证 给 警察 要 检查,身份证 给 警察 要 检查,身份证 给 警察 要 检查,身份证 给 警察 要 检查
S001095_P0008_T00,儿子 瘦 叫 他 在 学校 吃 多,儿子 瘦 叫 他 在 学校 吃 多,儿子 瘦 叫 他 在 学校 吃 多,儿子 瘦 叫 他 在 学校 吃 多,儿子 瘦 到 他 在 学校 吃 多,儿子 瘦 叫 他 在 学校 吃 多
S001126_P0008_T00,今天 天气 好 爸爸 爷爷 去 跑步,今天 天气 好 爸爸 爷爷 去 跑步,今天 天气 好 爸爸 爷爷 去 跑步,今天 天气 好 爸爸 爷爷 去 跑步,今天 天气 好 爸爸 去 跑步,今天 天气 好 爸爸 爷爷 去 跑步
S001142_P0000_T00,他 姐姐 老师 他 平时 驾驶 去 学校,他 姐姐 老师 平时 驾驶 去 学校,他 姐姐 老师 平时 驾驶 去 学校,他 姐姐 老师 平时 驾驶 去 学校,姐姐 老师 平时 时间 驾驶 去 学校,他 姐姐 老师 平时 驾驶 去 学校
S001143_P0000_T00,我 护照 忘记 带 去 房子 拿,我 护照 忘记 带 去 房子 拿,我 护照 忘记 带 去 房子 拿,我 护照 忘记 带 去 房子 拿,我 护照 会 带 去 房子,我 护照 忘记 带 去 房子 拿
S001147_P0000_T00,我 爷爷 年龄 大 飞机 合适 不,我 爷爷 年龄 大 飞机 战争 不,我 爷爷 年龄 大 飞机 战争 不,我 爷爷 年龄 大 飞机 战争 不,我 奶奶 年龄 大 飞机 战争,我 爷爷 年龄 大 飞机 战争 不
S001164_P0000_T00,买 去 1 票 不行 汽车 2 来往 不行,买 1 票 朋友 不行 车 还 去 2,买 1 票 不行 汽车 1 2,买 1 票 不行 汽车 还 1 2,买 1 票 不行 车 1,买 去 1 票 不行 汽车 1 2
S001173_P0000_T00,驾驶 我 在 前 红 绿 灯 这 下,驾驶 我 这 红 绿 灯 去,驾驶 我 前 红 绿 灯 去,驾驶 我 前 红 绿 灯 下 去,驾驶 我 前 绿 灯 走,工作 我 前 红 绿 灯 下 去
S001178_P0008_T00,因为 天气 不好 飞机 取消,因为 天气 不好 飞机 取消,因为 天气 不好 飞机 取消,因为 天气 不好 飞机 取消,因为 天气 好 公交车 手语,因为 天气 不好 飞机 取消
S001186_P0000_T00,火车 卧铺 票 我 买 不行,火车 卧铺 票 我 买 不行,火车 卧铺 票 我 买 不行,火车 卧铺 票 我 买 不行,火车 卧铺 票 我 买 不行,火车 票 我 买 不行
S001221_P0008_T00,我 在 房子 早 吃 中午 吃 我 在 学校 中午 吃,我 在 房子 早 吃 中午 吃 我 在 学校 中午 吃,我 在 房子 早 吃 中午 吃 我 在 学校 中午 吃,我 在 房子 早 吃 中午 吃 我 在 学校 中午 吃,我 在 房子 吃 喝 吃 我 在 学校 水 吃,我 在 房子 早 吃 中午 吃 我 在 学校 中午 吃
S001222_P0004_T00,你 公司 中午 吃 味道 好不好,公司 中午 吃 味道 好不好,公司 中午 吃 味道 好不好,公司 中午 吃 味道 好不好,公司 爸爸 吃 喜欢 好不好,公司 中午 吃 味道 好不好
S001222_P0008_T00,你 公司 中午 吃 味道 好不好,你 公司 中午 吃 味道 好不好,你 公司 中午 吃 好不好,你 公司 中午 吃 味道 好不好,你 公司 中午 吃 好不好,你 公司 中午 吃 好不好
S001227_P0000_T00,今天 菜 咸 我 想 喝 糖,今天 菜 咸 我 想 喝 糖,今天 菜 咸 我 想 喝 糖,今天 菜 咸 我 想 喝 糖,今天 菜 咸 我 想 喝 糖,今天 菜 咸 我 想 喝 糖
S001227_P0004_T00,今天 菜 咸 我 想 喝 糖,今天 菜 咸 我 想 喝 糖,今天 菜 咸 我 想 喝 糖,今天 菜 咸 我 想 喝 糖,今天 昨天 菜 我 想 喝 糖,今天 菜 咸 我 想 喝 糖
S001232_P0000_T00,这 菜 辣 多 要 喝 水,这 菜 辣 多 要 水,这 菜 辣 多 要 喝 水,这 菜 辣 多 要 喝 水,这 菜 辣 多 我 喝 水,这 菜 辣 多 要 喝 水
S001232_P0004_T00,这 菜 辣 多 要 喝 水,这 菜 爸爸 多 要 喝 水,这 菜 辣 多 要 喝 水,这 菜 辣 多 要 喝 水,这 菜 红 多 喝 水,这 菜 辣 多 要 喝 水
S001236_P0004_T00,今天 妹妹 生日 我 炒 鱼,今天 妹妹 生日 我 炒 鱼,今天 妹妹 生日 我 炒 鱼,今天 妹妹 生日 我 炒 鱼,今天 早 生日 我 炒 鱼,今天 妹妹 生日 我 炒 鱼
S001236_P0008_T00,今天 妹妹 生日 我 炒 鱼,今天 妹妹 生日 我 炒 鱼,今天 妹妹 生日 我 炒 鱼,今天 妹妹 生日 我 炒 鱼,今天 妈妈 生日 我 炒 鱼,今天 妹妹 生日 我 炒 鱼
S001246_P0000_T00,服务 员工 厕所 在 什么,服务 员工 厕所 在 什么,服务 员工 可以 在 什么,服务 员工 不 在 什么,服务 员工 可以 在 什么,服务 员工 可以 在 什么
S001246_P0008_T00,服务 员工 厕所 在 什么,服务 员工 厕所 在 什么,服务 员工 厕所 在 什么,服务 员工 厕所 在 什么,服务 员工 厕所 买 什么,服务 员工 厕所 在 什么
S001252_P0000_T00,我 妻子 感冒 我 驾驶 到 医院,我 妻子 感冒 我 驾驶 到 医院,我 妻子 感冒 我 驾驶 到 医院,我 妻子 感冒 我 驾驶 到 医院,我 妻子 感冒 我 驾驶 去 医院,我 妻子 感冒 我 驾驶 到 去 医院
S001260_P0000_T00,你 去 超市 买 伞 我 在 钱 这 等 你,你 去 超市 买 伞 我 在 钱 这 等 他,你 去 超市 买 伞 我 在 钱 这 等 他,你 去 超市 买 伞 我 在 钱 这 等 他,你 去 超市 买 伞 在 那 等 那,你 去 超市 买 伞 我 在 钱 这 等 你
S001260_P0004_T00,你 去 超市 买 伞 我 在 钱 这 等 你,你 去 超市 买 伞 我 在 这 等 你,你 去 超市 买 伞 我 在 这 等,你 去 超市 买 伞 我 在 给 这 等 你,你 去 超市 买 伞 在 可以 丢 等,你 去 超市 买 伞 我 在 给 这 等
S001266_P0002_T00,我 工作 好了 去 超市 果汁 去 房子,我 工作 好了 去 超市 买 全部 去 房子,我 工作 好了 去 超市 买 全部 去 房子,我 工作 好了 去 超市 买 书 去 房子,我 去 工作 好了 超市 买 全部 可以 去 房子,我 工作 日期 去 超市 买 书 去 房子
S001268_P0000_T00,这 商店 水果 多 便宜 我 想 买 香蕉,这 商店 水果 多 便宜 我 想 买 香蕉,这 商店 水果 多 便宜 我 想 买 香蕉,这 商店 水果 多 便宜 我 想 买 香蕉,这 商店 水果 多 便宜 我 想 买 香蕉,这 商店 水果 多 便宜 我 想 买 香蕉
S001268_P0008_T00,这 商店 水果 多 便宜 我 想 买 香蕉,这 商店 水果 多 便宜 我 想 买 香蕉,这 商店 水果 多 便宜 我 想 买 香蕉,这 商店 水果 多 便宜 我 想 买 香蕉,这 商店 水果 多 便宜 我 想 买 香蕉,这 商店 水果 多 便宜 我 想 买 香蕉
S001292_P0004_T00,你 巧克力 吃 多 不 身体 不好,你 巧克力 吃 多 不 身体 不好,你 巧克力 吃 多 不 身体 不好,你 巧克力 吃 多 不 身体 不好,你 巧克力 吃 不 身体 不好,你 巧克力 吃 多 不 身体 不好
S001292_P0008_T00,你 巧克力 吃 多 不 身体 不好,这 巧克力 吃 多 不 身体 不好,这 巧克力 吃 多 不 身体 不好,这 巧克力 吃 多 不 身体 不好,这 哥哥 吃 多 不 身体 不好,这 巧克力 吃 多 不 身体 不好
S001298_P0004_T00,爸爸 妈妈 生日 你 应该 早 起床 炒 早 吃,爸爸 妈妈 生日 应该 早 起床 炒 早 吃,爸爸 妈妈 生日 应该 早 起床 炒 早 吃,爸爸 妈妈 生日 应该 早 起床 炒 早 吃,爸爸 妈妈 生日 应该 炒 早 吃,爸爸 妈妈 生日 应该 早 起床 炒 早 吃
S001308_P0000_T00,天气 冬天 我们 去 篮球,天气 冬天 我们 去 篮球,天气 冬天 我们 去 篮球,天气 冬天 我们 去 篮球,天气 冬天 我们 篮球,天气 冬天 我们 去 篮球
S001308_P0004_T00,天气 冬天 我们 去 篮球,天气 冬天 我们 篮球,天气 冬天 我们 篮球,天气 冬天 我们 篮球,白天 天气 冬天 我们 篮球,天气 冬天 我们 篮球
S001315_P0004_T00,我 爷爷 手语 会 他 聋 人 朋友 多,我 爷爷 手语 热 会 他 女 朋友 多,我 爷爷 手语 会 他 女 朋友 多,我 爷爷 手语 会 他 女 朋友 多,我 爷爷 手语 会 他 女 朋友 多,我 爷爷 手语 会 他 女 朋友 多
S001324_P0000_T00,病 人 手术 出院 不行 护士 照顾 会,病 人 手术 出院 不行 护士 照顾 会,病 人 手术 出院 不行 护士 照顾 会,病 人 手术 出院 不行 护士 照顾 会,病 人 手术 外 不行 护士 照顾 学 会,病 人 手术 出院 不行 护士 照顾 会
S001324_P0004_T00,病 人 手术 出院 不行 护士 照顾 会,护士 病 人 手术 出院 不行 护士 照顾 会,护士 病 人 手术 出院 不行 护士 照顾 会,护士 病 人 手术 出院 不行 护士 照顾 会,不管 病 人 手术 员工 照顾 会,护士 病 人 手术 出院 不行 员工 照顾 会
S001349_P0000_T00,我 今天 去 山 爬 晚上 后 去 房子 吃,我 今天 山 爬 晚上 去 房子 吃,我 今天 山 爬 晚上 去 房子 吃,我 今天 山 爬 晚上 去 房子 吃,我 今天 山 爬 晚上 去 房子 吃,我 今天 山 爬 晚上 去 房子 吃
S001354_P0000_T00,我 有 2 衣服 1 红 1 黄,我 有 2 红 1 次,我 有 2 衣服 1 红 1,我 有 2 衣服 1 红 1,我 有 衣服 1 红 钱 多少,我 有 2 衣服 红 1
S001354_P0004_T00,我 有 2 衣服 1 红 1 黄,我 有 2 衣服 1 红 1 黄,我 有 2 衣服 1 红 1 黄,我 有 2 衣服 1 红 1 黄,我 多 衣服 1 喜欢 1 菜,我 有 2 我 红 1 黄
S001356_P0000_T00,黑 鞋子 这 男 我 男 朋友,鞋子 黑 这 男 我 男 朋友,鞋子 黑 这 男 我 男 朋友,鞋子 黑 这 男 我 男 朋友,鞋子 孩子 男 我 男 朋友,鞋子 黑 男 我 男 朋友
S001356_P0008_T00,黑 鞋子 这 男 我 男 朋友,这 鞋子 黑 男 我 男 朋友,这 鞋子 黑 男 我 男 朋友,这 鞋子 黑 男 我 男 朋友,这 鞋子 知道 奶奶 我 男 朋友,这 鞋子 黑 男 我 男 朋友
S001357_P0000_T00,我 女儿 手机 没有 我 只好 手机 发送 他 朋友,我 女儿 手机 没有 我 只好 手机 发送 他 朋友,我 女儿 手机 没有 我 只好 手机 发送 朋友,我 女儿 手机 没有 我 只好 手机 发送 朋友,我 女儿 手机 没有 我 只好 试 发送 朋友,我 女儿 手机 没有 我 只好 手机 发送 朋友
S001357_P0008_T00,我 女儿 手机 没有 我 只好 手机 发送 他 朋友,我 女儿 手机 没有 我 只好 手机 发送 他 朋友,我 女儿 手机 没有 我 只好 手机 发送 他 朋友,我 女儿 手机 没有 我 勉强 手机 发送 他 朋友,我 女儿 没有 我 只好 想 发送 他 朋友,我 女儿 手机 没有 我 只好 手机 发送 朋友
S001369_P0000_T00,过节 去 房子 多 吃 菜 小 吃 肉 胖 不,祝福 去 房子 多 吃 菜 小 吃 肉 胖 不,过节 去 房子 多 吃 菜 小 吃 肉 胖 不,过节 去 房子 多 吃 菜 小 吃 肉 胖 不,过节 去 房子 多 吃 小 吃 学 我 胖,过节 去 房子 多 吃 菜 小 学 胖 不
S001369_P0004_T00,过节 去 房子 多 吃 菜 小 吃 肉 胖 不,年龄 去 房子 多 吃 菜 吃 晚 胖 不,年龄 去 房子 多 吃 菜 吃 肉 胖 不,年龄 去 房子 多 吃 菜 吃 肉 胖 不,年龄 去 房子 有 吃 肉 胖 不,过节 去 房子 多 吃 菜 吃 肉 胖 不
S001372_P0000_T00,明天 考试 要 带 笔 不 带 手机,明天 考试 要 带 不 带 手机,明天 考试 要 带 比 不 带 手机,明天 考试 要 带 什么 不 带 手机,明天 考试 要 带 比 不 带 手机,明天 考试 要 带 什么 不 带 手机
S001372_P0008_T00,明天 考试 要 带 笔 不 带 手机,明天 考试 要 带 什么 不 带 手机,明天 考试 要 带 笔 不 带 手机,明天 考试 要 带 笔 不 带 手机,昨天 考试 我 带 笔 不 带 去,明天 考试 我 带 什么 不 带 手机
S001377_P0000_T00,中午 去 什么 吃 在 学校 饭店,中午 去 什么 吃 在 学校 饭店,中午 去 什么 吃 在 学校 饭店,中午 去 什么 吃 在 学校 饭店,中午 吃 买 学校 饭店,中午 去 什么 吃 在 学校 饭店
S001377_P0008_T00,中午 去 什么 吃 在 学校 饭店,中午 去 什么 吃 在 学校 饭店,中午 去 什么 吃 在 学校 饭店,中午 去 什么 吃 在 学校 饭店,中午 去 要 吃 买 学校 酒,中午 去 什么 吃 在 学校 饭店
S001401_P0008_T00,牛奶 咖啡 和 喝 可以,牛奶 咖啡 茶叶 喝 可以,牛奶 咖啡 茶叶 喝 可以,牛奶 咖啡 茶叶 喝 可以,牛奶 咖啡 喝 可以,牛奶 咖啡 喝 可以
S001403_P0004_T00,老板 对 我 满意 高兴,老板 对 我 好 等 高兴,老板 对 我 好 充分 高兴,老板 对 我 好 充分 高兴,老板 对 好 满足 高兴,老板 对 我 好 充分 高兴
S001403_P0008_T00,老板 对 我 满意 高兴,老板 对 我 充分 不 高兴,老板 对 我 老板 高兴,老板 对 我 满意 高兴,老板 对 我 老板 高兴,老板 对 我 老板 高兴
S001409_P0000_T00,工作 时间 酒 不行 老板 也 不行,工作 时间 酒 不行 老板 改变 不行,工作 时间 酒 不行 老板 不行,工作 时间 酒 不行 老板 不行,工作 时间 酒 不行 老板 不行,工作 时间 酒 不行 老板 改变 不行
S001409_P0008_T00,工作 时间 酒 不行 老板 也 不行,工作 时间 酒 不行 老板 改变 不行,工作 时间 酒 不行 老板 飞机 不行,工作 时间 酒 不行 老板 飞机 不行,工作 时间 酒 老板 飞机,工作 时间 酒 不行 老板 飞机 不行
S001414_P0008_T00,明天 过节 要 穿 新,明天 年龄 要 衣服 新,明天 年龄 要 穿 衣服 新,明天 年龄 要 穿 衣服 新,明天 过节 要 穿 衣服 不行,明天 过节 要 穿 衣服 新
S001415_P0000_T00,穿 暖 没有 我 想 不 买,衣服 暖 没有 我 想 不 买,穿 暖 没有 我 想 不 买,穿 暖 没有 我 想 不 买,穿 暖 没有 我 想 喝 买,暖 没有 我 想 不 买
S001415_P0004_T00,穿 暖 没有 我 想 不 买,衣服 没有 我 想 不 买,衣服 没有 我 想 不 买,衣服 没有 我 想 不 买,衣服 没有 我 想 不 买,衣服 没有 我 想 不 买
S001417_P0004_T00,明天 考试 好了 放假 高兴,明天 考试 好了 放假 玩,明天 考试 好了 放假 玩,明天 考试 好了 放假 玩,明天 考试 好了 放假 不 高兴,明天 考试 好了 放假 高兴
S001417_P0008_T00,明天 考试 好了 放假 高兴,明天 考试 好了 放假 高兴,明天 考试 好了 放假 高兴,明天 考试 好了 放假 高兴,明天 考试 好了 放假 高兴,明天 考试 好了 放假 高兴
S001423_P0000_T00,你 我 客户 我 应该 请客 你 吃,你 要 礼貌 我 应该 请客 你 吃,你 礼貌 我 应该 请客 你 吃,你 礼貌 我 应该 请客 你 吃,你 礼貌 我 应该 请客 吃,你 我 送 我 应该 请客 你 吃
S001423_P0004_T00,你 我 客户 我 应该 请客 你 吃,你 要 礼貌 我 应该 请客 吃,你 要 客户 我 应该 请客 吃,你 要 客户 我 应该 请客 吃,我 礼貌 我 应该 吃,你 客户 我 应该 请客 吃
S001425_P0000_T00,跳舞 是 1 种 运动 是 对 身体 好,跳舞 是 看 1 种 运动 是 对 身体 好,跳舞 是 1 种 运动 是 对 身体 好,跳舞 是 1 种 运动 是 对 身体 好,跳舞 是 看 种 运动 对 身体 好,跳舞 是 1 种 运动 是 对 身体 好
S001425_P0008_T00,跳舞 是 1 种 运动 是 对 身体 好,跳舞 是 种 运动 是 对 身体 好,跳舞 是 种 运动 是 对 身体 好,跳舞 是 种 运动 是 对 身体 好,跳舞 种 运动 对 身体 好,跳舞 是 种 运动 是 对 身体 好
S001430_P0008_T00,老板 邮件 我 叫 我 预定 去 公司 飞机,老板 发送 要 叫 我 要 预定 去 公司 飞机,老板 发送 要 叫 我 要 预定 去 公司 飞机,老板 发送 要 叫 我 要 预定 去 公司 飞机,老板 发送 我 要 叫 我 要 预定 公司 出租车,老板 要 叫 我 要 预定 去 公司 飞机
S001432_P0004_T00,我 儿子 去 工作 你 有 事情 手机 发,我 儿子 去 工作 你 有 事情 手机 发送,我 儿子 去 工作 你 有 事情 手机 发送,我 儿子 去 工作 你 有 什么 事情 手机 发送,我 儿子 去 工作 有 什么 事情 要 发送,我 儿子 去 工作 你 有 什么 手机 发送
S001447_P0004_T00,十字路 有 狗 我 害怕 他 有 小,这 真 有 狗 我 这 小,这 真 月 狗 我 这 小,你 真 月 狗 我 这 小,真 月 慢 我 你 味道,这 干 月 有 狗 我 你 小
S001447_P0008_T00,十字路 有 狗 我 害怕 他 有 小,真 1 我 害怕 他 小,真 有 我 害怕 他 小,真 有 我 害怕 他 小,真 有 我 害怕 他,十字路 有 狗 我 害怕 他 小
S001456_P0000_T00,下午 我 吃 水果 多 不 想 吃 晚上 吃,下午 我 吃 水果 多 不 想 吃 晚上 吃,下午 我 吃 水果 多 不 想 吃 晚上 吃,下午 我 吃 水果 多 不 想 吃 晚上 吃,下午 我 吃 水果 多 不 想 吃 晚上 吃,下午 我 吃 水果 多 不 想 吃 晚上 吃
S001489_P0004_T00,老板 邮件 我 看 没有 他 什么 时间 发,老板 发送 我 看 没有 他 时间 发送,老板 发送 我 看 没有 他 什么 时间 发送,老板 发送 我 看 没有 他 什么 时间 发送,老板 发送 我 看 没有 他 什么 时间 发送,老板 发送 我 看 没有 他 什么 时间 发送
S001489_P0008_T00,老板 邮件 我 看 没有 他 什么 时间 发,老板 发送 我 没有 看 他 什么 时间 邮件,老板 发送 我 没有 看 他 什么 时间 发送,老板 发送 我 没有 看 他 什么 时间 发送,老板 发送 我 没有 你 他 什么 时间 发送,老板 发送 我 没有 看 他 什么 时间 发送
S001507_P0004_T00,穿 裙子 蓝 跳舞 那 我 女儿,裙子 蓝 跳舞 他 我 女儿,裙子 蓝 跳舞 他 我 女儿,裙子 蓝 跳舞 那 他 我 女儿,裙子 是 跳舞 他 我 女儿,裙子 蓝 在 那 我 女儿
S001507_P0008_T00,穿 裙子 蓝 跳舞 那 我 女儿,这 蓝 裙子 女 我 女儿,这 蓝 裙子 女 我 女儿,这 蓝 裙子 女 我 女儿,这 孩子 裙子 女 我 女儿,这 蓝 裙子 女 我 女儿
S001509_P0004_T00,今天 阴 大概 会 下雨,今天 阴 大概 会 下雨,今天 阴 大概 会 下雨,今天 阴 大概 会 下雨,今天 天 大概 会 下雨,今天 阴 会 下雨
S001515_P0004_T00,在 房子 看 电视 不用 去 踢足球,在 房子 看 电视 不 去 踢足球,在 房子 看 电视 不 去 踢足球,在 房子 看 电视 不用 去 踢足球,在 房子 看 电视 不 去 酒,在 房子 看 电视 不用 去 踢足球
S001515_P0008_T00,在 房子 看 电视 不用 去 踢足球,在 房子 看 电视 去 踢足球,在 房子 看 电视 不 去 踢足球,在 房子 看 电视 不 去 踢足球,在 房子 看 电视 不 想 踢足球,在 房子 看 电视 不 去 踢足球
S001517_P0000_T00,椅子 衣服 1 这 谁,桌子 衣服 1 这 谁,桌子 衣服 1 这 谁,桌子 衣服 1 这 谁,桌子 衣服 1 这 谁,桌子 衣服 1 这 谁
S001517_P0004_T00,椅子 衣服 1 这 谁,桌子 衣服 这 谁,桌子 衣服 这 谁,桌子 衣服 这 谁,桌子 衣服 越 谁 美丽,桌子 衣服 这 谁
S001568_P0004_T00,合肥 降 骑车 课 应该 冬天,合肥 降 课 应该 冬天,合肥 降 课 应该 冬天,合肥 降 课 应该 冬天,合肥 降 我 比 应该 冬天,合肥 降 课 应该 冬天
S001568_P0008_T00,合肥 降 骑车 课 应该 冬天,合肥 降 骑车 课 应该 冬天,合肥 降 骑车 课 应该 冬天,合肥 降 骑车 课 应该 冬天,合肥 降 骑车 应该 冬天,合肥 降 骑车 课 应该 冬天
S001574_P0004_T00,我 丈夫 在 美国 中国 菜 喜欢,我 丈夫 在 美国 中国 菜 喜欢,我 丈夫 在 美国 中国 菜 喜欢,我 丈夫 在 美国 中国 菜 喜欢,我 丈夫 在 新 中国 菜 喜欢,我 丈夫 在 美国 中国 菜 喜欢
S001574_P0008_T00,我 丈夫 在 美国 中国 菜 喜欢,我 丈夫 在 美国 中国 菜 喜欢,我 丈夫 在 美国 中国 菜 喜欢,我 丈夫 在 美国 中国 菜 喜欢,我 丈夫 在 美国 中国 菜 喜欢,我 丈夫 在 美国 中国 菜 喜欢
S001610_P0004_T00,服务 员工 说 黑 帽子 适合 我,明天 帽子 战争 我 服务 说,他 明天 帽子 战争 我 服务 说,黑 帽子 战争 我 服务 说,他 明天 学 战争 我 害怕 服务 不行,明天 帽子 战争 我 服务 说
S001610_P0005_T00,服务 员工 说 黑 帽子 适合 我,黑 帽子 我 服务 员工 说,黑 帽子 合适 我 服务 员工 说,黑 帽子 合适 我 服务 员工 说,学 合适 我 服务 员工 作弊,天 帽子 战 我 服务 员工 说
S001625_P0005_T00,我 明天 超市 买 面包 给 爷爷,我 明天 超市 买 面包 给 爷爷,我 明天 超市 买 面包 给 爷爷,我 明天 超市 买 蛋糕 面包 给 爷爷,我 明天 超市 买 面包 给 弟弟,我 明天 超市 买 面包 给 爷爷
S001641_P0000_T00,人 身体 身体 癌 变 大概 会,人 身体 癌 会 变 大概 会,人 身体 癌 会 变 大概 会,人 身体 癌 会 变 大概 会,人 身体 癌 会 变 大概 会 不,人 身体 癌 会 变 大概 会
S001641_P0004_T00,人 身体 身体 癌 变 大概 会,人 身体 癌 会 变 大概 会 不,人 身体 癌 会 变 大概 会,人 身体 癌 会 变 大概 会 不,人 身体 癌 变 大概 会,人 身体 癌 会 变 大概 会 不
S001656_P0004_T00,治疗 白内障 治疗 效果 好 是 手术,艾滋 病 是 病 效果 手术,艾滋 病 效果 手术,艾滋 病 效果 手术,艾滋 病 什么 病 手术,艾滋 病 治疗 病 效果 手术
S001656_P0005_T00,治疗 白内障 治疗 效果 好 是 手术,治疗 白内障 治疗 效果 是 手术,治疗 白内障 治疗 效果 是 手术,治疗 白内障 治疗 效果 是 手术,治疗 白内障 治疗 好 是 手术,治疗 白内障 治疗 效果 是 手术
S001667_P0000_T00,忙 晚上 进 睡觉 前 书 看 看 完成,忙 晚上 睡觉 前 书 看 完成,忙 晚上 去 睡觉 前 书 看 完成,忙 晚上 去 睡觉 前 书 看 文章 完成,白天 晚上 去 睡觉 前 书 看,忙 晚上 进 睡觉 前 书 检查 完成
S001667_P0005_T00,忙 晚上 进 睡觉 前 书 看 看 完成,忙 晚上 睡觉 前 书 看 完成,忙 晚上 睡觉 前 书 看 完成,忙 晚上 去 睡觉 前 书 完成,白天 晚上 睡觉 书 负责,忙 晚上 去 睡觉 前 书 完成
S001685_P0000_T00,老 人 路 斑马线 慢 走 慢 走 慢 走 车 按 按 按,老 人 路 斑马线 慢 走 车,老 人 路 斑马线 慢 走 车 预防,老 人 路 斑马线 慢 走 车,老 人 路 斑马线 走,老 人 路 斑马线 慢 走 车 预防
S001687_P0000_T00,走 斑马线 条 条 是 安全,走 斑马线 条 安全,走 斑马线 安全,走 斑马线 安全,走 斑马线 安全,走 斑马线 安全
S001687_P0005_T00,走 斑马线 条 条 是 安全,走 斑马线 条 安全,走 斑马线 安全,走 斑马线 安全,走 斑马线 安全,走 斑马线 安全
S001702_P0000_T00,笔记本 电脑 多 全部 配 配 蓝牙,笔记本 电脑 多 全部 配合 蓝牙,笔记本 电脑 多 全部 配合 蓝牙,笔记本 电脑 多 全部 配合 蓝牙,笔记本 电脑 多 全部 配合 蓝牙,笔记本 电脑 多 全部 配 蓝牙
S001702_P0004_T00,笔记本 电脑 多 全部 配 配 蓝牙,笔记本 电脑 多 全部 配合 蓝牙,笔记本 电脑 多 全部 配合 蓝牙,笔记本 电脑 多 全部 配合 蓝牙,你 笔记本 电脑 多 全部 配合 蓝牙,笔记本 电脑 多 全部 配合 蓝牙
S001705_P0004_T00,研究 蓝牙 技术 原来 理 和 什么 实践 过程 老师 介绍 介绍,研究 蓝牙 技术 原来 痛 和 什么 实践 过程 介绍,研究 蓝牙 技术 原来 痛 和 什么 过程 介绍,研究 蓝牙 技术 原来 痛 和 什么 过程 介绍,研究 蓝牙 技术 改变 旧 和 这 过程 理解,研究 蓝牙 技术 原来 痛 和 电 过程 介绍
S001705_P0005_T00,研究 蓝牙 技术 原来 理 和 什么 实践 过程 老师 介绍 介绍,研究 蓝牙 技术 原来 痛 和 什么 实践 过程 要 介绍,研究 蓝牙 技术 原来 痛 和 什么 实践 过程 介绍,研究 蓝牙 技术 原来 痛 和 什么 实践 过程 介绍,研究 蓝牙 技术 丢 1 和 他们 评价 过程 介绍,研究 蓝牙 技术 原来 痛 和 什么 实践 过程 看
S001711_P0000_T00,这 公司 在 这 蓝牙 设计 秘密 改变 改变 安全,这 公司 在 蓝牙 设计 秘密 变 安全,这 公司 在 蓝牙 设计 秘密 改变 安全,这 公司 在 蓝牙 设计 秘密 改变 安全,这 公司 在 蓝牙 设计 美丽 走 安全 好,这 公司 在 蓝牙 设计 秘密 改变 安全
S001711_P0005_T00,这 公司 在 这 蓝牙 设计 秘密 改变 改变 安全,他 那 公司 在 蓝牙 设计 改变 修 安全,他 公司 在 蓝牙 设计 吸烟 改变 身体 安全,他 公司 在 蓝牙 设计 吸烟 改变 身体 安全,这 公司 得 蓝牙 设计 水 改变 身体 安全,他 公司 在 设计 吸烟 改变 身体 安全
S001717_P0000_T00,程序 不用 关闭 关闭 可以 帮助 我 节省 流量,程序 不用 关闭 可以 帮助 我 节省 流量,程序 不用 关闭 可以 帮助 我 节省 流量,程序 不用 关闭 可以 帮助 我 节省 流量,经过 不行 关闭 可以 帮助 我 节省 流量,程序 不用 关闭 可以 帮助 我 节省 流量
S001717_P0005_T00,程序 不用 关闭 关闭 可以 帮助 我 节省 流量,程序 不用 可以 帮助 我们 节省 流量,程序 不 可以 帮助 我们 节省 流量,程序 不 关门 可以 帮助 我们 节省 流量,过程 不 帮助 我们 节省 不用,世界 不 关门 可以 帮助 我们 节省 流量
S001735_P0004_T00,医生 温度 脉搏 检查 身体,医生 涨 脉搏 身体,医生 温度 病 身体,医生 温度 病 身体,医生 增加 病 身体,医生 治疗 病 身体
S001735_P0005_T00,医生 温度 脉搏 检查 身体,医生 温度 脉搏 检查 身体,医生 温度 脉搏 检查 身体,医生 温度 脉搏 检查 身体,医生 缺少 治疗 检查 身体,医生 草稿 病 脉搏 检查 身体
S001743_P0000_T00,上海 公司 法 人 拍照 身份证 复印 6,上海 公司 人 拍照 身份证 复印 去,上海 公司 人 拍照 身份证 死,上海 公司 人 拍照 身份证 死,上海 公司 人 拍照 身份证 复印,上海 公司 人 拍照 身份证 不好
S001743_P0004_T00,上海 公司 法 人 拍照 身份证 复印 6,上海 公司 可以 人 表示 身份证 复印 星期,上海 公司 可以 人 情况 身份证 复印,上海 公司 可以 人 情况 身份证 复印,上海 公司 有 人 形象,上海 公司 可以 人 情况 复印 妹妹
S001747_P0000_T00,每 人 在 生活 会 遇 感动 事情,每 人 在 生活 会 遇 感动 事情,每 人 在 生活 会 遇 感动 事情,每 人 在 生活 会 遇 感动 事情,每 人 在 生活 会 遇 感动 事情,每 人 在 生活 会 遇 感动 事情
S001747_P0004_T00,每 人 在 生活 会 遇 感动 事情,每 人 在 生活 会 遇 感动 事情,每 人 在 生活 会 遇 感动 事情,每 人 在 生活 会 遇 感动 事情,每 人 在 生活 遇 感动 事情,每 人 在 生活 会 遇 感动 事情
S001754_P0000_T00,难 运动 员工 勤奋 运动 运动 不是 我们 榜样 学,难 运动 员工 努力 运动 不是 我们 榜样,难 运动 员工 努力 运动 不是 我们 榜样,难 运动 员工 努力 运动 不是 我们 榜样,难 运动 员工 努力 运动 不是 我们 榜样,难 运动 员工 努力 运动 不是 我们 榜样
S001754_P0004_T00,难 运动 员工 勤奋 运动 运动 不是 我们 榜样 学,难 运动 员工 努力 运动 不是 我们 榜样,难 运动 员工 努力 运动 不是 我们 榜样 学,难 运动 员工 努力 忘记 运动 不是 我们 榜样 学,睡觉 运动 员工 努力 运动 不是 榜样 学,难 运动 员工 努力 学 运动 不是 我们 榜样 学
S001759_P0005_T00,你 不 给 榜样 学 坏 不,你 不 给 榜样 学 坏 不,你 不 给 榜样 学 坏 不,你 不 给 榜样 学 不行 不,他 不 给 榜样 学 不,你 不 给 榜样 学 不行 不
S001769_P0004_T00,这样 做 最 保险,情况 最 保险,情况 工作 最 保险,情况 工作 最 保险,表情 工作 时间 保险,情况 最 保险
S001769_P0005_T00,这样 做 最 保险,情况 工作 最 保险,情况 工作 最 保险,情况 工作 最 保险,表情 工作 最 好 保险,情况 工作 最 保险
S001788_P0000_T00,看 病 床 这 儿子 身体 包 绷带 绷带 看 心跳,看 病 儿子 身体 包 绷带 看 感动,看 病 观众 儿子 身体 包 绷带 看 感动,你 病 观众 儿子 身体 包 绷带 看 感动,看 病 儿子 身体 包 绷带 看 感动,你 病 观众 儿子 身体 包 绷带 看 感动
S001788_P0005_T00,看 病 床 这 儿子 身体 包 绷带 绷带 看 心跳,看 病 房间 儿子 身体 包 绷带 看 感动,看 病 癌 生 身体 包 绷带 看 感动,看 病 癌 生 身体 包 绷带 看 感动,他 病 癌 生 女 身体 包 绷带 看 感动,看 病 是 生 身体 包 绷带 看 感动
S001798_P0000_T00,他 电脑 笔记本 中 毒 开 不,他 笔记本 妈妈 做 开 不行,他 电脑 笔记本 妈妈 做 开 不行,他 电脑 笔记本 妈妈 做 开,他 电脑 笔记本 做 开,他 笔记本 妈妈 做 开 不行
S001798_P0005_T00,他 电脑 笔记本 中 毒 开 不,他 电脑 笔记本 做 开 坏,他 电脑 笔记本 做 开,他 电脑 笔记本 做 开,他 电脑 笔记本 阑尾 开,他 电脑 笔记本 开
S001808_P0000_T00,他 对 自己 标准 严格 高 要求,他 对 自己 准确 严格 高 年龄,他 对 自己 准确 严格 高 年龄,他 对 自己 准确 严格 高 年龄,他 对 自己 标准 多 少 过敏 阑尾 年龄,他 对 自己 社会 多 严格 高 多 年龄
S001813_P0000_T00,你 声音 标准 没有 你 还 练习 练习,他 抱怨 标准 没有 你 还 锻炼,你 标准 没有 你 还 锻炼,你 下午 标准 没有 你 还 锻炼,你 标准 没有 你 还 打胎,他 标准 没有 你 还 锻炼
S001813_P0005_T00,你 声音 标准 没有 你 还 练习 练习,他 你 抱怨 标准 没有 你 还 锻炼,你 抱怨 标准 没有 你 还 锻炼,你 抱怨 标准 没有 你 还 锻炼,你 标准 没有 你 还 练习,他 抱怨 标准 没有 你 还 锻炼
S001815_P0000_T00,王 老师 做 做 产品 标准 升 升 升 好,王 老师 工作 产品 标准 升 好,王 老师 工作 产品 标准 升 好,王 老师 工作 产品 标准 升 好,王 老师 工作 产品 标准 升 好,王 老师 工作 产品 标准 升 好
S001822_P0000_T00,他 我 找 夫妻 标准 他 符合,他 我 找 结婚 标准 他 合适,他 我 找 夫妻 标准 他 合适,他 我 找 夫妻 标准 他 合适,他 我 找 夫妻 标准 他 合适,他 我 找 夫妻 标准 他 合适
S001822_P0004_T00,他 我 找 夫妻 标准 他 符合,他 我 找 夫妻 标准 他 合适,他 我 找 夫妻 标准 他 合适,他 我 找 夫妻 标准 他 合适,他 我 结婚 标准 他 适合,他 我 找 夫妻 标准 他 了解
S001841_P0004_T00,伤 恢复 没有 不 感染,伤 恢复 没有 不 影响,受伤 恢复 没有 不 影响,受伤 恢复 没有 不 影响,受伤 恢复 没有 不 影响,受伤 没有 不 影响
S001841_P0005_T00,伤 恢复 没有 不 感染,受伤 恢复 没有 不 传染,受伤 恢复 没有 不 影响,受伤 恢复 没有 不 传染,受伤 恢复 没有 不 影响,恢复 没有 不 影响
S001851_P0005_T00,祖国 到处 情况 变 变 变 新,北京 情况 变 新,北京 情况 变 新,北京 到处 情况 变 新,斑马线 大家 情况 变 后,北京 样子 变 新
S001874_P0000_T00,文化 交流 是 目的 沟通 各 国家 文化 交流 桥,文化 交流 是 目的 沟通 各种 国家 文化 交流,文化 交流 是 目的 沟通 各种 国家 文化 交流,文化 交流 是 目的 沟通 各种 国家 文化 交流,交流 是 目的 沟通 各种 国家 交流,文化 交流 是 目的 沟通 各种 国家 文化 交流
S001874_P0004_T00,文化 交流 是 目的 沟通 各 国家 文化 交流 桥,文化 交流 按照 沟通 各种 国家 文化 交流,文化 交流 目的 沟通 各种 国家 文化 交流 桥,文化 交流 目的 沟通 各种 国家 文化 交流 桥,改变 昨天 交流 目标 沟通 分 国家 过去 交流 桥,文化 交流 挂 沟通 各种 国家 文化 交流
S001882_P0004_T00,让 我 休息 好 可以 天气 变 变 变 我 估计 要 下雨,让 我 休息 可以 天气 2 天 我 估计 要 下雨,让 我 休息 可以 天气 2 我 估计 要 下雨,让 我 休息 可以 天气 2 我 估计 要 下雨,请 休息 可以 天气 看 我 估计 下雨,让 我 休息 可以 天 天气 我 估计 要 下雨
S001882_P0005_T00,让 我 休息 好 可以 天气 变 变 变 我 估计 要 下雨,让 我 休息 好 可以 天气 变化 我 估计 下雨,让 我 休息 好 可以 天气 变化 我 估计 下雨,让 我 休息 好 可以 天气 变化 我 估计 下雨,让 我 休息 可以 天气 我 估计 下雨,让 我 休息 好 可以 天 天气 我 估计 下雨
S001891_P0000_T00,跳舞 书 这 阶段 安排 必须 不 变,跳舞 书 指 报告 处理 肯定 不 变,跳舞 书 他 报告 处理 肯定 不 变化,跳舞 书 他 阶段 处理 肯定 不 变化,跳舞 书 他 段 处理 必须 不 变化,跳舞 书 他 阶段 处理 定 不
S001891_P0004_T00,跳舞 书 这 阶段 安排 必须 不 变,跳舞 书 这 段 处理 应该 不 变,跳舞 书 这 阶段 处理 应该 不 变,跳舞 书 这 阶段 处理 应该 不 变,跳舞 书 会 想 处理 肯定 不 一样,跳舞 书 这 阶段 处理 应该 不 变
S001894_P0000_T00,我 课 教室 固定 没有 今天 这 变 明天 那,我 课 教室 固定 没有 今天 这 变 明天 他,我 课 教室 固定 没有 今天 这 2 明天 他,我 课 教室 固定 没有 今天 2 明天 他,我 教室 固定 没有 今天 看 痛,我 课 教室 固定 没有 今天 这 2 明天 他
S001894_P0004_T00,我 课 教室 固定 没有 今天 这 变 明天 那,我 课 教室 房子 固定 没有 今天 这 明天 这,我 课 教室 房子 固定 没有 今天 这 明天 他,我 课 教室 房子 固定 没有 今天 改变 这 明天 他,我 老师 教 固定 没有 今天 死 那 想 他,我 课 教室 房子 固定 没有 今天 这 明天 他
S001900_P0004_T00,我 捡 交通 卡 这 卡 早 丢 挂,我 卡 这 早 丢 挂,我 卡 这 请客 早 丢 挂,我 卡 这 卡 早 丢 挂,小 老板 卡 请客 挂,我 卡 这 碗 早 丢 挂
S001900_P0005_T00,我 捡 交通 卡 这 卡 早 丢 挂,我 交通 卡 这 早 丢 挂,我 交通 卡 这 卡 早 丢 挂,我 吸取 交通 卡 这 卡 早 丢 挂,我 交通 卡 多少 丢 挂,我 人生 车 卡 这 早 丢 挂
S001902_P0000_T00,请 你 看 写 项目 写 丢 挂 要求 表格 这 好了 我 核对,请 你 看 题目 写 丢 挂 要 要求 写 表格 这 好了 我 核对,请 你 看 项目 写 丢 挂 要 要求 写 表格 这 好了 我 核对,请 你 看 项目 写 丢 挂 要 要求 写 表格 这 好了 我 核对,请 你 看 项目 写 丢 挂 要 要求 写 表格 到 好了 要 核对,请 你 看 项目 写 丢 挂 要 要求 写 这 好了 我 核对
S001902_P0005_T00,请 你 看 写 项目 写 丢 挂 要求 表格 这 好了 我 核对,请 你 看 题目 写 丢 挂 要求 写 表格 好了 我 核对,请 你 看 题目 写 丢 挂 要 要求 写 表格 好了 我 核对,请 你 看 题目 写 丢 挂 要求 写 表格 好了 我 核对,请 问 看 写 丢 挂 要 要求 写 表格 好了 要 核对,请 你 看 题目 写 丢 挂 请 要求 写 表格 好了 我 准确
S001923_P0004_T00,我 喜欢 听 紧张 故事 我 喜欢 有 时间 会 心跳 害怕,我 喜欢 听 紧张 故事 我 喜欢 有 时间 会 感动 害怕,我 喜欢 听 紧张 故事 我 喜欢 有 时间 会 感动 害怕,我 喜欢 听 紧张 过程 我 喜欢 有 时间 会 感动 害怕,我 喜欢 紧张 程序 我 要 时间 会 感动 不行,我 喜欢 听 紧张 过程 我 喜欢 有 时间 会 感动 我
S001923_P0005_T00,我 喜欢 听 紧张 故事 我 喜欢 有 时间 会 心跳 害怕,我 喜欢 听 紧张 故事 我 喜欢 有 时间 会 心 害怕,我 喜欢 听 紧张 过程 我 喜欢 有 时间 会 心 害怕,我 喜欢 听 紧张 过程 我 喜欢 有 时间 会 心 害怕,我 紧张 权力 有 时间 睡觉 心 害怕,我 喜欢 听 紧张 程序 我 喜欢 有 时间 会 心 害怕
S001927_P0000_T00,我 害怕 走 办公室 害怕 老板 骂 骂 骂,我 害怕 走 办公室 房子 我 老板,我 害怕 走 办公室 房子 我 老板,我 害怕 走 办公室 房子 我 老板,我 害怕 要 办公室 房子 我 老板 努力,我 害怕 走 办公室 我 老板
S001927_P0005_T00,我 害怕 走 办公室 害怕 老板 骂 骂 骂,我 害怕 走 办理 办公室 房子 害怕 老板,我 害怕 走 办公室 房子 害怕 老板,我 害怕 走 办公室 房子 害怕 老板,我 害怕 办公室 房子 看 害怕 看,我 害怕 走 办公室 房子 害怕 老板
S001954_P0000_T00,这 段 时间 我 集中 好 时间 复习 中 段 考试,这 阶段 时间 我 集中 好 时间 复习 报告 考试,这 时间 我 集中 好 时间 复习 报告 考试,这 阶段 时间 我 集中 好 时间 复习 报告 考试,他 阶段 时间 我 集中 好 时间 应该 报告 考试,这 时间 我 集中 好 时间 复习 中 报告 考试
S001954_P0004_T00,这 段 时间 我 集中 好 时间 复习 中 段 考试,他 时间 我 组 好 时间 复习 考试,他 时间 我 集中 好 时间 复习 中 考试,那 时间 我 集中 好 时间 复习 中 考试,那 时间 集中 有 时间 不同 考试,他 房子 时间 我 集中 好 时间 复习 中 考试
