name,ref,body_gls_hyp,ensemble_last_gls_hyp,fuse_gls_hyp,left_gls_hyp,right_gls_hyp
S001960_P0004_T00,中国 人们 解放军 在 形势 危险 集中 力量 战 消灭 敌人,中国 人们 解放 学 盖章 危险 合作 努力 战争 消灭 敌人,中国 人们 解放 学 危险 合作 努力 战争 消灭 敌人 人,中国 人们 解放 学 危险 集中 努力 战争 消灭 敌人,中国 人 解放 学 不是 我 集中 努力 战争 敌人 人,中国 人们 解放 军 做 大 危险 一起 努力 战争 消灭 敌人 人
S001960_P0005_T00,中国 人们 解放军 在 形势 危险 集中 力量 战 消灭 敌人,中国 国 人们 解放 解放军 学 在 形势 危险 集中 力量 战争 敌人,中国 国 人们 解放军 军 在 危险 集中 力量 战争 敌人,中国 国 人们 解放 解放军 学 在 危险 集中 力量 战争 敌人,叫 国 人们 解放军 军 在 手指 危险 集中 战争 敌人 人,中国 国 人们 解放军 军 在 危险 集中 力量 战 敌人 人
S001965_P0000_T00,政府 改革 人 废 变 少 一样 还 重复 房间 机器 房间 变 少,政府 改变 人 废 变 少 小 一样 还 重复 房子 急诊 变 少,政府 改变 人 废 变 少 一样 还 重复 房子 急诊 少,政府 改变 改革 人 废 变 少 一样 还 重复 房子 急诊 少,政府 巧克力 老 人 废 也 他 重复 房子 机器 少,政府 改变 革命 人 废 变 少 一样 还 重复 房子 急诊 变 少
S001965_P0005_T00,政府 改革 人 废 变 少 一样 还 重复 房间 机器 房间 变 少,政府 改变 人 废 变 少 一样 还 房子 急诊 改变 少,政府 改变 人 废 变 少 一样 还 房子,政府 改变 人 废 变 少 一样 还 重复 房子 少,政府 他 人 房子 没有 一样 重复 房子 拿,政府 改变 人 废 变 少 一样 又 房子 机构 改变 少
S001969_P0000_T00,我 国 今天 年 进 口 越 少,我 国 今天 年 进 口 越 少,我 国 今天 年 进 口 越 少,我 国 今天 年 进 口 越 少,我们 今天 年 多 付 少,我 国 今天 年 进 口 越 少
S001975_P0000_T00,房子 生活 好 奶奶 仍然 节省 好 习惯,房子 生活 好 奶奶 仍然 节省 好 习惯,房子 生活 好 奶奶 仍然 节省 好 习惯,房子 生活 好 奶奶 仍然 节省 好 存 习惯,房子 生活 好 想 喝 你 节省 有 习惯,房子 生活 好 奶奶 仍然 节省 好 习惯
S001975_P0004_T00,房子 生活 好 奶奶 仍然 节省 好 习惯,房子 生活 好 奶奶 仍然 节省 好 习惯,房子 生活 好 奶奶 吃 还 节省 好 习惯,房子 生活 好 奶奶 仍然 节省 好 习惯,房子 生活 好 想 吃 去 节省 去,房子 生活 好 奶奶 吃 还 节省 好 熟悉
S001978_P0000_T00,水 资源 是 贵 我们 要 节省 水,水 东西 是 贵 我们 要 节省 水,水 东西 是 贵 我们 要 节省 水,水 东西 是 贵 我们 要 节省 水,水 孩子 上海 是 就 贵 我们 要 节省 水,水 资源 是 贵 我们 要 节省 水
S001978_P0005_T00,水 资源 是 贵 我们 要 节省 水,水 经常 东西 是 贵 我们 要 节省 水,水 经常 东西 是 贵 我们 要 节省 水,水 经常 东西 是 贵 我们 要 节省 水,昨天 要 东西 贵 什么 我们 要 节省 去,水 经常 东西 是 贵 我们 要 节省 水
S001981_P0000_T00,他 妈妈 节省 钱 存 存 养 长大,他 爸爸 妈妈 节省 钱 存 养 高,他 爸爸 妈妈 节省 钱 存 养 高,他 爸爸 妈妈 节省 钱 存 养 高,他 爸爸 妈妈 节省 钱 养 高,他 爸爸 妈妈 节省 真 存 养
S001996_P0004_T00,风 正好 顺利 船 应该 顺利 但是 风 大 船 抵挡 不行,正 顺利 船 应该 顺利 但是 大 抵挡 不行,帮助 顺利 给 应该 顺利 但是 大 抵挡 不行,男 顺利 船 应该 顺利 但是 大 抵挡 不行,我 帮助 承认 给 买 演讲 但是 大 抵挡 不行,正好 顺利 送 肯定 好 但是 大 抵挡 不行
S001996_P0005_T00,风 正好 顺利 船 应该 顺利 但是 风 大 船 抵挡 不行,风 期 演讲 船 必须 但是 公园 大 抵挡 不行,风 顺利 船 应该 但是 大 抵挡 不行,风 期 顺利 船 应该 但是 公园 大 抵挡 不行,白天 正好 承认 画画 应该 承认 但是 力量 大 抵挡 不行,风 顺利 我 应该 顺利 但是 大 抵挡 不行
S002001_P0007_T00,说 应该 信 行为 应该 陪 改变 行为 禁止 这 是 我们 学校 老师 学生 应该 服从 规律,说 应该 信 活动 必须 改变 行为 禁止 这 是 我们 学校 老师 学生 应该 遵守 纪律,说 应该 信 活动 应该 陪 改变 行为 禁止 这 是 我们 学校 老师 学生 应该 遵守 纪律,说 应该 信 活动 应该 对 改变 动 禁止 这 是 我们 学校 老师 学生 应该 遵守 纪律,说 老师 应该 信 行为 应该 陪 行为 禁止 我们 学校 老师 学生 应该 想 遵守 纪律,说 应该 信 活动 应该 参加 改变 行为 禁止 是 我们 学校 老师 学生 应该 按照 纪律
S002004_P0000_T00,军 队 没有 行为 禁止 或者 纪律 是 不行,学 队 没有 活动 禁止 或者 记录 不行,学 队 没有 活动 禁止 或者 记录 不行,学 队 没有 活动 禁止 或者 记录 不行,学 队 没有 活动 禁止 或 记录 不行,学 队 没有 活动 行为 禁止 或 不行
S002004_P0005_T00,军 队 没有 行为 禁止 或者 纪律 是 不行,学 队 没有 活动 禁止 随便 记录 是 不行,学 队 没有 行为 禁止 或者 记录 不行,学 队 没有 行为 禁止 或者 记录 不行,学 队 没有 行为 禁止 或者 记录 不行,学 队 没有 活动 禁止 或者 记录 不行
S002007_P0000_T00,公 场所 吸烟 禁止,公 场所 吸烟 禁止,公 场所 吸烟 禁止,公 场所 吸烟 禁止,公 场所 吃 禁止,公 场所 吸烟 禁止
S002007_P0007_T00,公 场所 吸烟 禁止,公 场所 吸烟 停止,公 场所 吸烟 禁止,公 场所 吸烟 禁止,公 公平 吸烟 停止,公 场所 地方 吸烟 禁止
S002009_P0000_T00,别 人 心 好 批评 我们 不行 拒绝,别 人 心 好 批评 我们 不行 拒绝,别 人 心 好 批评 我们 不行 拒绝,别 人 心 好 批评 我们 不行 拒绝,别 人 心 骗 我们 拒绝,别 人 心 好 工作 我们 不行 拒绝
S002009_P0005_T00,别 人 心 好 批评 我们 不行 拒绝,外 人 心 批评 我们 不行 拒绝,外 人 心 批评 我们 不行 拒绝,外 人 好 心 批评 我们 不行 拒绝,外 人 感动 骗 我们 拒绝,外 人 心 批评 我们 不行 拒绝
S002018_P0005_T00,准确 他 爱-1 深 他 1 个 人 不 拒绝 不会 是,正确 他 爱-1 1 人 不 拒绝 不会 是,他 爱-1 1 人 不 拒绝 不会 是,他 爱-1 1 人 不 拒绝 不会 是,称赞 他 杀 自己 人 没有 拒绝 不会,他 爱-1 1 人 不 拒绝 不会 是
S002025_P0000_T00,下雨 快 来 防止 洪水 工作 开始,大雨 快 来 防 洪水 工作 开始,大雨 下雨 快 来 防 洪水 工作 开始,下雨 快 来 防 洪水 工作 开始,大雨 快 来 防 洪水 工作 开始,下雨 快 来 防 洪水 工作 开始
S002025_P0005_T00,下雨 快 来 防止 洪水 工作 开始,下雨 快 来 防 洪水 工作 开始,下雨 快 来 防 洪水 工作 开始,下雨 快 来 防 洪水 工作 开始,下雨 快 帮助 防 洪水 工作 开始,大雨 快 来 防 洪水 工作 开始
S002026_P0000_T00,毕业 他 参加 军 开始 什么 军 旅游 成长,毕业 他 参加 军 开始 什么 学 旅游 高,毕业 他 参加 军 开始 什么 学 旅游 高,毕业 他 参加 军 开始 什么 学 旅游 高,毕业 他 参加 军 开始 怎么 什么 学 旅游 高 成长,毕业 他 参加 军 开始 什么 学 旅游 高
S002026_P0005_T00,毕业 他 参加 军 开始 什么 军 旅游 成长,毕业 后 他 参加 军 开始 旅游 人 生产,毕业 后 他 参加 军 开始 旅游 人 生产,毕业 后 他 参加 军 开始 旅游 人 生产,毕业 后 他 参加 军 开始 去 旅游 人 和,毕业 后 他 参加 军 开始 旅游 说 女儿
S002043_P0000_T00,2 人 离婚 但是 感情 放 2 人 恢复 结婚 可以,人 离婚 但是 感情 2 人 恢复 结婚 可以,人 离婚 但是 感情 2 人 恢复 结婚 可以,人 离婚 但是 感情 2 人 恢复 结婚 可以,人 了解 但是 人 恢复 结婚 可以,人 离婚 但是 感情 病 人 恢复 结婚 可以
S002043_P0007_T00,2 人 离婚 但是 感情 放 2 人 恢复 结婚 可以,2 夫妻 离婚 复习 感情 放 2 恢复 结婚 可以,2 夫妻 离婚 复习 感情 放 2 恢复 结婚 可以,2 夫妻 离婚 复习 我 感情 放 2 恢复 结婚 可以,2 夫妻 离婚 机场 复习 感情 放 2 恢复 结婚 去,2 夫妻 离婚 复习 感情 放 2 恢复 结婚 可以
S002053_P0005_T00,如果 人 们 互相 理解 不会 什么 他们 怎么样 学会 默默 互相 尊重,如果 人们 互相 理解 不会 什么 他们 怎么样 会 吃 互相 尊重,如果 人们 互相 理解 不会 什么 他们 怎么样 会 吃 互相 尊重,如果 人们 互相 理解 不会 什么 他们 怎么样 会 吃 互相 尊重,如果 人们 互相 理解 不会 什么 会 吃 互相 尊重,如果 人们 人 互相 理解 不会 什么 他们 样子 学会 会 吃 互相 准确
S002053_P0007_T00,如果 人 们 互相 理解 不会 什么 他们 怎么样 学会 默默 互相 尊重,如果 人们 人 互相 理解 会 有 什么 他们 怎么样 学 互相 尊重,如果 人们 互相 理解 会 有 什么 他们 怎么样 学 互相 尊重,如果 人们 人 互相 理解 会 有 什么 他们 情况 学 互相 尊重,如果 人们 互相 理解 会 有 什么 白天 这样 学 互相 尊重,如果 人们 互相 理解 会 有 什么 他们 怎么样 学 秘密 互相 尊重
S002062_P0000_T00,宽容 可以 让 我们 互相 理解 互相 爱-1 互相 尊重,宽容 可以 让 我们 互相 理解 互相 安慰 互相 尊重,宽容 可以 让 我们 互相 理解 互相 安慰 互相 尊重,宽容 可以 让 我们 互相 理解 互相 安慰 互相 尊重,宽容 可以 让 我们 互相 理解 互相 安慰 互相 尊重,宽容 可以 让 我们 互相 理解 互相 安慰 互相 尊重
S002062_P0007_T00,宽容 可以 让 我们 互相 理解 互相 爱-1 互相 尊重,路 可以 让 我们 互相 理解 互相 可爱 互相 尊重,路 可以 让 我们 互相 理解 互相 可爱 互相 尊重,路 可以 让 我们 互相 理解 互相 可爱 互相 尊重,路 可以 让 老板 互相 理解 互相 可爱 互相 尊重,路 可以 让 我们 互相 理解 互相 安慰 互相 尊重
S002063_P0000_T00,你们 离婚 好了 这 联系 可以,你们 离婚 好了 你 联系 可以,你们 离婚 好了 你 联系 可以,你们 离婚 好了 你 联系 可以,你们 离婚 好了 你 联系 可以,你们 外 好了 你 联系 可以
S002067_P0000_T00,作文 上 下 联系 1 必须 要 注意,写 文章 联系 必须 要 注意,写 文章 上 联系 必须 要 注意,写 文章 上 联系 必须 要 注意,表格 文章 拿 联系 必须 要 注意,写 文章 上 下 联系 必须 要 注意
S002067_P0007_T00,作文 上 下 联系 1 必须 要 注意,工作 联系 1 必须 要 注意,工作 后 记得 联系 1 必须 要 注意,工作 论文 联系 1 必须 要 注意,工作 后 记得 联系 你 必须 要 注意,工作 文 领导 联系 1 必须 要 注意
S002085_P0005_T00,他 书 书 喜欢 书 书 从 古 字典 文 学 到 流行 小 说,这 书 喜欢 书 从 滴 晚上 到 流行 说,这 书 喜欢 书 从 古 晚上 到 流行 说,他 书 喜欢 书 从 古 晚上 到 流行 说,这 书 亲属 书 从 古 希望 会 说,这 书 喜欢 书 从 古 晚上 到 流行 说
S002085_P0007_T00,他 书 书 喜欢 书 书 从 古 字典 文 学 到 流行 小 说,他 书 喜欢 书 古 学 流量 小 说,他 书 喜欢 书 古 学 流行 说,他 书 喜欢 书 古 学 流量 说,他 书 喜欢 书 从 外国 我 学 流行 说,他 书 喜欢 书 公司 军 流行 说
S002086_P0005_T00,为 学校 环境 带 不同 流行 新闻,为 学校 房子 内 拿 不是 流量 新闻,为 学校 房子 周围 拿 不是 流量 新闻,为 学校 房子 周围 拿 不是 流行 新闻,为 学校 房子 圈 不是 不 新闻,为 学校 周围 拿 不是 新闻
S002086_P0007_T00,为 学校 环境 带 不同 流行 新闻,为 学校 圈 带 不是 流量 新闻,为 学校 校园 圈 带 不是 流行 新闻,为 学校 校园 圈 带 不是 流行 新闻,为 学校 圈 不是 过去 新闻,为 学校 校园 圈 带 不是 流行 新闻
S002092_P0000_T00,听 自己 录取 成功 心 兴奋 兴奋,听 自己 录取 成功 心 高兴,听 自己 录取 成功 心 高兴,听 自己 录取 成功 心 高兴,听 自己 录取 成功 心 高兴,听 自己 录取 成功 心 高兴
S002092_P0007_T00,听 自己 录取 成功 心 兴奋 兴奋,把 自己 录取 成功 心 高兴,把 自己 选择 成功 心 高兴,把 自己 选择 成功 心 高兴,把 自己 录取 成功 心 高兴,把 自己 选择 成功 他 心 高兴
S002093_P0005_T00,哥哥 收 书 清楚 华 大学 录取 成功 心 兴奋,哥哥 接受 欢迎 清楚 花 大学 录取 成功 高兴,哥哥 接受 欢迎 清楚 花 大学 录取 成功 高兴,哥哥 收 清楚 花 大学 录取 成功 高兴,哥哥 接受 欢迎 大学 录取 成功 高兴,哥哥 接受 路 清楚 花 大学 录取 成功 高兴
S002093_P0007_T00,哥哥 收 书 清楚 华 大学 录取 成功 心 兴奋,哥哥 接受 书 干净 大学 录取 成功 心 高兴,哥哥 接受 书 干净 大学 录取 成功 心 高兴,哥哥 接受 书 干净 大学 录取 成功 心 高兴,哥哥 接受 书 大学 我 录取 成功 高兴,哥哥 接受 书 清楚 大学 录取 成功 心 高兴
S002118_P0000_T00,犯罪 人 带 钱 逃 想 计划 成功 没有,犯罪 人 带 钱 逃 计划 成功 没有,得罪 人 带 钱 逃 计划 成功 没有,得罪 人 带 钱 逃 计划 成功 没有,犯罪 人 带 养 年 计划 没有,得罪 人 带 其实 碰 计划 成功 没有
S002118_P0005_T00,犯罪 人 带 钱 逃 想 计划 成功 没有,犯罪 人 带 钱 失败 想 计划 成功 没有,犯罪 人 带 钱 失败 想 计划 成功 没有,犯罪 人 带 钱 逃 想 计划 成功 没有,犯罪 人 带 钱 后悔 作弊 准备 成功 没有,得罪 人 带 其实 逃 想 计划 成功 没有
S002122_P0005_T00,他 知道 1 天 做 做 做 机器 半 小 时间 没有 他 好,看 知道 想 工作 机器 1 小时 没有 他 好,看 知道 想 工作 机器 1 小时 没有 他 好,看 知道 想 工作 机器 1 小时 没有 他 好,他 想 工作 机器 旅游 小时 怎么 去 好,他 知道 天 工作 机器 小时 没有 他 好
S002122_P0007_T00,他 知道 1 天 做 做 做 机器 半 小 时间 没有 他 好,他 知道 明天 工作 日期 1 小时 没有 他 好,他 知道 明天 工作 日期 1 小时 没有 他 好,他 知道 明天 工作 日期 1 小时 没有 他 好,他 天 明天 工作 机器 什么 小时 男 他 好,他 知道 明天 工作 日期 百 小时 没有 他 好
S002128_P0000_T00,妈妈 回 房子 做 这 做 那 休息 时间 没有,妈妈 去 房子 做 这 工作 他 休息 时间 没有,妈妈 去 房子 做 这 做 他 休息 时间 没有,妈妈 去 房子 做 这 做 他 休息 时间 没有,妈妈 去 房子 工作 这 做 休息 崇拜 没有,妈妈 去 房子 做 这 做 他 休息 时间 没有
S002128_P0005_T00,妈妈 回 房子 做 这 做 那 休息 时间 没有,妈妈 去 房子 工作 这 做 这 休息 时间 没有,妈妈 去 房子 工作 这 做 这 休息 时间 没有,妈妈 去 房子 工作 这 做 这 休息 时间 没有,妈妈 去 房子 工作 他 做 这 休息 时间 没有,妈妈 去 房子 工作 这 休息 时间 没有
S002132_P0005_T00,他 喜欢 著名 星星 唱歌 模仿 模仿 模仿 还 模仿 像,他 喜欢 想 音乐 模仿 还 模仿 像,他 喜欢 明天 音乐 模仿 还 模仿 像,他 喜欢 明天 音乐 模仿 还 模仿 比如,他 喜欢 明天 每天 模仿 还 模仿 看,他 喜欢 明天 星星 音乐 模仿 还 模仿 像
S002132_P0007_T00,他 喜欢 著名 星星 唱歌 模仿 模仿 模仿 还 模仿 像,他 喜欢 明星 星星 美国 模仿 还 模仿 像,他 喜欢 著名 星星 音乐 模仿 还 模仿,他 喜欢 明星 星星 音乐 模仿 还 模仿,他 喜欢 灯 模仿 他 一直,他 喜欢 著名 星星 音乐 模仿 还 模仿
S002133_P0000_T00,大 人 动作 孩子 喜欢 一直 模仿,孩子 喜欢 大人 人 活动 一直 模仿,孩子 喜欢 大人 人 活动 一直 模仿,孩子 喜欢 大人 人 活动 一直 模仿,孩子 喜欢 走 人 运动 一直 模仿,孩子 喜欢 大人 人 活动 一直 模仿
S002133_P0005_T00,大 人 动作 孩子 喜欢 一直 模仿,大人 人 动作 做 孩子 喜欢 一直 模仿,大人 人 动作 做 孩子 喜欢 一直 模仿,大人 人 动作 做 孩子 喜欢 一直 模仿,这 大人 人 动作 做 孩子 喜欢 一直 模仿,大人 动作 做 孩子 喜欢 一直 模仿
S002143_P0000_T00,学 努力 不 比较 弱,学 努力 不 比较 降,学 努力 不 比较 降,学 努力 不 比较 降,学 不 降,学 努力 不 比较 降
S002143_P0007_T00,学 努力 不 比较 弱,学 努力 不 弱,学 努力 不 弱,学 努力 不 弱,学 努力 想 比赛 弱,学 努力 不 老师 弱
S002149_P0000_T00,哥哥 接受 到 经理 看 重 他 增加 努力,哥哥 接受 到 经理 领导 看 重要 他 增加,哥哥 接受 到 经理 看 重要 他 增加 努力,哥哥 接受 到 经理 看 重要 他 增加 努力,哥哥 接受 经理 贵 他 增加,哥哥 接受 到 经理 重要 他 增加 努力
S002149_P0005_T00,哥哥 接受 到 经理 看 重 他 增加 努力,哥哥 接受 经济 经理 看 重要 增加 努力,哥哥 接受 经济 经理 看 重要 增加 努力,哥哥 接受 经济 看 重要 增加 努力,弟弟 哥哥 接受 银行 会 多 便宜 增加,哥哥 接受 经济 经理 看 重要 增加 努力
S002150_P0000_T00,这 项目 是 你 们 努力 成功 争取,这 项目 是 你们 努力 成功,这 项目 是 他们 努力 成功,这 项目 是 他们 努力 成功,这 项目 是 大家 经常 成功,这 项目 是 他们 努力 成功
S002150_P0005_T00,这 项目 是 你 们 努力 成功 争取,这 项目 看 大家 努力 成功 得,这 项目 你们 努力 成功 得,这 项目 看 你们 努力 成功 得,这 项目 表格 是 你们 努力 成功,这 项目 你们 努力 成功 得
S002162_P0000_T00,因为 配合 默契 2 2 2 乒乓球 抢 冠军,因为 配合 默契 改变 得 冠军,因为 配合 默契 修 乒乓球 得 冠军,因为 配合 默契 修 乒乓球 得 冠军,因为 配合 默契 科学 乒乓球 得 冠军,因为 配合 默契 修 接触 合适 冠军
S002162_P0007_T00,因为 配合 默契 2 2 2 乒乓球 抢 冠军,因为 配合 要 默契 要 得 冠军,因为 配合 要 得 冠军,因为 配合 要 得 冠军,因为 配合 见面 拿 高,因为 配合 要 拿
S002164_P0000_T00,我 班级 干 部 心 一样 工作 互相 配合,我 班级 干部 心 一样 工作 教 配合,我 班级 干部 心 一样 工作 配合,我 班级 干部 心 一样 工作 配合,我 班 干部 心 一样 工作 配合,我 班 干部 人 心 一样 工作 房子 配合
S002164_P0007_T00,我 班级 干 部 心 一样 工作 互相 配合,我 班级 干部 部 心 一样 工作 互相 配合,我 班级 干部 部 心 一样 工作 互相 配合,我 班级 干部 部 心 一样 工 工作 互相 配合,我 班级 干部 人 心 这 工作 互相 配合,我 班级 干 干部 心 一样 工作 互相 配合
S002167_P0000_T00,生活 中 爸爸 妈妈 配合 好 我们 房子 幸福,生活 中 爸爸 妈妈 配合 好 我们 房子,生活 中 爸爸 妈妈 配合 好 我们 房子,生活 中 爸爸 妈妈 配合 好 我们 房子,生活 中 爸爸 妈妈 配 配合 好 我们 房子,生活 中 爸爸 妈妈 配合 好 我们 房子 幸福
S002167_P0007_T00,生活 中 爸爸 妈妈 配合 好 我们 房子 幸福,生活 中 爸爸 妈妈 配合 好 我们 房子 幸福,生活 中 爸爸 妈妈 配合 我们 房子 幸福,生活 中 爸爸 妈妈 配合 我们 房子 幸福,生活 爸爸 妈妈 配合 我们 房子 幸福,生活 中 爸爸 妈妈 配合 我们 房子 幸福
S002176_P0000_T00,学生 高 欺负 小 学生 不,学生 高 欺负 小 学生 不,学校 学生 高 欺负 小 学生 不,学校 学生 高 欺负 小 学生 不,学校 学生 灯 欺负 不好 学生 不 可以,学校 学生 高 欺负 小 学生 不
S002176_P0005_T00,学生 高 欺负 小 学生 不,学校 学生 孩子 欺负 小 学生 不,学校 学生 高 欺负 小 学生 不,学校 学生 孩子 欺负 小 学生 不,学校 学生 走 欺负 有 学生 不,学校 同学 高 欺负 小 学生 不
S002198_P0000_T00,申请 报告 写 要 内 简单 申请 报告 人 或 负责 人 签名,申请 段 写 要 深 简单 人 或者 负责 人 签名,申请 作业 要 深 简单 别 人 或者 负责 人 签名,申请 作业 要 深 简单 人 或者 负责 人 签名,申请 考试 要 简单 别 人 或者 负责 人 签名,申请 作业 要 深 简单 人 或者 负责 人 签名
S002198_P0005_T00,申请 报告 写 要 内 简单 申请 报告 人 或 负责 人 签名,申请 报告 写 内容 简单 别 人 或者 负责 人 签名,申请 写 内容 简单 别 人 或者 负责 人 签名,申请 报告 写 内容 简单 别 人 或者 负责 人 签名,申请 开始 报 规定 外 简单 别 人 或者 负责 人 签名,申请 请 写 要 换 简单 报告 人 或者 负责 人 签名
S002199_P0005_T00,他 把 文件 带 回家 给 爸爸 签名,他 把 查询 东西 带 同学 给 爸爸 签名,他 把 文章 东西 带 同学 给 爸爸 签名,他 把 文章 东西 带 学校 给 爸爸 签名,他 把 白内障 东西 带 同学 去 房子 给 爸爸 妈妈 签名,他 把 查询 东西 带 同学 房子 给 爸爸 签名
S002199_P0007_T00,他 把 文件 带 回家 给 爸爸 签名,他 把 作文 带 国家 爸爸 签名,他 把 文章 带 房子 让 爸爸 签名,他 把 文章 带 国家 让 爸爸 签名,他们 把 文 带 房子 在,他 把 文章 带 房子 让 爸爸 签名
S002202_P0005_T00,我 一直 努力 强调 自己 养 努力 但是 不 防止 外 支持,我 一直 努力 强调 自己 养 努力 但是 帮助 支持 没有,我 一直 努力 强调 自己 养 努力 但是 帮助 支持 没有,我 一直 努力 强调 自己 养 努力 但是 帮助 支持 没有,我 一直 多 强调 自己 做 努力 但是 保险 没有,我 一直 努力 强调 自己 养 努力 但是 预防 支持 没有
S002202_P0007_T00,我 一直 努力 强调 自己 养 努力 但是 不 防止 外 支持,我 一直 努力 强调 自己 养 努力 但是 不 防止 外 支持,我 一直 努力 强调 自己 养 努力 但是 不 防止 外,我 一直 努力 强调 自己 养 努力 但是 不 防止 外,我 一直 努力 要 做 努力 但是 没有 防止,我 一直 努力 强调 自己 养 努力 但是 不 防止 外
S002208_P0000_T00,强调 市场 还 强调 运行 组 强,强调 市场 强调 组,强调 市场 强调 大家 组,强调 市场 强调 运行 组,菜 地方 丑 组,强调 市场 强调 大家 组
S002208_P0005_T00,强调 市场 还 强调 运行 组 强,强 环境 市场 还 强 环境 组 强,强 环境 市场 还 强 环境 组 强,强 环境 市场 还 强 环境 组 强,驾驶 环境 一般 还 强 组 强,强 环境 市场 还 强 周围 组 强
S002210_P0005_T00,你们 全部 工作 应该 互相 支持 支持 同 一样 小 删除,他们 一起 工作 应该 帮助 互相 支持 同 一样 小 取消 删除,他们 全部 工作 应该 帮助 互相 支持 同 一样 小 删除,他们 全部 工作 应该 帮助 互相 支持 同 一样 小 取消 删除,你们 全部 工作 应该 帮助 互相 他 道理,他们 全部 工作 应该 帮助 互相 支持 增加 一样 删除
S002210_P0007_T00,你们 全部 工作 应该 互相 支持 支持 同 一样 小 删除,大家 全部 工作 应该 同学 支持 同 小 删除,你们 全部 工作 应该 互相 支持 同 小 清楚,们 全部 工作 应该 互相 支持 同 小 删除,你们 全部 工作 应该 互相 指导 爱护 我们 质量 钱 清楚,你们 全部 工作 应该 学校 支持 爱护 同 参加 小 删除
S002217_P0000_T00,爸爸 妈妈 肯定 看 如果 你 孩子 生病 公司 可以 批准 你 请假,爸爸 妈妈 必须 如果 你 孩子 病 公司 可以 批准 你 请假,爸爸 妈妈 必须 看 如果 你 孩子 病 公司 可以 批准 你 请假,爸爸 妈妈 必须 看 如果 你 孩子 病 公司 可以 批准 你 请假,妈妈 注意 什么 如果 找 病 公司 给 你 请假,爸爸 妈妈 必须 是 如果 你 孩子 病 公司 可以 批准 看 离婚
S002217_P0005_T00,爸爸 妈妈 肯定 看 如果 你 孩子 生病 公司 可以 批准 你 请假,爸爸 妈妈 应该 看 你 孩子 病 公司 可以 批准 你 请假,爸爸 妈妈 应该 看 你 病 公司 可以 批准 你 请假,爸爸 妈妈 肯定 看 你 病 公司 可以 批准 你 请假,爸爸 妈妈 应该 什么 到 病 公司 批准 吃,爸爸 妈妈 应该 看 如果 你 生病 病 公司 可以 批准 你 请假
S002228_P0000_T00,他 年轻 人 缺少 灵活 他 给 感觉 无聊,他 年轻 人 缺少 灵活 他 给 感觉 无聊,他 年轻 人 缺少 灵活 他 给 感觉 无聊,他 年轻 人 缺少 灵活 他 给 感觉 无聊,他 2 人 缺少 他 给 感觉 谁,他 年轻 卡 缺少 灵活 他 给 感觉 无聊
S002228_P0005_T00,他 年轻 人 缺少 灵活 他 给 感觉 无聊,年轻 人 缺少 活 他 给 感觉 无聊,请假 人 缺少 活 他 给 感觉 无聊,请假 人 缺少 活 他 给 感觉 无聊,几 人 缺少 有 他 给 我 喜欢,请假 人 缺少 活 他 给 感觉 无聊
S002239_P0005_T00,在 快乐 朋友 见 我们 难 我们 见 朋友,在 玩 朋友 认识 我们 难 我们 朋友,在 玩 朋友 见面 我们 难 我们 朋友,在 玩 朋友 见面 我们 难 我们 见 朋友,写 玩 朋友 见面 我们 难 我们 见面 朋友,在 玩 朋友 我们 难 我们 朋友
S002240_P0000_T00,人生 最 难 是 什么 认识 自己,人生 最 难 是 什么 认识 自己,人生 最 难 是 什么 认识 自己,人生 最 难 是 什么 认识 自己,人生 最 难 是 什么 认识 自己,人生 最 难 是 什么 认识 自己
S002240_P0005_T00,人生 最 难 是 什么 认识 自己,人 人生 最 难 是 什么 认识 自己,人 人生 最 难 是 什么 认识 自己,人 人生 最 难 是 什么 认识 自己,人 时间 最 难 是 什么 认识 自己,人 人生 最 难 是 什么 认识 自己
S002245_P0000_T00,环境 不好 环境 正确 认识 自己 全部 自己 是 多 重要 事情,环境 不好 环境 正确 认识 自己 全部 自己 是 重要 事情,环境 不好 环境 正确 认识 自己 全部 自己 是 重要 事情,环境 不好 环境 准确 正确 认识 自己 全部 自己 是 重要 事情,环境 正确 认识 自己 全部 自己 后悔 事情,环境 不好 环境 准确 认识 自己 全部 自己 是 重要 事情
S002245_P0007_T00,环境 不好 环境 正确 认识 自己 全部 自己 是 多 重要 事情,环境 不好 环境 好 认识 自己 全部 自己 是 重要 事情,环境 不好 环境 认识 自己 全部 自己 是 重要 事情,环境 不好 环境 好 认识 自己 全部 自己 是 重要 事情,环境 认识 自己 全部 自己 钱 贵 事情,环境 不好 环境 认识 自己 全部 自己 是 重要 事情
S002256_P0005_T00,我们 从 成功 吸取 经验 从 失败 吸取 教训,我们 成功 经验 失败 领导 教训,我们 成功 经验 失败 学 教训,我们 成功 吸取 经验 从 失败 学 教训,我们 成功 经验 弱 学 教训,我们 成功 吸取 经验 从 失败 教训
S002256_P0007_T00,我们 从 成功 吸取 经验 从 失败 吸取 教训,我们 认识 成功 吸取 经验 从 失败 吸取 教训,我们 认识 成功 吸取 经验 从 失败 吸取 教训,我们 认识 成功 吸取 经验 从 失败 吸取 教训,我们 城市 成功 这 经验 从 失败,我们 观众 成功 吸取 经验 从 失败 吸取 教训
S002261_P0007_T00,做 老师 最 失败 是 什么 学生 课 看 无聊,做 老师 增加 失败 是 什么 学生 课 看 喜欢,做 老师 增加 失败 是 什么 学生 课 看 无聊,做 老师 增加 失败 是 什么 学生 课 看 无聊,工作 身体 老师 增加 他 是 什么 学生 难 看 害怕,做 老师 失败 是 什么 学生 课 看 无聊
S002264_P0000_T00,失败 1 2 3 4 5 多少 找 成功 大家 高兴 喊 喊 喊,失败 找 成功 大家 高兴,失败 找 成功 大家 高兴,失败 找 成功 大家 高兴 喊,失败 我 想 找 成功 他 高兴,失败 找 成功 大家 高兴 喊
S002264_P0007_T00,失败 1 2 3 4 5 多少 找 成功 大家 高兴 喊 喊 喊,失败 多少 找 录取 成功 大家 高兴 喊,失败 多少 找 录取 成功 大家 高兴 喊,失败 多少 找 成功 大家 高兴 喊,失败 多少 找 录取 成功 他们 高兴 喊,失败 多少 找 录取 成功 大家 高兴 任务
S002269_P0000_T00,分析 输液 管子 事情 发生 或者 怎么 处理 对,分析 输液 管子 事情 发生 或者 什么 处理 好,分 输液 管子 事情 发生 或者 什么 处理 好,分 输液 管子 事情 发生 或者 什么 处理 好,分 输液 管子 事情 发生 或者 什么 游泳,班级 输液 管子 事情 事故 或者 什么 处理 好
S002269_P0005_T00,分析 输液 管子 事情 发生 或者 怎么 处理 对,考试 输液 管子 事情 发生 随便 什么 处理 好,考试 输液 管子 事情 发生 或 什么 处理 好,考试 输液 管子 事情 发生 或者 什么 处理 好,考试 输液 管子 事情 发生 或 什么 处理 好,汽车 输液 管子 事情 发生 或 什么 处理 好
S002274_P0005_T00,孩子 输液 害怕 哭 哭 哭,孩子 输液 我 哭,孩子 输液 我 哭,孩子 输液 我 哭,孩子 输液 我 忘记,孩子 输液 我 哭
S002274_P0007_T00,孩子 输液 害怕 哭 哭 哭,孩子 输液 我 哭,孩子 输液 我 哭,孩子 输液 我 哭,孩子 输液 我 感冒,孩子 输液 我 哭
S002295_P0005_T00,发展 生产 目的 是 提高 人 生活,发展 生产 目标 是 提高 人 生活,发展 生产 目标 是 提高 人 生活,发展 生产 目标 是 提高 人 生活,故障 生产 目的 是 提高 人 生活,发展 生产 目标 是 提高 人 生活
S002299_P0000_T00,这 在 字典 我们 可 提前 复习 陌生 字,这 在 我们 可以 提前 复习 陌生,这 在 我们 可以 提前 复习 陌生,这 在 我们 可以 提前 复习 陌生,你 在 我们 可以 提前 高 不是 陌生 危险,这 在 我们 可以 提前 复习 票
S002303_P0005_T00,今天 年 生产 计划 工厂 提前 完成,今天 年 生产 计划 工厂 提前 完成,今天 年 生产 计划 工厂 提前 完成,今 年 生产 计划 工厂 提前 完成,今天 年 生产 计划 工厂 提前 完成,今 今天 年 生产 计划 工厂 提前 完成
S002307_P0005_T00,为 提前 完成 他们 通宵 做,为 提前 完成 大家 通宵 工作,为 提前 完成 大家 通宵 工作,为 提前 完成 大家 通宵 工作,为 提高 完成 脸 通宵 工作,为 提前 完成 你们 通宵 工作
S002307_P0007_T00,为 提前 完成 他们 通宵 做,为 提前 完成 他们 通宵 工作,为 提前 完成 他们 通宵 工作,为 提前 完成 他们 通宵 工作,为 提前 完成 通宵 工作,为 提前 完成 你们 通宵 工作
S002316_P0005_T00,过去 旧 黑 白 电影 我 喜欢,以前 旧 黑 白 电影 我 喜欢,以前 旧 黑 白 电影 我 喜欢,以前 旧 黑 白 电影 我 喜欢,昨天 黑 不 电影 我 喜欢,以前 旧 黑 电影 我 喜欢
S002316_P0007_T00,过去 旧 黑 白 电影 我 喜欢,过去 以前 黑 白 电影 脏 我 喜欢,过去 以前 黑 白 电影 旧 我 喜欢,过去 黑 白 电影 旧 我 喜欢,过去 以前 电影 这 我 喜欢,以前 黑 白 电影 旧 我 喜欢
S002330_P0000_T00,早 回家 我 选择 动车 快 去,早 去 房子 我 选择 动车 高铁 去,早 去 房子 我 选择 高铁 去,早 去 回家 我 选择 动车 高铁 去,早 去 房子 我 选择 高铁 走,早 去 房子 我 选择 高铁 去
S002339_P0000_T00,我 打 电话 不 方便 短信息 发送 能,我 手机 不 方便 短信息 发送 可以,我 电话 不 方便 短信息 发送 可以,我 电话 不 方便 短信息 发送 可以,我 没有 方便 短信息 发送,我 电话 手机 不 方便 短信息 发送 可以
S002339_P0007_T00,我 打 电话 不 方便 短信息 发送 能,我 手机 不 简单 短信息 发送 可以,我 手机 不 简单 短信息 发送 可以,我 手机 不 简单 短信息 发送 可以,我 手机 不 抱怨 短信息 发送 可以,我 手机 不 简单 短信息 发送 可以
S002347_P0000_T00,天天 我 帮助 你 介绍 找 对象 不 不,明天 我 帮助 你 找 对象 不,明天 我 帮助 你 找 对象 不,明天 我 帮助 你 找 对象 不,听 明天 我 帮助 找 对象 不,知道 我 帮助 你 找 对象 不
S002370_P0000_T00,他 扫 二维码 可以 拿 红包,他 二维码 拿 红包,他 二维码 拿 红包,他 二维码 拿 红包,他 二维码 红包,他 二维码 拿 红包
S002370_P0005_T00,他 扫 二维码 可以 拿 红包,他 二维码 可以 红包,他 二维码 可以 红包,他 二维码 可以 红包,他 二维码 可以 红包,他 二维码 可以 红包
S002376_P0005_T00,二维码 圆 圆 颜色 东西 变 变,二维码 照片 东西 2,二维码 照片 东西 变,二维码 照片 颜色 东西 变,二维码 东西 放,二维码 照片 这 颜色 东西 变
S002376_P0007_T00,二维码 圆 圆 颜色 东西 变 变,二维码 圆 颜色 东西 改变 变,二维码 圆 颜色 东西 改变 变,二维码 颜色 东西 变化 变,二维码 月 东西 改变,二维码 圆 颜色 东西 改变 变
S002380_P0007_T00,二维码 真 发明 精彩,二维码 真 发明 好,二维码 真 发明 好,二维码 个月 真 发明 好,二维码 真 发明 好,二维码 真 发明 比赛
S002390_P0000_T00,法律 缺少 这 有 在,法律 缺少 这 有 位置,法律 缺少 这 有 重要,法律 缺少 这 有 位置,法律 缺少 钱 多 重要,法律 缺少 这 有 坐
S002397_P0005_T00,我们 会 通过 短信息 方式 来 通知,我们 会 通过 短信息 方式 通知 你,我们 会 通过 短信息 方式 通知 你,我们 会 通过 短信息 方式 通知 你,我们 领导 节日 通过 换 短信息 信息 处方 你,我们 会 通过 打扮 方式 通知 你
S002397_P0007_T00,我们 会 通过 短信息 方式 来 通知,我们 会 通过 短信息 方式 来 通知,我们 会 通过 短信息 方式 通知,我们 会 通过 短信息 方式 来 通知,我们 会 通过 短信息 方式 通知,我们 会 通过 短信息 方式 可以 通知
S002403_P0007_T00,我 通过 写 信 方式 告诉 他 好 消息,我 通过 写 信 方式 告诉 你 好 消息,我 通过 写 信 方式 告诉 你 新闻,我 通过 写 信 方式 告诉 你 好 新闻,我 通过 信 方式 效果 新闻,我 通过 信 写 信 方式 告诉 他 新闻
S002410_P0000_T00,我们 用 选择 检查 方式 来 调查,我们 用 选择 检查 方式 来 查询,我们 用 选择 检查 方式 来 查询,我们 用 选择 检查 方式 来 查询,我们 用 超市 选择 查询 方式 来 查询,我们 用 选择 检查 方式 来 检查
S002410_P0007_T00,我们 用 选择 检查 方式 来 调查,我们 用 选择 检查 方式 来 找,我们 用 选择 检查 方式 来 找,我们 用 选择 查询 方式 来 找,我们 用 选择 检查 查询 方式 来 找,我们 用 选择 检查 方式 来 查询
S002420_P0005_T00,我 跟 这 指 方向 指 我 看 没有,我 跟 这 方向 我 看 没有,我 跟 这 方向 我 看 没有,我 跟 这 方向 我 看 没有,我 跟 孩子 方向 找,我 在 这 方向 他们 我 看 没有
S002421_P0005_T00,这 火车 直 方向 北京 方向,这 火车 方向 北京 到 方向,这 火车 方向 北京 方向,这 火车 方向 北京 到 方向,你 火车 这 方向 北京 安静 方向,这 火车 方向 北京 方向
S002430_P0005_T00,他 原来 几 分钟 秒 写 写 写,原来 几 分钟 秒 作业,原来 分钟 秒 作业,原来 5 分钟 秒 作业,我 1 分钟 秒 道理,原来 秒 作业
S002430_P0007_T00,他 原来 几 分钟 秒 写 写 写,他 原来 还有 5 秒 写,他 原来 还有 成绩 秒 写,他 原来 还有 成绩 秒 作业 写,他 原来 还有 工作 秒 作业,他 原来 还有 意思 快 作业
S002432_P0005_T00,我 会 工作 坚持 到 最后 1 分钟,我 会 工作 一直 到 挂,我 会 工作 一直,我 会 工作 一直 到 最后,我 工作 说 多 最后 不行,我 会 工作 一直 在 分钟
S002432_P0007_T00,我 会 工作 坚持 到 最后 1 分钟,我 会 工作 坚持 分钟,我 会 工作 一直 最后 分钟,我 会 工作 坚持 最后 1 分钟,我 会 工作 一直 最后 第一,我 会 工作 一直 发送
S002439_P0005_T00,他 说 可以 耐心 几 分钟,他 说 可以 安静 分钟,他 说 可以 安静 分钟,他 说 可以 安静 分钟,他 说 安静 我 分钟,他 说 可以 安静 分钟
S002441_P0007_T00,2 分钟 内 我 要 他 知道 全部,分钟 我 要 他 知道 全部,酒 我 要 他 知道 全部,分钟 我 要 他 知道 全部,酒 我 要 他 难 全部,邮件 我 要 他 知道 全部
S002443_P0007_T00,八宝粥 存 不 超 2 个月,八宝粥 存折 超过 是 2,八宝粥 地铁 超过 2,八宝粥 超过 2,我们 八宝粥 地铁 超过 第一,八宝粥 不 超过
S002449_P0000_T00,他 演讲 听 结束 我们 看 呆 难,他 演讲 听 结束 我们 看 难,他 演讲 听 结束 我们 看 难,他 演讲 听 结束 我们 看 难,他 演讲 结束 我们 看 知道,他 演讲 听 结束 我们 看 难
S002449_P0005_T00,他 演讲 听 结束 我们 看 呆 难,演讲 听 结束 我 看 难,演讲 听 结束 我 看 难,演讲 听 结束 我 看 难,他 演讲 努力 结束 我 看,他 演讲 听 结束 我 看 难
S002454_P0000_T00,小 王 平时 自由 好 这 时间 他 害羞,小 王 平时 好 这 时间 害羞,小 王 平时 时间 自由 好 这 时间 害羞,小 王 平时 自由 好 这 时间 害羞,小 王 平时 时间 要 时间 你 害羞,小 王 平时 时间 自由 好 这 时间 你 害羞
S002454_P0007_T00,小 王 平时 自由 好 这 时间 他 害羞,小 王 平时 好 你 时间 他 害羞,小 王 平时 好 你 时间 他 害羞,小 王 平时 好 你 时间 他 害羞,小 王 平时 要 时间 他 难,小 王 平时 好 你 时间 他 害羞
S002461_P0007_T00,因为 住 1 天 简单 宾馆 1 马虎,因为 天 方便 宾馆 房子 错误 马虎,因为 天 方便 宾馆 房子,因为 住 天 方便 宾馆 房子 错误 马虎,因为 方便 宾馆 房子,因为 睡觉 天 方便 宾馆 房子 感冒
S002470_P0007_T00,贵 贵 东西 你 最 好 放 宾馆 不,贵 东西 你 最 好 放 宾馆 不,贵 东西 你 最 好 放 宾馆 不,贵 东西 你 最 好 放 宾馆 不,重要 东西 最 好 放 宾馆 不,贵 东西 你 最 好 放 宾馆 不
S002476_P0005_T00,住院 病 卡 放 30 年 可以,医生 住院 病历 卡 年 参加 可以,医生 住院 病历 卡 年 参加 可以,医院 住院 病历 卡 年 增加 可以,医生 住院 病历 卡 机场 缺少 可以,医生 住院 病历 卡 年 参加 可以
S002476_P0007_T00,住院 病 卡 放 30 年 可以,住院 病 病历 卡 放 地铁 可以,住院 病 病历 卡 放 可以,住院 病 病历 卡 放 可以,病 卡 一般 在 每天,椅子 病 卡 放 这 可以
S002479_P0005_T00,病历 写 改变 不行,病历 卡 写 改变 不行,病历 卡 写 改变 不行,病历 卡 改变 不行,病历 卡 飞机 不,病 卡 写 改变 不行
S002486_P0000_T00,穷 观众 增加 贴 今天 年 政府 增加 强 涨,明天 观众 增加 贴 今天 年 政府 增加 强 涨,观众 增加 贴 今天 年 政府 增加 强 涨,明天 观众 增加 贴 今天 年 政府 增加 强 涨,老 观众 增加 今天 年 政府 增加 强 涨,穷 观众 增加 贴 今天 年 政府 增加 强 涨
S002486_P0005_T00,穷 观众 增加 贴 今天 年 政府 增加 强 涨,穷 观众 增加 贴 今天 年 政府 增加 强 涨,明天 观众 增加 贴 今天 年 政府 增加 强 涨,明天 观众 增加 贴 今天 年 政府 增加 强 涨,明天 观众 增加 请 政府 增加 强 涨,观众 增加 贴 准备 政府 增加 强 涨
S002495_P0000_T00,危险 发生 时间 生命 重要 东西 这 重要 不,危险 发生 时间 身体 重要 东西 重要,危险 发生 时间 身体 重要 东西 你 重要,危险 发生 时间 身体 重要 东西 这 严重,危险 用 时间 安全 多 重要 东西 你 不是,为 发生 时间 身体 重要 东西 这 重要
S002500_P0005_T00,房子 人 他 放弃 房子 里 钱 东西 自己 带 逃跑,房子 人 你 放弃 房子 里 东西 自己 带 逃,房子 人 放弃 房子 里 东西 自己 带 逃,房子 人 你 放弃 房子 里 钱 东西 自己 带 逃,房子 人 放弃 房子 里 东西 自己 带 车祸,房子 人 放弃 房子 里 钱 东西 自己 带
S002500_P0007_T00,房子 人 他 放弃 房子 里 钱 东西 自己 带 逃跑,房子 人 放弃 房子 里 东西 钱 东西 他 带 出,房子 人 放弃 房子 里 东西 钱 东西 他 带,房子 人 放弃 房子 里 东西 钱 东西 他 带,房子 人 开除 房子 火车 钱 东西 还 带 劳动,房子 人 放弃 房子 里 东西 钱 东西 他 带
S002504_P0005_T00,餐巾 纸 纸 多 全部 印刷 美丽 美丽 花 花,餐巾 纸 多 全部 干净 美丽,餐巾 纸 多 全部 写 美丽,餐巾 纸 张 多 全部 写 美丽,餐巾 纸 机场 多 全部 飞机 不 翻,餐巾 纸 多 全部 写 美丽 花
S002504_P0007_T00,餐巾 纸 纸 多 全部 印刷 美丽 美丽 花 花,餐巾 纸 多 全部 印刷 美丽 注意,餐巾 纸 多 全部 印刷 美丽,餐巾 纸 多 全部 印刷 美丽 点,早 有 全部 印刷,餐巾 纸 多 全部 印刷 美丽
S002520_P0005_T00,钥匙 你 又 忘记 没办法 你 等 我 到,这 你 还 忘记 没有 方法 今天 你 害怕 到,这 你 快 忘记 没有 方法 今天 你 我 到,这 你 快 忘记 没有 方法 今天 你 等 到,你 快 晚上 没有 方法 今天 你 要 看,这 你 还 忘记 没有 方法 今天 你 我 到
S002520_P0007_T00,钥匙 你 又 忘记 没办法 你 等 我 到,钥匙 你 还 忘记 方法 你 等 我 到,钥匙 你 还 忘记 方法 你 等 我 到,钥匙 你 还 忘记 方法 你 等 我 到,老师 快 忘记 方法 是 等 我,钥匙 你 还 忘记 方法 你 等 我 到
S002529_P0000_T00,有 什么 方法 快 说 沉默 不,有 什么 方法 快 说 沉默 不,有 什么 方法 快 说 沉默 不,有 什么 方法 快 说 沉默 不,你 方法 说 吃饭 拿,有 什么 方法 快 说 沉默 不
S002533_P0005_T00,这 做 除了 我 还 有 其他 方法,这 工作 除了 我 还有 别 方法,这 工作 除了 我 还有 别 方法,这 工作 除了 我 还有 别 方法,工作 除了 我 还有 其他 方法,这 工作 除了 我 还有 有 其他 方法
S002533_P0007_T00,这 做 除了 我 还 有 其他 方法,这 做 除了 我 还有 别 方法,这 做 除了 我 还 多 别 方法,这 做 除了 我 还有 多 别 方法,这 除了 我 还 多 方法,这 做 除了 我 多 方法
S002550_P0000_T00,这 比赛 不 公平,这 比赛 不,他 比赛 不,这 比赛 不 不相信,他 一般,你 比赛 不
S002550_P0007_T00,这 比赛 不 公平,这 比赛 不 公平,这 比赛 不 公平,这 比赛 不 公平,他 比赛 去 公平,这 比赛 不 公平
S002562_P0005_T00,今 晚上 前 必须 写 完 表格,今天 晚上 必须 写 完成 表格,今天 晚上 必须 写 完成 表格,今天 晚上 前 必须 写 完成 表格,今天 晚上 钱 写 完成 上网,今天 晚上 特别 必须 写 完成 表格
S002578_P0000_T00,这 玻璃 做 房子 这 历史 年 百,这 做 房子 这 历史 年 1,这 做 房子 这 传统 年 1,这 做 房子 这 历史 年 1,做 房子 传统 年 1,这 做 房子 这 传统 年 1
S002578_P0005_T00,这 玻璃 做 房子 这 历史 年 百,这 工作 房子 这 传统 决定,这 工作 房子 这 传统 决定,这 工作 房子 这 传统 决定,你 工作 房子 传统 历史 买,这 玻璃 工作 房子 这 传统 决定 情况
S002580_P0000_T00,孩子 我们 喜欢 玻璃 球 玻璃 球,孩子 我们 喜欢 玻璃,孩子 我们 喜欢 会 玻璃,孩子 我们 喜欢 玻璃,孩子 我们 喜欢 会,孩子 我们 喜欢 会 玻璃
S002592_P0005_T00,部分 部分 算 分开 不是 连,部分 流行 分 不是 连,部分 流行 连,部分 流行 不同 连,感冒 去 连,部分 计算 年
S002595_P0000_T00,彩票 我 中,彩票 我 妈妈,彩票 我 中国,彩票 我 中国,彩票 我 中国,彩票 我
S002595_P0007_T00,彩票 我 中,彩票 我 妈妈,彩票 我 妈妈,彩票 我 妈妈,爷爷 饭店 我 借,彩票 我 妈妈
S002607_P0000_T00,有 人 做 房子 写 不 演讲 演讲,有 人 写 房子 作业 不 演讲,有 人 在 房子 作业 不,有 人 在 房子 作业 不,有 人 在 房子 作业,有 人 房子 写 不
S002607_P0002_T00,有 人 做 房子 写 不 演讲 演讲,有 人 说 写 房子 作业 不,有 人 说 作业 房子 写 不,有 人 说 作业 房子 写 不,有 人 说 作业 房子 写 不够,有 人 作业 房子 写 不
S002608_P0000_T00,你 你 说谎 写 草稿 没有,你 写 草稿 没有,你 写 草稿 没有,你 写 草稿 没有,你 吃 写 草稿 人 没有,你 写 草稿 没有 你
S002608_P0002_T00,你 你 说谎 写 草稿 没有,你 如果 写 草稿 没有,你 如果 写 草稿 没有,你 如果 写 草稿 没有,你 说谎 写 草稿 没有,你 说谎 写 草稿 没有
S002646_P0000_T00,公 这 场合 我 注意 行动 文明,公 这 场合 我 注意 行动 知识,公 这 场合 我 注意 行动 聪明,公 这 场合 我 注意 行动 聪明,公 这 场合 我 在 行为,公 这 场合 我 注意 行为 骄傲
S002656_P0002_T00,你 重复 重复 检查 还 提供 回答,你 重复 检查 还 给 回答,你 重复 检查 还 给 回答,你 重复 检查 还 给 回答,你 重复 检查 交 回答,你 技术 检查 还 给 回答
S002660_P0002_T00,对 生活 情况 不同 人 就 会 有 什么 不同 回答,对 生活 情况 不是 人 就 会 有 什么 不同 回答,对 生活 情况 不是 人 就 会 有 什么 不同 回答,对 生活 情况 不是 人 就 会 有 什么 不是 回答,对 生活 情况 重要 人 通知 会 有 什么 不同 回答 答案,对 生活 情况 不是 人 就 会 有 什么 不是 回答
S002668_P0002_T00,题目 看 回答 简单 里 深,这 题目 回答 简单 里 深,题目 回答 简单 里 深,题目 答案 回答 简单 里 深,这 题目 回答 简单 减,题目 回答 简单 深
S002677_P0000_T00,大雨 心 不好,大雨 心 不好,大雨 心 不好,大雨 心 不好,大雨 不好,大雨 心 不好
S002687_P0002_T00,正好 我 住 近,正 我 睡觉 近,正 我 睡觉 近,正好 我 睡觉 近,帮助 他 我 睡觉 近,正 我 睡觉 近
S002689_P0002_T00,你 没有 找 到 洗 衣服 店 找 到 近,你 没有 找 到 洗 衣服 商店 看 到 近,你 没有 找 到 洗 衣服 商店 看 到 近,你 没有 找 到 洗 衣服 商店 看 到 近,你 没有 说 有 衣服 店 纸 有,你 没有 找 到 洗 衣服 结婚 看 到 近
S002702_P0002_T00,希望 每 客 人 可以 得 我们 优秀 服务,希望 每 客 人 可以 把 我们 服务,希望 每 客 人 可以 拿 我们 服务,希望 每 客 人 可以 拿 我们 好 服务,希望 每 客 人 来 我们 走 服务 负责,希望 每 客 人 可以 拿 我们 优秀 服务
S002706_P0002_T00,我们 最近 新 菜 不 接受 客 人 欢迎,我们 刚才 出现 不 接受 客 人 欢迎,我们 刚才 新 不 接受 客 人 欢迎,我们 刚才 不 接受 客 人 欢迎,我们 努力 3 不 接受 客 人 欢迎,我们 刚才 新 不 接受 客 人 欢迎
S002709_P0002_T00,选 买 有 各种 可以 让 客 人 选择 选,超市 有 各种 可以 客 人 选择 超市,超市 有 各种 可以 客 人 选择 买,超市 有 各种 可以 客 人 选择 买,超市 有 各种 可以 客 人 选择 买,超市 有 各种 可以 客 人 选择 买
S002710_P0002_T00,这 店 上市 东西 合适 客 人 要求,这 店 出台 东西 客 人 要 要求,这 店 出台 东西 符合 客 人 要 要求,这 店 出台 东西 适合 客 人 要 要求,这 商店 准备 东西 符合 客 人 要求,这 店 上市 东西 客 人 要求
S002744_P0002_T00,各种 人 他 接触 好了 所以 他 自己 发明 最 好 作品,各种 人 他 接触 好了 所以 他 自己 发明 最 好 做 品,各种 人 他 接触 好了 所以 他 自己 发明 最 好 做 品,各种 人 他 接触 好了 所以 他 自己 发明 最 好 做 品,各种 人 他 接触 好了 所以 最 做 品,各种 人 他 接触 好了 最后 他 自己 发明 最 好 做 品
S002762_P0000_T00,建设 1 金融 王 国 他 梦想,重复 1 金融 国 他 梦想,重复 1 金融 王 国 他 梦想,重复 1 金融 王 国 他 梦想,重复 1 金融 王 后 他 梦想,重复 1 金融 国 他 梦想
S002763_P0002_T00,他 金融 市场 赚 钱,他 金融 市场 赚 钱,他 金融 市场 赚 钱,他 金融 市场 赚 钱,他 金融 地方 赚 钱,他 金融 场合 赚 钱
S002764_P0002_T00,金融 大家 要 注意 骗 上当 自己 贪 不,金融 大家 要 注意 骗 自己 独立 不,金融 大家 要 注意 骗 上当 自己 贪 不,金融 大家 要 注意 骗 上当 自己 贪 不,这 金融 园 要 注意 骗 好 不,金融 大家 要 注意 骗 面条 自己 贪 不
S002785_P0002_T00,他 决赛 看 精彩,决赛 看 恶心,决赛 他 恶心,决赛 他 恶心,决赛 他 恶心,决赛 看 精彩
S002790_P0002_T00,他 在 决赛 中 错,他 在 决赛 妈妈 错误,他 在 决赛 妈妈 错误,他 在 决赛 妈妈 错误,他 决定 决赛 药,他 在 决赛 错
S002794_P0000_T00,这 肯德基 开 年 十,这 肯德基 开 年 十,这 肯德基 开 年 十,这 肯德基 开 年 十,这 肯德基 开 年 十,这 肯德基 开 年 十
S002804_P0000_T00,我 房子 楼 下 肯德基 人 流 好,我 房子 楼 每 人 默契 好,我 房子 每 人 人流 好,我 房子 每 人 默契 好,国家 每 人 人流 适合 好,我 楼 肯德基 人 人流 好
S002810_P0002_T00,他 老师 教 水平 高,他 老师 教 水平 高,他 老师 教 水平 高,他 老师 教 水平 高,他 老师 教 我们 高,他 老师 教 水平 高
S002820_P0002_T00,学生 认真 读书 老师 看 喜欢,学生 认真 读书 老师 看 喜欢,学生 认真 读书 老师 看 喜欢,学生 认真 读书 老师 看 喜欢,认真 读书 我 是 喜欢,学生 读书 老师 看 喜欢
S002824_P0002_T00,老师 们 每 周 星期 5 会议,老师 们 每 周 会议,老师 们 每 周 会议,老师 们 每 周 会议,老师 大家 每 周 自己 会议,老师 们 每 周 服务 会议
S002828_P0000_T00,你 礼物 不 你 心 我 知道,这 礼物 不 你 心 我 懂,这 礼物 不 你 心 我 懂,这 礼物 不 你 心 我 懂,礼物 没有 你 介绍 我 感觉,这 礼物 不 你 心 我 懂
S002848_P0000_T00,他 宣布 论文 多,他 宣布 问题 多,他 宣布 多,他 宣布 多,宣布 我 买 多,他 宣布 文 多
S002852_P0002_T00,这 论文 看 好 评价 高,论文 看 好 评价 高,论文 好 评价 高,论文 看 好 评价 高,论文 是 好 评价,论文 好 评价 高
S002862_P0000_T00,老板 发现 他 工作 打 手机,老板 发现 他 工作 手机 钱,老板 发现 他 工作 手机 钱,老板 发现 他 工作 手机 钱,老板 发现 工作,老板 发现 他 工作 手机 钱
S002864_P0002_T00,他 醒 发现 自己 在 医院,他 醒 发现 自己 在 医院,他 醒 发现 自己 在 医院,他 醒 发现 自己 在 医院,他 醒 发现 自己 在 医院,他 发现 自己 在 医院
S002878_P0002_T00,我 中国 经济 快 进步 发展,我们 中国 经济 快 进步 发展,我 中国 经济 快 进步 发展,我 中国 经济 快 进步 发展,我 中国 经济 进步 发展,我 中国 经济 快 进步 发展
S002886_P0002_T00,你 玩 游戏 我 不 反对 但是 控制 好 时间,他 玩 游戏 我 不 反对 但是 争取 好 时间,他 玩 游戏 我 不 反对 但是 控制 好 时间,他 玩 游戏 我 不 反对 但是 控制 好 时间,他 玩 游戏 我 自己 但是 没有 有 时间,他 玩 游戏 我 帮助 反对 但是 收 好 时间
S002898_P0002_T00,你 学会 听 反对 声音 应该,这 学 会 听 反对 声音 必须,这 学 会 听 反对 声音 必须,这 学 会 听 反对 声音 必须,你 学会 会 不 听 反对 声音 必须,你 学 会 听 反对 声音 必须
S002899_P0002_T00,我 建议 否认,我 2 否认,我 2 否认,我 2 否认,我 姐姐 硬 否认,我 2 否认
S002909_P0002_T00,自己 否认 要 多 大 勇敢,自己 否认 要 多 大 勇敢,自己 否认 要 多 勇敢,自己 否认 要 多 勇敢,你 骂 要 关心,自己 否认 要 多 勇敢
S002937_P0000_T00,有 人 说 反调 是 正常,有 人 说 反调 正常,有 人 说 反调 正常,有 人 说 反调 正常,人 说 反调 正常,有 人 说 反调 正常
S002942_P0000_T00,你 知道 反调 从 来 没有 好 提 意见,你 想 反调 从 好 没有 好 2,你 知道 反调 从 没有 好 2,你 知道 反调 从 没有 好 2,你 想 反调 没有 好 2,你 知道 反调 见面 没有 好 2
S002947_P0002_T00,这 游戏 有 防 沉迷 系统,这 游戏 有 帮助 沉迷 系统,这 游戏 有 帮助 沉迷 系统,这 游戏 有 帮助 沉迷 系统,这 鼓励 有 帮助 沉迷 系统,这 游戏 有 帮助 沉迷 系统
S002951_P0002_T00,自己 他 电脑 电脑 游戏 沉迷 读书 退步,你 自己 电脑 游戏 沉迷,你 自己 电脑 游戏 沉迷,你 自己 电脑 游戏 沉迷,自己 电脑 游戏 沉迷 抽血,自己 电脑 沉迷
S002958_P0002_T00,参观 美丽 我 看 沉迷,不知道 美丽 我 看 沉迷,热 美丽 我 看 沉迷,热 美丽 我 看 沉迷,热 美丽 我 看 沉迷,热 美丽 我 看 沉迷
S002970_P0002_T00,老师 终于 承认 我 说 好,老师 最后 承认 我 说 好,老师 最后 承认 我 说 好,老师 最后 承认 我 说 好,老师 彻底 承认 我 说,老师 最后 承认 我 说 好
S002991_P0002_T00,我 手 受伤 好了 拿 吃不消,我 准备 伤 好了 裤子,我 准备 好了 裤子,我 准备 好了 裤子,我 准备 好了,我 准备 好了 裤子
S002998_P0002_T00,第一 见面 迟到 人 印象 不好,第一 见面 迟到 人 印象,第一 见面 迟到 人 印象,第一 见面 迟到 人 印象,因为 见面 人 印象,第一 见面 迟到 人 印象
S003002_P0000_T00,你 迟到 3 分钟 好 酒 惩罚 3 喝,你 迟到 分钟 好 酒 惩罚 3 喝,你 迟到 分钟 好 酒 惩罚 菜 喝,你 迟到 分钟 好 酒 惩罚 少 喝,你 迟到 分钟 领导 酒 点 菜 喝,你 迟到 好 酒 惩罚 喝
S003016_P0000_T00,打扮 前 后 脸 差别,打扮 这 脸 差别,打扮 你 脸 差别,打扮 你 脸 差别,打扮 这 晚上 差别,打扮 你 脸
S003026_P0000_T00,自己 想 得罪 多 人 没有,自己 想 得罪 多 人 没有,自己 想 得罪 多 人 没有,自己 想 得罪 多 人 没有,自己 想 得罪 多 人 没有,自己 想 得罪 多 人 没有
S003031_P0000_T00,下雨 他 跑 到 超市 躲,下雨 他 跑 到 超市 鱼,下雨 他 跑 到 超市 躲,下雨 他 跑 到 超市 躲,下雨 跑 选择 超市 躲,下雨 他 跑步 超市 鱼
S003033_P0000_T00,你 难 你 没办法 躲 还是 解决 他,你 难 你 方法 还是 解决 他,你 难 你 方法 还是 解决 他,你 难 你 方法 还是 解决 他,你 方法 躲 多 解决 你,你 难 你 方法 礼物 还是 解决 他
S003036_P0000_T00,灯 我 低头 躲 灯 5,灯 我 帽子 榜样 连,灯 我 记得,灯 我 提高,我 记得 5 层,灯 我 伞
S003046_P0000_T00,你 不 逼 我 急 我 会 翻脸,你 不 但是 我 急 我 会 翻脸,你 不 因为 我 急 我 会 翻脸,你 不 逼 我 急 我 会 翻脸,妈妈 因为 我 急 会 翻脸,你 不 介绍 我 着急 我 会 翻脸
S003065_P0000_T00,他 是 你 儿子 怪不得 脸 熟悉,他 你 儿子 男 脸 习惯,他 你 儿子 脸,他 你 儿子 脸,下午 儿子 脸 没有,他 你 儿子 脸
S003076_P0000_T00,八宝粥 过期 味道 不好吃,多 八宝粥 过期 效果 不好吃,八宝粥 过期 效果 不好吃,八宝粥 过期 效果 不好吃,八宝粥 过期 效果 元,八宝粥 过期 效果 不好吃
S003078_P0002_T00,楼 路 旁边 火 消灭 机器 过期,楼 路 旁边 火 灭 机器 过期,楼 路 旁边 火 灭 机器 过期,楼 路 旁边 火 灭 机器 过期,做 路 走 火 灭 机器 过期,做 路 旁边 火 灭 机器 过期
S003092_P0002_T00,爷爷 每天 报纸 国家 大 事情 了解,爷爷 每天 书 我 国家 房子 事情 了解,爷爷 每天 书 我 国家 了解,爷爷 每天 报纸 我 国家 了解,爷爷 每天 书 我 房子 了解,爷爷 每天 书 我 国家 大 了解
S003101_P0000_T00,这 东西 长 吸取 会 简单 打胎,这 东西 会 简单 打胎,这 东西 会 简单 打胎,这 东西 吸取 会 简单 打胎,这 东西 可以 会 简单 打胎,这 东西 吸取 会 简单 打胎
S003131_P0001_T00,我 看 你 想 呕吐,我 看 不懂 呕吐,我 看 感觉 呕吐,我 看 感觉 呕吐,我 看 感觉 我 呕吐,我 看 感觉 呕吐
S003131_P0002_T00,我 看 你 想 呕吐,我 看 你 想 吃,我 看 你 想 吃,我 看 你 想 呕吐,我 看 你 想 呕吐,我 看 你 想 吃
S003140_P0000_T00,脸 想 恶心 快 转,脸 皮肤 否认,脸 否认,脸 否认,脸 忘记,脸 否认
S003146_P0000_T00,网络 上 付 方便 多 年轻 喜欢,网 1 方便 多 年轻 喜欢,网 方便 多 吃 喜欢,网 付 方便 多 年轻 喜欢,网 衣服 吃 喜欢,网 方便 多 年轻 喜欢
S003146_P0002_T00,网络 上 付 方便 多 年轻 喜欢,网 1 付 多 年轻 喜欢,网 1 付 多 年轻 喜欢,网 1 付 多 年轻 喜欢,王 1 多 你 喜欢,网 1 付 多 年轻 喜欢
S003151_P0000_T00,平 电脑 好 什么 方便 带,道理 好 什么 方便 带,道理 好 什么 方便 带,道理 好 什么 方便 带,报名 找 变 带,好 什么 方便 带
S003151_P0002_T00,平 电脑 好 什么 方便 带,道理 好 什么 方便 带,道理 好 什么 方便 带,道理 什么 方便 带,贴 变 带,分别 好 什么 方便 带
S003154_P0000_T00,继续 方便 给 自己 难,一直 给 自己 难,一直 给 自己 难,一直 给 自己 难,一直 给 女 难,给 自己 难
S003154_P0001_T00,继续 方便 给 自己 难,一直 方便 给 自己 难,一直 方便 给 自己 难,一直 方便 给 自己 难,一直 请 自己 难,通过 给 自己 难
S003157_P0000_T00,你们 2 分别 得 第一 第二,这 2 得 第一 第二,这 2 得 第一 第二,他 2 得 第一 第二,他 建立 第一,这 2 保护 第一 第二
S003159_P0001_T00,事情 性 不同 要 分别 对,事情 性 不同 要 分 对,事情 性 不是 要 对,事情 性 不同 要 分 换,事情 性 必须 要 对,事情 性 不是 要 他
S003159_P0002_T00,事情 性 不同 要 分别 对,事情 性 不同 我 要 分 对 对象,事情 性 不同 要 分 对,事情 性 不是 要 分 对象,事情 性 不同 要 对,事情 买 不是 要 对 1
S003162_P0000_T00,事情 分别 有 什么 好 好处,事情 分别 有 什么 好,事情 分别 有 什么 好,事情 分别 有 什么 好,事情 分别 什么 我 委屈,事情 有 什么 好
S003170_P0001_T00,人 人 高 有 钱 富贵 穷 没有 分别,人们 成长 有 富贵 穷 没有 分别,人们 成长 有 富贵 穷 没有 分别,人们 成长 有 富贵 穷 没有 分别,人们 想 有 福气 后 到 分别,人 成长 有 富贵 穷 没有 事情
S003181_P0001_T00,妈妈 看 期待 看 我 惭愧,爸爸 妈妈 希望 看 我 惭愧,爸爸 妈妈 希望 看 我 惭愧,爸爸 妈妈 希望 看 我 惭愧,爸爸 妈妈 希望 我 惭愧,爸爸 妈妈 希望 看 我 惭愧
S003181_P0002_T00,妈妈 看 期待 看 我 惭愧,妈妈 希望 我 惭愧,妈妈 希望 看 我 惭愧,妈妈 希望 看 我 惭愧,妈妈 希望 我 惭愧,妈妈 希望 看 我 惭愧
S003186_P0001_T00,他 努力 让 我们 感觉 惭愧 比,他 努力 让 我 想 惭愧 点,他 努力 让 我 感觉 惭愧,他 努力 让 我 感觉 惭愧,他 努力 我 感觉 吃,他 努力 让 我 感觉 惭愧
S003192_P0000_T00,这 失败 我 彻底 失败,他 失败 我 彻底 失败,这 失败 我 彻底 失败,他 失败 我 彻底 失败,这 道理 我 彻底 失败,这 失败 我 彻底 失败
S003206_P0000_T00,我 有 大概 计划 详细 没有 定,我 有 大概 计划 仔细 没有 必须,我 有 大概 计划 仔细 没有 决定,我 有 大概 计划 仔细 没有 应该,我 计划 仔细 我 必须,我 有 大概 仔细 没有 定
S003206_P0001_T00,我 有 大概 计划 详细 没有 定,我 有 大概 设计 仔细 没有 决定,我 有 大概 设计 仔细 没有 决定,我 有 大概 设计 仔细 没有 决定,我 有 大概 准备 仔细 我 决定,我 有 设计 仔细 没有 决定
S003219_P0000_T00,他 社会 经验 小 他 简单,他 社会 经验 小 他 简单,他 社会 经验 他 简单,他 社会 经验 小 他 简单,到 社会 经验 多 简单,他 社会 经验 他 简单
S003219_P0002_T00,他 社会 经验 小 他 简单,他 社会 经验 他 简单,他 社会 经验 他 简单,他 社会 经验 他 简单,他 社会 经验 多 简单,他 社会 经验 他 简单
S003225_P0000_T00,他 手机 号码 写 餐巾 纸 写 给 我,他 电话 号码 写 餐巾 纸 写 给,他 电话 号码 写 餐巾 纸 写 给,他 电话 号码 写 餐巾 纸 写 给,他 电话 号码 买 餐巾 纸 给 我,他 电话 号码 写 餐巾 纸 写 给
S003237_P0002_T00,我 到 车站 发现 我 自己 票 忘记 放 房子,到 车站 发现 我 自己 忘记 放 房子,到 车站 发现 我 自己 忘记 放 房子,到 车站 发现 我 自己 忘记 放 房子,到 车站 变化 我 自己 票 晚上 放 房子,到 车站 发现 我 自己 忘记 放 房子
S003244_P0000_T00,成绩 好 是 他 自己 每天 一直 积累 学 结果,成绩 好 是 他 自己 每天 一直 学 效果,成绩 好 是 他 自己 每天 一直 学 效果,成绩 好 是 他 自己 每天 一直 学 效果,成绩 这 是 他 自己 一直 叫 效果,成绩 好 是 他 自己 每天 一直 学 效果
S003246_P0002_T00,他 读书 好 但是 性格 不好 全部 不喜欢 他,如果 努力 不 怎么样 得 好 成绩,如果 努力 不 怎么样 得 好 成绩,如果 努力 不 怎么样 得 好 成绩,如果 努力 不 怎么样 发送 你 成绩,如果 努力 不 怎么样 得 好 成绩
S003248_P0002_T00,看 我 成绩 单 指 妈妈 脸 严肃,看 我 成绩 麦当劳 你 妈妈 脸,看 我 成绩 你 妈妈 脸,看 我 成绩 麦当劳 你 妈妈 脸,看 我 成绩 单 下 妈妈 脸,看 我 爱-1 下载 他 妈妈 脸
S003250_P0000_T00,领导 充分 肯定 他 工作 中 得 成绩,领导 充分 应该 他 工作 妈妈 得 成绩,领导 充分 应该 他 工作 妈妈 得 成绩,领导 充分 应该 他 工作 妈妈 得 成绩,领导 应该 他 工作 妈妈 得 自己 成绩,领导 充分 应该 他 工作 妈妈 得 成绩
S003256_P0002_T00,你 必须 要 靠 生产 程序 来 工作,你 必须 要 靠 生产 程序 来 工作,你 必须 要 靠 生产 过程 来 工作,你 必须 要 靠 生产 程序 来 工作,你 必须 要 生产 过程 工作,你 必须 要 要求 生 来 做
S003258_P0002_T00,我们 公司 有 1 套 严格 事情 程序,我们 公司 有 1 套 硬 过程,我们 公司 有 2 套 过程,我们 公司 有 2 套 过程,我们 公司 有 套 是 过程,我们 公司 有 2 套 过程
S003267_P0002_T00,中国 货 外国 东西 多,中国 快递 课 东西 多,中国 快递 东西 多,中国 快递 东西 多,中国 快递 东西 多,中国 货 课 东西 多
S003269_P0002_T00,博物 房子 出 在 哪,博物 房子 去 什么,买 博物 房子 去 什么,博物 房子 去 到 什么,买 博物 房子 不行,买 博物 房子 去 在 什么
S003276_P0002_T00,农村 产品 国 出 多,农村 产品 我 出 多,农村 产品 我 多,农村 产品 我 多,农村 产品 我 多,农村 产品 我 多
S003289_P0002_T00,处方 上 药 名字 他 写 错误 他 发生 大 麻烦,处方 上 他 写 他 发生 吃亏,处方 上 名字 他 写 他 发生 麻烦,处方 上 名字 他 写 这 发生 麻烦,处方 上 表格 写 会 发生 麻烦,处方 上 处方 他 写 他 发生 麻烦
S003294_P0002_T00,我 读书 是 学 知识 不是 想 简单 兴趣 不,我 学校 学 知识 不是 想 简单 点 不,我 学校 学 知识 不是 想 简单 兴趣 不,我 学校 是 学 知识 不是 想 简单 兴趣 不,我 特别 学 知识 不是 想 简单 喜欢,我 学校 是 学 知识 不是 想 简单 兴趣 不
S003323_P0000_T00,生活 淡 乏味 他 不喜欢,生活 淡 乏味 他 不喜欢,生活 淡 乏味 他 不喜欢,生活 淡 乏味 他 不喜欢,生活 乏味 他 不喜欢,生活 淡 乏味 不喜欢
S003338_P0000_T00,刚才 名字 王 电话 他,刚才 名字 王 手机 他,刚才 名字 王 电话 他,刚才 名字 王 电话 他,刚才 名字 电话 他,刚才 名字 王 电话 他
S003340_P0002_T00,刚才 说 矛盾 大家 奇怪,刚才 说 矛盾 出租车,刚才 说 矛盾,刚才 说 矛盾 快,刚才 说 矛盾 大概 找,刚才 说 矛盾
S003353_P0000_T00,你 越 感觉 害羞 要 克服,你 越 感觉 害羞 要 只好 克服,你 越 感觉 害羞 要 委屈 克服,你 越 感觉 害羞 要 只好 克服,你 变化 难 害羞 要 后果 克服,你 越 感觉 害羞 要 委屈 克服
S003371_P0002_T00,你 快 抓住 你 成功,快 拿 你 成功,快 抓住 你 成功,快 拿 你 成功,快 否认 你 成功,快 抓住 你 成功
S003381_P0000_T00,他 知道 这 是 犯罪 但是 心理 想 侥幸 最后 还是 犯罪,他 知道 这 是 犯罪 但是 心 想 侥幸 最后 还 犯罪,他 知道 这 是 犯罪 但是 心 想 侥幸 最后 还 做,他 知道 这 是 犯罪 但是 心 想 侥幸 最后 还 做,他 去 做 但是 心 学 最后 做,他 知道 这 是 犯罪 但是 心 想 侥幸 所以 还 不好
S003382_P0002_T00,谦虚 不 你 成功 不是 侥幸,客气 不 他 成功 不是 侥幸,客气 不 他 成功 不是 侥幸,客气 不 他 成功 不是 侥幸,你 礼貌 不 老实 成功 不是 侥幸,谦虚 不 你 成功 不是 侥幸
S003385_P0000_T00,距离 远 这 侥幸 不 在,远 这 侥幸 不是,远 这 侥幸 不是,远 这 侥幸 不是,远 他 冠军 不是,路 远 这 侥幸 在
S003402_P0000_T00,老师 看 他们 茫然 改变 讨论 简单 简单,老师 看 你们 茫然 变 讨论 简单,老师 看 你们 茫然 变 讨论 简单,老师 看 你们 茫然 变 讨论 简单,老师 他 茫然 万 讨论 累,老师 看 你们 茫然 变 讨论 简单
S003406_P0002_T00,这 问题 一直 茫然 突然 想 通,他 一直 热 想 通过,他 一直 热 突然 想 通过,他 一直 热 突然 想 通过,他 一直 字幕 通过,他 一直 会 通过
S003410_P0002_T00,老板 工作 开除 他 安慰 我,老板 标准 工作 开除 他 救 我,老板 工作 开除 他 爱好 我,老板 工作 开除 他 救 我,老板 工作 放弃 他 爱好 我,老板 工作 开除 他 害怕 我
S003418_P0002_T00,老师 安慰 时间 长 你 哭 停止,老师 安慰 时间 长 他 辛苦 停止,老师 安慰 时间 长 他 哭 停止,老师 安慰 时间 长 他 辛苦 停止,老师 安慰 长 幸好 极限,老师 安慰 时间 长 你 哭 停止
S003424_P0000_T00,设备 安装 完成 可以 用,设备 安装 完成 可以 用,设备 安装 完成 可以 用,设备 安装 完成 可以 用,计划 安装 完成 用,设备 安装 完成 可以 用
S003455_P0000_T00,只 有 他 了解 互相 了解 有 把握 成功,这 有 他 了解 互相 了解 把握 成功,只 有 他 了解 互相 了解 把握 成功,只 有 他 了解 互相 了解 把握 成功,他 了解 互相 打胎 把握 成功,只 有 他 了解 互相 了解 把握 成功
S003469_P0002_T00,他们 房子 搬 吵架 吵架,他 房子 搬 随便,他 房子 搬 一直,他 房子 搬 吵架,房子 搬 一直,他 房子 搬 句子
S003471_P0002_T00,他 烦 烦 邻居 想 他 房子 搬,他 不幸 邻居 想 他 房子 搬,他 警察 邻居 想 他 房子 搬,他 学 邻居 想 你 房子 搬,他 警察 邻居 想 房子 搬,他 学 邻居 想 他 房子 搬
S003491_P0002_T00,对 学 差 同学 我们 肯定 帮助,学 不好 同学 我们 肯定 帮助,学 不好 同学 我们 肯定 帮助,学 不好 同学 我们 肯定 帮助,学 不行 同学 我们 帮助,学 不好 同学 我们 肯定 帮助
S003494_P0000_T00,我们 教 系统 包括 职业 教 基础 教 各种,我们 教 系统 包括 职业 教 政府 教 各种,我们 教 系统 包括 职业 教 基础 教 各种,我们 教 系统 包括 职业 教 基础 教 各种,我们 教 系统 包括 职业 教 政府 教 各种,我们 教 系统 包括 职业 教 基础 教 各种
S003500_P0002_T00,今天 年 谁 不 包装 打扮 自己,今天 年 不 装 自己,今天 年 谁 不 装 自己,今天 年 谁 不 装 自己,今天 年 早 装 打扮,今天 年 嘲笑 不 装 自己
S003515_P0002_T00,报名 表格 可以 到处 各 学 院 拿,报名 表格 可以 到 各种 会 房子 拿,报名 表格 可以 到 各种 会,报名 表格 可以 到 到处 各种 会 学校 拿,报名 表格 找 书 学 学校,报名 表格 可以 到 各种 会 拿
S003518_P0002_T00,我们 不想 毕业,我们 不 想 毕业,我们 不 想 毕业,我们 不 想 毕业,我们 想 毕业,我们 不 想 毕业
S003524_P0000_T00,姐姐 毕业 后 到 山 区 教 工作,姐姐 毕业 后 到 区 教 工作,姐姐 毕业 后 到 区 教 工作,姐姐 毕业 后 到 区 教 工作,姐姐 毕业 后 区 工作,姐姐 毕业 后 到 区 教 工作
S003537_P0000_T00,有 人 说 药 要 预防 怀孕 药 多 对 女 人 身体 不好,有 人 说 药 要 帮助 避孕 药 多 对 女 人 身体 不好,有 人 说 药 要 避孕 药 多 对 女 人 身体 不好,有 人 说 药 要 避孕 药 多 对 女 人 身体 不好,有 人 说 预防 避孕 问 多 对 女 人 身体 不好,有 人 说 药 要 预防 避孕 多 对 女 人 身体 不好
S003537_P0001_T00,有 人 说 药 要 预防 怀孕 药 多 对 女 人 身体 不好,有 人 说 药 要 避孕 饱 药 多 对 女 身体 不好,有 人 说 药 要 避孕 饱 药 多 对 女 身体 不好,有 人 说 药 要 避孕 药 多 对 女 身体 不好,有 人 说 你 要 帮助 避孕 饱 看 有 对 人 没有,有 人 说 药 要 不 避孕 药 多 对 女 身体 不好
S003545_P0002_T00,年 50 中国 变化 大,年 中国 变 大,年 1 中国 变 大,年 中国 变 大,年 1 年 我 吃亏 大,年 中国 变 大
S003551_P0000_T00,性格 不是 稳定 不是 点 变化 没有 是 活动 变化,性格 不同 位置 不是 小 变 没有 是 活 变,封面 不同 固定 不是 小 变化 没有 是 活 变,性格 不同 固定 不是 小 变化 没有 是 活 变,不同 决定 不是 变化 没有 行为,封面 不同 固定 不是 小 变化 没有 是 活 变
S003551_P0001_T00,性格 不是 稳定 不是 点 变化 没有 是 活动 变化,性格 不同 固定 不是 小 变 没有 是 活 改变,性格 不同 固定 不是 小 变 没有 是 活,性格 不同 固定 不是 小 变 没有 是 活,性格 我 不是 什么 没有 可以 行为,不同 固定 不是 小 变 没有 是 活
S003572_P0002_T00,对 竞争 我们 躲 不行,竞争 我们 追 不行,竞争 我们 潜伏 不行,竞争 我们 潜伏 不行,竞争 我们 躲,竞争 我们 潜伏 不行
S003579_P0002_T00,他 说 我们 不行 理解,他 说 我们 不行 理解,他 说 我们 不行,他 说 我们 想 不行,他 说 我们 想,他 说 我们 不行
S003594_P0000_T00,看 眼睛 神 我 不喜欢,眼睛 汉堡 我 不喜欢,爸爸 眼睛 我 不喜欢,感冒 眼睛 神 我 不喜欢,爸爸 给 我 美丽 不喜欢,爸爸 眼睛 我 不喜欢
S003605_P0000_T00,这 孩子 1 天 玩 玩 让 人 操心,他 孩子 黑 日 玩 让 人 担心,他 孩子 黑 日 玩 让 人 担心,他 孩子 黑 日 玩 让 人 操心,他 孩子 玩 客 人 担心,他 孩子 日 玩 让 人 担心
S003605_P0001_T00,这 孩子 1 天 玩 玩 让 人 操心,他 孩子 想 日 玩 让 人 担心,他 孩子 想 日 玩 让 人 担心,他 孩子 想 日 玩 让 人 操心,他 想 他们 玩 让 人 操心,他 孩子 想 日 玩 让 人 担心
S003619_P0000_T00,学生 可以 到 学 院 查询 自己 考试 分数,学生 可以 到 医院 查询 自己 考试 多少 成绩,学生 可以 到 医院 查询 自己 考试 多少 分数,学生 可以 到 医院 查询 自己 考试 多少 分数,学生 刚才 到 医院 查询 自己 考试 我 分数,学生 到 医院 查询 自己 考试 分数
S003621_P0001_T00,第一 人 摔倒 后 超过,第一 人 失败 后 超过,第一 人 失败 后 超过,第一 人 失败 后 超过,第一 人 失败 后 超,第一 人 失败 后 超过
S003621_P0002_T00,第一 人 摔倒 后 超过,人 进 后 超,第一 人 进 后 超,第一 人 进 后 超,商业 人 后 超,第一 失败 后 超
S003633_P0000_T00,老师 同学 们 统一 称赞 小 王 是 好 学生,老师 同学 们 称赞 小 王 好 学生,老师 同学 们 称赞 小 王 好 学生,老师 同学 们 称赞 小 王 是 好 学生,老师 同学 们 称赞 小 王 有 学生,老师 同学 们 好 小 王 是 好 学生
S003633_P0001_T00,老师 同学 们 统一 称赞 小 王 是 好 学生,老师 同学 们 好 称赞 小 王 好 学生,老师 同学 们 好 称赞 小 王 好 学生,老师 同学 们 好 称赞 小 王 好 学生,老师 同学 们 万 称赞 2 王 课 学生,老师 同学 们 快 好 小 王 是 好 学生
S003637_P0001_T00,公园 我 看 多 花 看 称赞 称赞,公 公园 看 多 花 看 称赞,公 公园 看 多 花 看 称赞,公 公园 看 多 花 看 称赞,公 问题 看 管理 花 像 称赞,公 公园 看 多 花 看 称赞
S003645_P0000_T00,他们 统一 称赞 老师 付出 教 事业,他们 称赞 老师 付出 教 事业,他们 称赞 老师 付出 教 事业,他们 好 称赞 老师 付出 教 事业,他们 努力 称赞 老师 付出 教 事业,他们 称赞 老师 付出 教 事业
S003645_P0002_T00,他们 统一 称赞 老师 付出 教 事业,他们 称赞 老师 付出 教 事业,他们 称赞 老师 付出 教 事业,他们 称赞 老师 付出 教 事业,他们 称赞 老师 付出 教 事业,他们 称赞 老师 付出 教 事情 事业
S003651_P0001_T00,我们 承包 要 合同 保证 工作 完成,我们 承包 收 合同 保证 期 工作 完成,我们 承包 合同 保证 帮助 工作 完成,我们 承包 收 合同 保证 帮助 工作 完成,我们 承包 合同 保证 帮助 做 好,我们 承包 给 合同 保证 帮助 工作 完成
S003669_P0000_T00,他 盲 崇拜 模仿,他 气 模仿,他 盲 模仿,他 气 崇拜 模仿,他 美丽 最 模仿,他 盲 崇拜 十
S003669_P0001_T00,他 盲 崇拜 模仿,他 辛苦 崇拜 圆,他 辛苦 崇拜 圆,他 辛苦 崇拜 模仿,他 美丽 队 模仿,他 辛苦 盲 圆
S003679_P0000_T00,病 人 空 肚子 去 抽血 2 天 拿 报告,人 肚子 去 抽血 天 拿 报告,人 肚子 去 抽血 天 拿 报告,人 肚子 去 抽血 天 拿 报告,这 抽血 报告,人 肚子 去 抽血 天 拿 报告
S003680_P0000_T00,我 抽血 不行 看 血 晕,我 抽血 不行 看 系统 晕,我 抽血 不行 看 系统 晕,我 抽血 不行 看 血 晕,我 抽血 花 世界,我 抽血 不行 看 晕
S003680_P0002_T00,我 抽血 不行 看 血 晕,我 抽血 不行 看 不管 聪明,我 抽血 不行 看 聪明,我 抽血 不行 看,我 抽血 他 抽血 倒霉,我 抽血 不行 看 外 聪明
S003692_P0000_T00,妈妈 去 工作 奶奶 负责 照顾,去 工作 奶奶 负责 照顾,去 工作 奶奶 负责 照顾,去 工作 奶奶 负责 照顾,去 工作 奶奶 负责 照顾,去 工作 奶奶 负责 照顾
S003692_P0001_T00,妈妈 去 工作 奶奶 负责 照顾,去 工作 奶奶 负责 照顾,去 工作 奶奶 负责 照顾,去 工作 奶奶 负责 照顾,我 去 工作 法 自己,去 工作 奶奶 负责 照顾
S003697_P0000_T00,我 去 南 去 工作 收 大,我 去 朋友 去 工作 接受 大,我 去 朋友 去 工作 接受 大,我 去 朋友 去 工作 接受 大,我 朋友 工作 大,我 去 工作 接受 大
S003721_P0000_T00,对 事情 不行 改变 除了 听 还有 没有 别 方法,我 对 事情 不行 变 除了 听 还 没有 别 方法,我 对 事情 不行 变 除了 听 还 有 没有 别 方法,我 对 事情 不行 变 除了 听 还 有 没有 别 方法,对 事情 变 除了 听 你 有 什么 别 方法,我 对 事情 不行 变 除了 听 还 有 没有 别 方法
S003721_P0002_T00,对 事情 不行 改变 除了 听 还有 没有 别 方法,我 对 事情 不好 变 除了 听 还 有 没有 别 人 方法,我 对 事情 不好 变 除了 听 还有 没有 别 人 方法,我 对 事情 不好 改变 除了 听 还有 有 没有 别 人 方法,我 对 事情 除了 听 有 没有 别 人 方法,我 对 事情 不好 但是 除了 听 还有 没有 别 人 方法
S003731_P0000_T00,热 虫 全部 传染 力,热 全部 力,热 全部 快,热 部分 全部 力,热 全部 快,热 1 全部 力
S003731_P0001_T00,热 虫 全部 传染 力,热 全部 影响 快,热 全部 感染 快,热 全部 感染 快,幸好 全部 快,热 全部 感染 快
S003743_P0001_T00,观众 意见 那 要 好 好 处理 要 帮助 社会 安 定,观众 你 要 好 处理 要 帮助 社会 我 决定,观众 你 要 好 处理 要 帮助 社会 我 必须,观众 像 你 要 好 处理 要 帮助 社会 我 必须,观众 好吃 要 好 处理 要 帮助 社会 纸 规定,观众 这 要 好 处理 要 社会 我 定
S003747_P0000_T00,处理 垃圾 问题 我们 每 人 生活 有 联系,钢琴 垃圾 问题 我们 每 人 生活 有 联系,处理 垃圾 问题 我们 每 人 生活 有 联系,处理 垃圾 问题 我们 每 人 生活 有 联系,处理 听 问题 我们 每 人 生活 多 联系,处理 问题 我们 每 人 生活 有 联系
S003747_P0001_T00,处理 垃圾 问题 我们 每 人 生活 有 联系,处理 垃圾 问题 我们 每 人 生活 有 联系,处理 垃圾 问题 我们 每 人 生活 有 联系,处理 垃圾 问题 我们 每 人 生活 有 联系,处理 可以 是 我 我们 每 人 生活 好,处罚 垃圾 问题 我们 每 人 生活 有 联系
S003753_P0001_T00,压力 吃不消 辞职,孩子 吃不消 辞职,爱-1 吃不消 不行 辞职,爱-1 吃不消 辞职,爱-1 吃 不行 辞职,孩子 吃不消 辞职
S003758_P0000_T00,辞职 还是 继续 工作 考虑,辞职 还 工作 想,辞职 还是 工作 想,辞职 还是 工作 想,辞职 老师 工作 难,辞职 还是 工作 想
S003758_P0002_T00,辞职 还是 继续 工作 考虑,辞职 还 工作,辞职 还是 工作,辞职 还是 工作,辞职 来 工作 难,辞职 还 还是 工作
S003759_P0000_T00,我 想 离开 时间 是 这 交 辞职 信,我 想 离开 时间 是 这 给 辞职 信,我 想 买 时间 是 这 给 辞职 信,我 想 离开 时间 是 这 给 辞职 信,我 想 买 时间 要 给 信,我 想 离开 时间 是 这 送 信
S003764_P0000_T00,机器 慢 慢 代替 笨 劳动,机器 慢 为 劳动,机器 慢 为 行为,机器 慢 为 活动,机器 为 学 运动,机器 慢 为 行为
S003764_P0001_T00,机器 慢 慢 代替 笨 劳动,机会 慢 代替 笨 劳动,机会 慢 代替 笨 劳动,机会 慢 代替 医生 劳动,慢 代替 学 包 绷带,机会 慢 代替 笨 劳动
S003765_P0000_T00,小学 孩子 写 爸爸 妈妈 代替 写 不行,警察 孩子 写 爸爸 妈妈 为 写 不行,孩子 写 爸爸 妈妈 为 写 不行,孩子 写 爸爸 妈妈 为 写 不行,学 孩子 写 爸爸 妈妈 为 不喜欢,孩子 写 爸爸 妈妈 为 写 不行
S003776_P0001_T00,语言 代替 不行 行动 行动 是 最 早 语言,说 代替 不行 行为 是 最 早 说,说 代替 不行 行为 是 最 早 说,说 代替 不行 行为 是 最 早 说,说 代替 可以 行为 最 好 说,说 代替 不行 行为 是 最 好 说
S003778_P0000_T00,他 向 国家 借款 承包 1 山 山,国家 借款 承包 远,向 国家 借款 承包 远,向 国家 借款 承包 远,他 国家 房子 借款 发现 承包 多 发展,这 向 国家 借款 承包
S003778_P0001_T00,他 向 国家 借款 承包 1 山 山,他 不 国家 借款 承包 每,他 向 国家 借款 承包 每,他 向 国家 借款 承包 每,他 到 我 房子 借款 承包 大家,他 向 国家 借款 承包 每
S003786_P0001_T00,公司 给 工作 员工 1 借款 利息 钱 不,公司 给 工作 员工 1 借款 来 累 钱 不,公司 给 工作 员工 你 借款 来 累 钱 不,公司 给 工作 员工 1 借款 来 利息 钱 不,公司 给 工作 不好 是 借款 这 病 没有,公司 给 工作 员工 你 借款 累 钱 不
S003792_P0000_T00,我们 走 安全 不 老师 担心 每天 保护 送,我们 走 安全 不 老师 担心 每天 保护 送,我们 走 安全 不 老师 担心 每天 保护 送,我们 走 安全 不 老师 担心 每天 保护 送,我们 安全 不 要 担心 每天 保护 给,我们 走 安全 不 老师 担心 每天 保护 送
S003792_P0001_T00,我们 走 安全 不 老师 担心 每天 保护 送,我们 走 安全 不 老师 担心 每天 保护 送,我们 走 安全 不 老师 担心 每天 保护 送,我们 走 安全 不 老师 担心 每天 保护 送,我们 走 身体 不 老师 大 每天 保护 送,我们 走 安全 不 老师 担心 每天 保护 送
S003804_P0001_T00,以前 人 看 到 星星 他们 担心 会 爆炸,以前 人 看 天 他们 担心 会 爆炸,以前 人 看 他们 担心 会 爆炸,以前 人 看 他们 担心 会 爆炸,以前 人 看 字幕 我们 担心 会 爆炸,以前 人 看 他们 担心 会 爆炸
S003813_P0001_T00,利用 他 星星 来 导航,他 警察 来 导航,他 医生 来 导航,他 警察 来 导航,用 他 脸 导航,他 医生 来 导航
S003813_P0002_T00,利用 他 星星 来 导航,用 他 来 导航,用 他 来 导航,用 他 医生 来 导航,电脑 看 大家 可以 导航,用 他 医生 来 导航
S003821_P0001_T00,每 电 表 这 限制 人 5 登记,每 1 秒 这 人 多少 签名,每 周 秒 这 人 多 签名,每 周 秒 这 人 签名,每 这 支持 人 多 买,每 周 什么 这 人 登记
S003826_P0000_T00,登记 必须 写 表格,签名 必须 写 表格,签名 必须 写 表格,签名 必须 写 表格,签名 必须 写 表格,签名 必须 写 表格
S003826_P0001_T00,登记 必须 写 表格,报名 必须 写 表格,癌 必须 写 表格,癌 决定 写 表格,事情 必须 表格,癌 必须 表格
S003831_P0000_T00,早 定居 这 生活 人 苦 吃 东西 不,早 定居 这 生活 人 苦 东西 经常 吃 不,早 定居 这 生活 人 苦 东西 经常 吃 满足 不,早 定居 这 生活 人 苦 东西 经常 吃 满足 不,早 这 生活 人 聪明 东西 经常 不,早 定居 这 生活 人 苦 东西 经常 吃 满足 不
S003831_P0002_T00,早 定居 这 生活 人 苦 吃 东西 不,早 定 定居 生活 人 东西 经常 吃 满足 不,早 必须 定居 生活 人 东西 经常 吃 满足 不,早 必须 定居 生活 人 东西 经常 吃 满足 不,你 必须 每天 生活 人 东西 找 没有,早 必须 定居 生活 人 东西 经常 吃 满足 不
S003842_P0000_T00,堵车 这 时间 久 什么 方法 你 认为 方法 好,堵车 这 时间 长 远 什么 方法 你 认为 方法 好,堵车 这 时间 长 远 什么 方法 你 认为 方法 好,堵车 这 时间 长 远 什么 方法 你 认为 方法 好,堵车 时间 长 远 不 方法 认为 方法,堵车 这 时间 长 远 什么 方法 你 认为 方法 好
S003850_P0001_T00,请 保持 安静,一直 安静,一直 安静,一直 安静,一直 安静,一直 安静
S003860_P0000_T00,这 路 多 安静 人 呼吸 声音 听 可以,这 路 多 安静 人 呼吸 声音 听 可以,这 路 多 安静 人 呼吸 声音 听 可以,这 路 多 安静 人 呼吸 声音 听 可以,路 安静 人 吃 哥哥 不行,路 多 安静 人 呼吸 声音 听 可以
S003860_P0002_T00,这 路 多 安静 人 呼吸 声音 听 可以,这 路 多 安静 人 呼吸 声音 听 可以,这 路 多 安静 人 呼吸 声音 听 可以,这 路 多 安静 人 呼吸 声音 听 可以,这 河 看 人,冬天 这 路 1 安静 呼吸 声音 听 可以
S003880_P0002_T00,对不起 这 吃 不 饱 还 给 1,对不起 这 吃 不 饱 还 给 你,对不起 这 吃 不 饱 还 给 你,对不起 这 吃 不 饱 还 给 1,对不起 他 不 饱 不行 给 你,对不起 这 吃 不 饱 还 给 你
S003886_P0000_T00,年龄 到 他 孩子 必须 去 读书 接受 年 9 教,年龄 到 他 孩子 必须 去 读书 接受 年 1 教,年龄 到 他 孩子 必须 去 读书 毕业 接受 年 1 教,年龄 到 他 孩子 必须 去 读书 接受 年 1 教,年龄 你 孩子 必须 读书 接 接受 年 9 教,年龄 到 他 孩子 必须 去 读书 毕业 接受 年 1 教
S003886_P0002_T00,年龄 到 他 孩子 必须 去 读书 接受 年 9 教,年龄 到 他 孩子 必须 去 读书 接受 年 1 教,年龄 到 好了 他 孩子 必须 去 读书 接受 年 1 教,年龄 到 好了 他 孩子 必须 去 读书 接受 年 1 教,年龄 他 孩子 必须 读书 接受 决定 教,年龄 到 好了 他 孩子 必须 去 读书 接受 病 你 教
S003894_P0002_T00,红 灯 停止 绿 灯 走 人 人 必须 遵守,红 灯 停止 灯 走 人 决定 按照 遵守,红 灯 停止 灯 走 人 必须 按照 遵守,红 灯 停止 灯 走 人 必须 遵守,要 学 房子 茶叶 多 人 必须 遵守,红 灯 停止 灯 走 人 必须 按照 遵守
S003896_P0001_T00,我 今天 考试 没有 好 为什么 是 不够 复习 还是 不够 认真,我 今天 考试 没有 好 为什么 什么 是 不够 复习 还是 是 帮助,我 今天 考试 没有 好 为什么 什么 是 不够 复习 还是 是 帮助,我 今天 考试 没有 好 为什么 什么 是 不够 复习 还是 是 帮助,我 今天 考试 没有 为什么 不够 不是 吃 帮助,我 今天 考试 没有 好 为什么 什么 是 不够 复习 还是 是 帮助
S003896_P0002_T00,我 今天 考试 没有 好 为什么 是 不够 复习 还是 不够 认真,我 今天 考试 没有 好 是 不够 复习 还 不够 认真,我 今天 考试 没有 好 是 不够 复习 还 还是 不够 认真,我 今天 考试 没有 好 是 不够 复习 还 还是 认真,今天 考试 年 水果 不 不是 你 认真,我 今天 考试 没有 好 是 不够 复习 还 还是 不够 睡觉
S003903_P0000_T00,别 人 让 你 生气 你 是 自己 修 养 不够,别 人 让 你 生气 你 自己 养 不够,别 人 你 生气 你 自己 养 不够,别 人 给 你 生气 你 自己 养 不够,别 人 让 怀疑 你 自己 是 做 不,别 人 你 生气 你 自己 踢足球 不够
S003903_P0002_T00,别 人 让 你 生气 你 是 自己 修 养 不够,别 人 让 你 生气 你 自己 养 不,别 人 让 你 生气 你 自己 养 不,别 人 让 你 生气 你 自己 养 不,别 人 你 生气 你 水 不行,别 人 让 你 生气 你 自己 养 不够
S003907_P0000_T00,身体 高 差不多 1 米 8,身体 高 看 奇怪 多,身体 高 看,身体 高 看 奇怪,身体 看 翻脸,身体 高 蓝 感觉
S003907_P0001_T00,身体 高 差不多 1 米 8,身体 会 看法 蓝牙,身体 会 看法 蓝牙,身体 会 看法 蓝牙,身体 想 好吃,身体 会 看法 8
S003911_P0002_T00,楼 高 高 百 米 差不多,楼 高 米 差不多,楼 高 糖 差不多,楼 高 糖 差不多,楼 高 蓝牙,楼 高 米 差不多
S003913_P0001_T00,2 人 东西 看 差不多 但是 东西 质量 不同,2 人 东西 看 差不多 但是 东西 性 不是,2 人 东西 看 差不多 但是 东西 质量 不是,2 人 东西 看 差不多 但是 东西 质量 不是,2 东西 他 差不多 但是 东西 性 不同,2 人 东西 看 差不多 但是 东西 质量 不是
S003913_P0002_T00,2 人 东西 看 差不多 但是 东西 质量 不同,2 东西 发现 但是 东西 性 不同,2 东西 发现 但是 东西 质量 买,2 东西 发现 但是 东西 质量 买,好 东西 也 差不多 但是 东西 质量 超市,东西 发现 但是 东西 买
S003926_P0002_T00,他 坐 飞机 事故 差点 死 差点,他 在 飞机 事情 发生 3 忘记,他 在 飞机 事情 发生 忘记,他 在 飞机 事情 发生 来 忘记,他 在 事情 发生 新 记得,他 在 飞机 事情 发生 到 学
S003933_P0002_T00,晚上 他 经常 回忆 过去,晚上 他 经常 回忆 过去,晚上 他 经常 回忆 过去,晚上 他 经常 回忆 过去,晚上 他 回忆 过去,晚上 他 经常 回忆 过去
S003936_P0001_T00,休息 王 叔叔 经常 到 我 房子 聊天,休息 王 原来 到 我 房子 聊天,休息 王 原来 到 我 房子 聊天,休息 名字 到 我 房子 聊天,休息 名字 去 奶奶 我 房子,休息 王 经常 到 我 房子 聊天
S003936_P0002_T00,休息 王 叔叔 经常 到 我 房子 聊天,休息 王 原来 到 我 房子,休息 王 经常 到 我 房子,休息 王 经常 到 我 房子 队,难 王 这 我 房子 家具,完成 王 经常 我 房子 队
S003944_P0001_T00,处方 单 给 我 我 帮助 你 买 药,处方 单 给 我 帮助 你 买 药,处方 单 给 我 帮助 你 买 药,处方 单 给 我 帮助 你 买 药,处方 单 给 我 帮助 你 买 药,处方 单 给 我 帮助 你 买 药
S003947_P0000_T00,电子 处方 今天 医生 多 用 用,电子 处方 今天 医生 多 用,电子 处方 今天 医生 多 用,电子 处方 今天 医生 多 用,电 处方 今天 医生 用,电子 处方 今天 医生 多 用
S003947_P0001_T00,电子 处方 今天 医生 多 用 用,电子 处方 今天 医生 用,他 处方 今天 医生 用,电 处方 今天 医生 用,他 处方 今天 医生 用,电子 处方 今天 医生 多 用
S003950_P0000_T00,错误 没关系 要 快 改变,错误 没关系 要 快 改变,错误 没关系 要 快 改变,错误 没关系 要 快 改变,错误 没关系 比,错误 没关系 要 快 改变
S003961_P0000_T00,我 希望 你 后 还 一样 错误 不,我 希望 你 后 还 一样 错误 不,我 希望 你 后 还 一样 错误 不,我 希望 你 后 还 一样 错误 不,我 希望 你 还 一样 错误 不,我 希望 你 后 还 一样 错误 不
S003961_P0002_T00,我 希望 你 后 还 一样 错误 不,我 希望 你 后 还 错误 不,我 希望 你 后 还 错误 不,我 希望 你 后 还 错误 不,我 希望 你 后 没有 错误 不行,我 希望 你 后 还 错误 不
S003962_P0000_T00,这 错误 观点 全部 反对,这 错误 一起 反对,这 错误 一起 去,这 错误 一起 去,他 错误 你 什么 崇拜 什么,这 错误 一起 反对
S003976_P0001_T00,这 存折 密码 你 知道 不是 本 人 没关系 去 拿 可以,这 存折 像 知道 不是 今天 房子 人 没关系 拿 可以,这 存折 知道 不是 今天 房子 人 没关系 拿 可以,这 存折 知道 不是 今天 房子 人 没关系 拿 可以,这 存折 爸爸 知道 不是 房子 人 喜欢 药,这 存折 知道 不是 房子 人 没关系 拿 可以
S003976_P0002_T00,这 存折 密码 你 知道 不是 本 人 没关系 去 拿 可以,这 存折 还 你 知道 不同 不是 人 如果 去 拿 可以,这 存折 没有 你 知道 不是 买 人 去 拿 可以,这 存折 没有 你 知道 不是 买 人 去 拿 可以,这 存折 没有 你 不是 买 人 害怕 拿,这 存折 是 又 你 知道 不是 买 人 去 拿 可以
S003985_P0000_T00,你 要 准备 好 最 坏 打算,你 要 准备 最 坏 打算,你 要 准备 最 坏 打算,你 要 准备 最 坏 打算,你 要 准备 时间 什么 打算,你 要 准备 最 坏 打算
S003985_P0002_T00,你 要 准备 好 最 坏 打算,这 要 准备 最 不行 打算,这 要 准备 最 打算,这 要 准备 最 不行 打算,这 要 准备 最 好 数,这 要 准备 最 打算
S003987_P0001_T00,明天 他 生日 你 打算 给 他 什么 东西,明天 生日 打算 给 他 什么 东西,明天 生日 打算 给 他 什么 东西,明天 生日 打算 给 他 什么 东西,明天 生日 打算 怎么 什么 东西,明天 生日 打算 给 什么 东西
S003997_P0000_T00,我 爸爸 以前 考 大学 差点 进,爸爸 过去 考试 大学 差点 在,爸爸 过去 考试 大学 差点 摔倒,爸爸 过去 考试 大学 差点 摔倒,早 哥哥 买 大学 想 严重,爸爸 过去 考试 差点 摔倒
S003997_P0002_T00,我 爸爸 以前 考 大学 差点 进,爸爸 刚才 考试 大学,爸爸 刚才 以前 进 大学,爸爸 刚才 以前 进 大学 差点 印象 进,爸爸 是 经常 进 大学 会 印象,爸爸 刚才 以前
S003998_P0000_T00,他 著名 大学 毕业,他 著名 大学 毕业,他 著名 大学 毕业,他 著名 大学 毕业,他 著名 大学 毕业,他 著名 大学 毕业
S004009_P0001_T00,我 看 有 人 救 成功 担架,我 看 有 人 成功 担架,我 看 有 人 救 成功 担架,我 看 有 人 救 成功,我 看 有 人 股票 成功,我 看 有 人 正确 成功 担架
S004018_P0000_T00,生活 锻炼 他 孩子 变 成熟,生活 锻炼 他 孩子 变 成熟,生活 他 孩子 变 成熟,生活 他 孩子 修 成熟,生活 他 孩子 变 成熟,生活 他 孩子 变 成熟
S004029_P0001_T00,青春 期 是 身体 成熟 时间 期,年轻 青春 是 我们 成熟 时间 期,年轻 青春 你 安全 成熟 时间 期,年轻 青春 你 安全 成熟 时间 期,青春 安全 成熟 改变 期,年轻 青春 你 身体 成熟 时间 期
S004029_P0002_T00,青春 期 是 身体 成熟 时间 期,青春 期 成熟 时间 期,青春 期 成熟 时间 期,青春 期 成熟 时间 期,青春 期 成熟 最 期,青春 期 身体 成熟 时间 期
S004032_P0001_T00,重点 老师 重复 说,重要 老师 重复 说,重要 老师 重复 说,重要 老师 重复 说,考试 要 重复 多,重要 老师 重复 说
S004036_P0001_T00,问题 我 重复 他 懂,这 我 重复 感觉 懂,这 我 重复 感觉 懂,这 我 重复 感觉 懂,这 我 重复 感觉 懂,课 我 重复 感觉 懂
S004036_P0002_T00,问题 我 重复 他 懂,问题 我 重复 你 懂,问题 我 重复 你 懂,问题 我 重复 你 懂,明天 我 车 懂,问题 我 重复 肯定 你 懂
S004037_P0000_T00,看 我 不相信 我 还 重复,我 不相信 我 还 重复,我 不相信 我 还 重复,我 不相信 我 还 重复,我 微信 我 重复,我 还 重复
S004037_P0002_T00,看 我 不相信 我 还 重复,我 不相信 我 重复,我 不相信 我 不喜欢 重复,我 不相信 我 不喜欢 重复,我们 搬 我 不喜欢 重复,我 还 重复
S004040_P0002_T00,想 写 好 文章 用 词语 最 好 重复 不,想 写 好 文章 用 最 好 重复 不,想 写 文章 用 最 好 重复 不,想 写 好 文章 用 最 好 重复 不,想 写 文章 用 最 重复 不行,想 写 论文 用 最 好 重复 不
S004043_P0000_T00,有 能力 人 重复 会 找 有趣 生活,有 能力 人 重复 会 找 有趣 生活,有 人 重复 会 找 有趣 生活,有 可以 人 重复 会 找 有趣 生活,哥哥 人 重复 会 生活,有 人 建造 会 找 有趣 生活
S004043_P0001_T00,有 能力 人 重复 会 找 有趣 生活,有 把 人 重复 会 找 有趣 生活,有 人 会 找 生活,有 人 重复 会 找 有趣 生活,我 人 重复 会 生活,有 人 会 找 生活
S004044_P0001_T00,他 把 自己 装 聪明,他 把 自己 打扮 聪明,他 把 自己 打扮 聪明,他 把 自己 打扮 聪明,他 把 自己 打扮 美丽,他 把 自己 打扮 聪明
S004052_P0000_T00,他们 好 好 好 他 聪明 老实 好,他 称赞 他 聪明,他 称赞 他 聪明,他 称赞 他 聪明,他 历史 聪明,他 聪明
S004053_P0000_T00,多 人 聪明 股票 失败,多 人 聪明 股票 失败,多 人 聪明 股票 失败,多 人 聪明 股票 失败,多 人 聪明 股票 失败,多 人 聪明 股票 失败
S004053_P0001_T00,多 人 聪明 股票 失败,有 人 聪明 股票,有 人 聪明 股票 不好,有 人 聪明 股票 不好,多 人 聪明 不好,有 人 聪明 股票 不好
S004060_P0000_T00,他们 对 他 大概 礼貌,你们 对 这 大概 礼貌,你们 对 这 大概 礼貌,你们 对 这 大概 礼貌,你们 对 是 大概 礼貌,你们 对 大概 礼貌
S004060_P0002_T00,他们 对 他 大概 礼貌,他们 你们 对 大概 礼貌,他们 你们 对 他 大概 礼貌,他们 你们 对 他 大概 礼貌,爸爸 每 对 他 大概 礼貌,他们 对 他 客气
S004062_P0001_T00,我 大概 1 个月 下 还 来,我 大概 1 下 还 来,我 大概 1 下 还 来,我 大概 1 下 还 来,我 大概 1 借款 拿,我 大概 1 下 还 来
S004062_P0002_T00,我 大概 1 个月 下 还 来,我 大概 1 个月 每 下 还 来,我 大概 1 月 下 还 来,我 大概 1 月 每 下 还 来,我 特别 月,我 大概 月 多 下 还 来
S004079_P0002_T00,知道 他们 骗 我 但是 我 原谅,知道 他们 骗 我 但是 我 害怕,知道 他们 骗 我 但是 我 害怕,知道 他们 骗 我 但是 我 害怕,要 但是 局部,昨天 他们 但是 我 害怕
S004089_P0000_T00,我 当面 这 说谎,当面 你 说,当面 说,当面 说,当面 说 我,当面 说 说谎
S004091_P0000_T00,我 要 自己 当面 感谢 这 好 心 人,老师 自己 当面 感谢 他 好 人,我 自己 当面 感谢 这 好 人,老师 自己 当面 感谢 这 好 人,服务 自己 因为 这 人,我 自己 当面 好 他 好 人
S004091_P0002_T00,我 要 自己 当面 感谢 这 好 心 人,我 自己 当面 感谢 好 心 人,我 自己 当面 感谢 好 心 人,我 自己 当面 感谢 好 心 人,我 自己 好 人,我 自己 当面 感谢 好 心 人
S004097_P0000_T00,有 话 当面 最 好 背后 不,说 来往 最 好 不,说 来往 最 好 不,说 来往 最 好 不,说 相处 最 追 不,说 追求 最 好 在 不
S004098_P0000_T00,今天 出门 手机 忘记 倒霉,今天 去 手机 忘记 倒霉,今天 我们 手机 忘记 倒霉,今天 去 手机 忘记 倒霉,我们 手机 忘记 倒霉,今天 手机 忘记 倒霉
S004098_P0002_T00,今天 出门 手机 忘记 倒霉,要 去 忘记,要 去 忘记,要 去 手机 忘记,老师 我们 努力 忘记,要 去 忘记
S004099_P0000_T00,我 最近 倒霉,我 最近 倒霉,我 最近 倒霉,我 最近 倒霉,我 倒霉,我 最近 倒霉
S004103_P0001_T00,倒霉 快 破 记录,倒霉 快 破坏 纪律,倒霉 快 破 纪律,倒霉 快 破 纪律,倒霉 快 破 纪律,倒霉 快 破坏 纪律
S004133_P0001_T00,除了 手语 和 聋 人 交流 还有 可以 用 身体 交流,除了 手语 和 聋 交流 可以 身体 交流,除了 和 聋 交流 可以 身体 交流,除了 手语 和 聋 交流 还 可以 身体 交流,除了 和 交流 2 还是 走 大家 交流,除了 和 聋 交流 可以 身体 交流
S004133_P0002_T00,除了 手语 和 聋 人 交流 还有 可以 用 身体 交流,手 手语 和 聋 交流 还 可以 我 身体 交流,除了 手语 和 坏 交流 还 可以 我 身体 交流,除了 手语 和 坏 交流 还 可以 我 身体 交流,除了 手语 和 交流 还有 后 我 大家 交流,除了 系统 和 坏 交流 还 可以 我 身体
S004139_P0001_T00,不 吃饭 自然 会 饿,不 吃 自然 会 饿,不 吃 自然 会 饿,不 吃 自然 会 饿,不 吃饭 自然 会,不 吃 自然 会 饿
S004139_P0002_T00,不 吃饭 自然 会 饿,不 吃 自然 会,不 吃 自然 会,不 吃 自然 会,不 吃饭 自然 会,不 吃 自然 会
S004149_P0000_T00,根据 你 条件 可以 申请 经济 房子,根据 你 题目 可以 申请 经济 房子,根据 你 题目 可以 申请 经济 房子,根据 你 题目 可以 申请 经济 房子,根据 这 题目 是 申请 包 房子,根据 你 题目 可以 申请 养 房子
S004159_P0001_T00,妹妹 多 贪 吃 还 抱怨 自己 胖,妹妹 多 抱怨 自己 成功,妹妹 多 吃 抱怨 自己 胖,妹妹 多 抱怨 自己 胖,妹妹 喜欢 吃 抱怨 胖,妹妹 多 抱怨 自己
S004161_P0000_T00,朋友 抱怨 他 妈妈 唠叨,朋友 抱怨 他 妈妈 说,朋友 抱怨 他 说,朋友 抱怨 他 说,朋友 抱怨 自己 说,朋友 抱怨 他 吃不消
S004161_P0002_T00,朋友 抱怨 他 妈妈 唠叨,朋友 抱怨 他 妈妈 说,朋友 抱怨 他 妈妈 说,朋友 抱怨 他 妈妈 说,朋友 他 中国,朋友 抱怨 他 妈妈 说
S004172_P0000_T00,1 点 水 我 联想 到 大 海 大,1 点 水 我 想 联想 到 海,1 点 水 我 感觉 联想 到 海,1 点 水 我 感觉 联想 到 海 飞,你 点 没有 我 感觉 联想 到 海 飞,1 名字 水 我 感觉 联想 到 海 大
S004175_P0000_T00,我 对 未来 发展 事情 联想 到 多,我 对 未来 发展 事情 联想 到 多,我 对 未来 发展 事情 联想 到 多,我 对 未来 发展 事情 联想 到 多,我 对 未来 发展 事情 联想 改变,我 对 未来 发展 事情 联想 到 多
S004175_P0002_T00,我 对 未来 发展 事情 联想 到 多,我 对 未来 发展 事情 联想 到 多,我 对 未来 发展 事情 联想 到 多,我 对 未来 发展 事情 联想 到 多,我 质量 发展 事情 联想 到,我 对 未来 发展 事情 联想 到 多
S004176_P0001_T00,有 电脑 牌子 叫 联想,有 电脑 节省 叫 想,有 电脑 节省 叫 联想 想,有 电脑 节省 叫 联想 想,我 电脑 节省 喜欢 联想 不懂,有 地方 叫 受伤 想
S004178_P0001_T00,可爱 孩子 娃娃 让 人 喜欢,可爱 大家 娃娃 让 人 喜欢,可爱 孩子 娃娃 让 人 喜欢,可爱 孩子 娃娃 让 人 喜欢,可爱 你们 娃娃 女 人 喜欢,可爱 你们 娃娃 让 喜欢
S004191_P0000_T00,生活 好 活 好 是 福气 要 珍惜,生活 好 活动 好 是 福气 要 珍惜,生活 好 活动 好 是 福气 要 珍惜,生活 好 活动 好 是 福气 要 珍惜,生活 好 行为 不好 是 福气 早 要 珍惜,生活 好 活动 好 是 福气 要 珍惜
S004191_P0002_T00,生活 好 活 好 是 福气 要 珍惜,生活 好 活动 好 是 福气 要 珍惜,生活 好 活动 好 是 福气 要 珍惜,生活 好 活动 好 是 福气 要 珍惜,生活 好 运动 不行 福气 中国 珍惜,生活 好 活动 好 是 福气 要 珍惜
S004194_P0001_T00,脸 美丽 是 运气 脸 不 美丽 是 福气,美丽 是 美丽 脸 不 美丽 是 幸福,脸 美丽 是 美丽 脸 不 是 幸福,脸 美丽 是 美丽 脸 不 美丽 是 幸福,脸 发现 幸福,脸 美丽 是 美丽 脸 不 是 幸福
S004197_P0000_T00,没 福气 人 好 吃 没有 理想 人 好 睡觉,没有 福气 人 好 吃 没有 想 人 睡觉,没有 福气 年轻 人 好 吃 没有 理想 人 睡觉,没有 福气 人 好 吃 没有 1 理想 人 睡觉,年轻 人 吃 明 理想 人 睡觉,我 人 吃 没有 理想 人 睡觉
S004204_P0003_T00,驾驶 看 前 车 要 注意 驾驶,驾驶 看 你 车 要 注意 驾驶,驾驶 看 车 要 注意 驾驶,驾驶 看 汽车 要 注意 驾驶,司机 看 车 要 注意 健康,驾驶 看 前 要 注意 驾驶
S004216_P0000_T00,你们 喜欢 看 弹幕,你们 喜欢 看 弹幕,你们 喜欢 看 弹幕,你们 喜欢 看 弹幕,自己 爸爸 弹幕,你们 喜欢 看 弹幕
S004228_P0000_T00,今天 我 生病 领导 亲切 关心 我 问 我 好 不好,今天 我 生病 领导 关心 我 问 我 不好,今天 我 生病 领导 关心 我 问 我 不好,今天 我 生病 领导 关心 我 问 我 不好,今天 生病 关心 我 问 我 告诉,今天 我 生病 领导 关心 我 问 我 不好
S004228_P0007_T00,今天 我 生病 领导 亲切 关心 我 问 我 好 不好,今天 我 生病 领导 关心 我 问 死 不好,今天 我 生病 领导 亲切 关心 我 问,今天 我 生病 领导 亲切 关心 我 问 不好,今天 生病 会 文 勇敢 我 问,今天 我 生病 领导 亲切 关心 我 问
S004234_P0000_T00,班级 主 任务 王 老师 仔细 问 问 指导 教 亲切 好 让 我 记得 一直,班级 员工 王 老师 仔细 水 导致 教 好 让 我 记得,班级 员工 王 老师 仔细 水 导致 教 亲切 好 让 我 记得,班级 员工 王 老师 仔细 问 导致 教 亲切 好 让 我 记得,班级 员工 王 老师 仔细 是 前 教 亲切 让 我 骄傲,班级 员工 王 老师 仔细 问 因为 教 亲切 好 让 我 记得
S004235_P0003_T00,今天 晚上 主 人 热情 大 方 让 我们 感觉 像 去 房子 一样 亲切,今天 晚上 人 热情 大 我们 感觉 像 去 房子 一样 亲切,今天 晚上 主 人 热情 大 让 我们 感觉 去 房子 一样 亲切,今天 晚上 主 人 积极 让 我们 感觉 去 房子 一样 亲切,今天 晚上 聋 有 人 热情 让 我 感觉 我 房子 亲切,今天 晚上 主 人 热情 积极 大 方法 我们 感觉 去 房子 亲切
S004236_P0003_T00,课 时间 老师 一直 温暖 眼睛 光 看 让 我们 感觉 亲切,课 时间 老师 一直 看 让 我们 感觉 亲切,课 时间 老师 一直 看 让 我们 感觉 亲切,课 时间 老师 一直 温暖 看 让 我们 感觉 亲切,这 时间 要 一直 估计 看 让 我们 感觉 亲切,课 时间 老师 一直 温暖 看 让 我们 感觉 亲切
S004236_P0007_T00,课 时间 老师 一直 温暖 眼睛 光 看 让 我们 感觉 亲切,男 课 时间 一直 急 眼睛 看 让 我 感觉 亲切,男 时间 要 一直 急 眼睛 看 让 我 感觉 亲切,男 时间 老师 一直 急 眼睛 看 让 我 感觉 亲切,课 时间 要 一直 温暖 美丽 让 我 感觉 亲切,男 时间 老师 一直 急 眼睛 看 让 我 感觉 亲切
S004237_P0003_T00,他 说 里 祝福 温暖 亲切,他 说 全部 是 热 要求 亲切,他 说 全部 是 温暖 要求 亲切,他 说 里 全部 是 温暖 祝福 亲切,他 说 全部 有 温暖 祝福 亲切,他 说 全部 是 温暖 要求 亲切
S004237_P0007_T00,他 说 里 祝福 温暖 亲切,你 说 要 要求 暖 亲切,你 说 要求 暖 亲切,他 说 要求 暖 亲切,他 说 要求 暖 亲切,你 说 要 要求 团 亲切
S004238_P0003_T00,笑 是 1 无 声音 亲切 语言 是 朋友 对 你 样子,笑 是 朋友 对 你 情况,微笑 是 朋友 对 你 情况,微笑 是 朋友 对 你 情况,是 朋友 对 情况,微笑 是 朋友 对 你 样子
S004242_P0003_T00,我 感觉 这 跳舞 项目 不 适合 我,我 想 跳舞 句子 不 合适 我,我 感觉 跳舞 句子 不 合适 要,我 感觉 跳舞 句子 不 合适 我,我 感觉 跳舞 卡 我 不 合适 要,我 感觉 跳舞 题目 不 合适 要
S004242_P0007_T00,我 感觉 这 跳舞 项目 不 适合 我,我 想 这 跳舞 不 合适 我,我 想 这 跳舞 题目 不 合适 我,我 想 这 跳舞 条件 不 合适 我,我 想 跳舞 题目 合适 我,我 想 你 跳舞 题目 不 适合 舒服
S004263_P0000_T00,人 成功 什么 来 知识 或者 天 赋 或者 努力 得到,成功 来 聪明 或者 赋 或 努力 得 到,人 成功 来 聪明 或者 赋 或者 努力 得 到,人 成功 来 聪明 或者 赋 或 努力 得 到,心 成功 不行 感冒 为 改变 部分 或者 不行 得,人 成功 来 为 赋 或者 努力
S004263_P0003_T00,人 成功 什么 来 知识 或者 天 赋 或者 努力 得到,人 成功 成熟 知识 天 赋 努力,人 成功 成熟 知识 天 赋 努力,人 成功 成熟 1 知识 天 赋 努力,人 成功 年 他 知识 天 赋 或者 像,人 成功 成熟 来 知识 天 赋 努力
S004264_P0003_T00,不管 你 生 自然 聪明 不 满足 不 不管 自己 天 赋 要 跟 天 赋 发展 你 会 变 成功,不管 你 生 自然 声音 不 满意 不 不管 赋 要 跟 感觉 发展 你 会 得,不管 你 生 自然 声音 不 满意 不 不管 天 赋 要 自己 跟 发展 你 会 得,不管 你 生 自然 声音 不 满意 不 不管 赋 要 自己 追 发展 你 会 得,不管 生 自然 发明 满意 不 不管 天 赋 要 自己 追 发展 你 会 买,不管 你 生 自然 声音 不 满意 不 不管 天 赋 要 跟 做 你 会 得
S004273_P0003_T00,事情 证明 好了 不同意 你 否认,事情 证明 好了 不同意 你 否认,事情 证明 好了 不同意 你 否认,事情 证明 好了 找 不同意 你 否认,事情 身份证 好了 自己 你 否认,事情 证明 好了 不同意 你 否认
S004273_P0007_T00,事情 证明 好了 不同意 你 否认,事情 证明 好了 你 否认,事情 证明 好了 否认,事情 证明 好了 你 否认,事情 好了 是 我 早 我,事情 证明 好了 否认
S004274_P0007_T00,事情 什么 证明 全部 根据 有 好了 他 又 否认 硬,事情 什么 证明 全部 准备 好了 他 否认 他 自己 做 不好,事情 什么 证明 全部 根据 好了 他 否认 他 自己 做 不好,事情 什么 证明 全部 准备 好了 他 否认 他 自己 做 不好,这 事情 可以 证明 全部 准备 好了 他 否认 他 去 工作 做 不好,事情 什么 证明 全部 根据 好了 他 否认 他 自己 做 不好
S004277_P0003_T00,今天 中国 国 民 富贵 强 连 敌人 不行 否认 这 1 点,今天 中 人 强 这 敌人 否认 不行,今天 中国 人 富贵 强 这 敌人 人 不行,今天 中国 人 富贵 强 这 敌人 否认 不行,今天 中国 每 人 富贵 强 这 敌人 人 看 怀疑,今天 中国 强 这 敌人 人 不行
S004284_P0003_T00,玩 高兴 园 惊吓 鬼 房子 里 鬼 连,兴奋 圈 房子 这 里 连,兴奋 圈 房子 这 里,兴奋 圈 房子 这 里 连,兴奋 大家 房子 里 生产 正常 联系,高兴 圈 房子 这 里 不会
S004284_P0007_T00,玩 高兴 园 惊吓 鬼 房子 里 鬼 连,快乐 高兴 圈 感动 房子 里 联系,快乐 高兴 圈 惊吓 房子 里 联系,快乐 高兴 环境 惊吓 房子 里 联系,快乐 好了 圈 惊吓 房子 联系,快乐 环境 房子 里 联系
S004305_P0000_T00,女 人 听 懂 不 冷场,女 人 听 懂 不 冷场,女 人 听 懂 不 冷场,女 人 听 懂 不 冷场,老 人 自己 感觉 一样 冷场,女 人 听 懂 不
S004305_P0008_T00,女 人 听 懂 不 冷场,女 人 听 想 不 冷场,女 人 听 想 不 冷场,女 人 听 懂 不 冷场,女 人 知道 不 冷场,女 人 听 想 不 冷场
S004311_P0000_T00,我 多 难 来往 所以 你 不 诱惑 我 生气 不,我 多 难 来往 所以 你 不 音乐 我 生气 不,我 多 难 来往 所以 你 不 音乐 我 生气 不,我 多 难 来往 所以 你 不 说 我 生气 不,我 天 思考 来往 你 感觉 我,我 多 难 来往 所以 你 不 吸引 我 生气 不
S004314_P0003_T00,朋友 之间 来往 方便 多,朋友 来往 方便 多,朋友 来往 方便 多,朋友 来往 方便 多,朋友 来往 不行 知道,朋友 来往 方便 多
S004314_P0008_T00,朋友 之间 来往 方便 多,朋友 来往 方便 多,朋友 来往 方便 多,朋友 来往 方便 多,朋友 来往 要 1,朋友 来往 方便 多
S004320_P0008_T00,学生 们 要 团结 友谊 来往 好,学生 们 团 友谊 来往 好,学生 们 要 团 友谊 来往 好,学生 们 到 团 友谊 来往 好,学生 们 身体 要 团 来往 好,学生 们 要 团 友谊 来往 好
S004324_P0000_T00,学校 不是 缩 逃 地方 学校 是 出 出 人 才 地方,学校 在 摸鱼 地方 发生 人 才,学校 在 摸鱼 地方 发生 人 才,学校 在 摸鱼 地方 发生 人 才,学校 在 表 地方 包括 人 像,学校 摸鱼 地方 发生 人 才
S004324_P0008_T00,学校 不是 缩 逃 地方 学校 是 出 出 人 才 地方,学校 不是 摸鱼 地方 是 发生 人 才,学校 不是 摸鱼 地方 是 发生 人 才,学校 不同 摸鱼 地方 是 发生 人 才,学校 复习 发生 人,学校 不是 摸鱼 地方 是 发生 人 想
S004338_P0008_T00,你 偶 像 是 谁,你 偶 像 是 谁,你 偶 像 是 谁,你 偶 像 是 谁,他 偶 像 谁,你 偶 像 是 谁
S004343_P0000_T00,我 偶 像 是 谁 你 猜 猜 猜,我 偶 像 看 谁 你 欺负,我 偶 像 看 谁 你 欺负,我 偶 像 看 谁 你 欺负,我 人 呼吸 封面,我 偶 像 是 谁 你 手表
S004343_P0003_T00,我 偶 像 是 谁 你 猜 猜 猜,我 偶 像 是 谁 你 欺负 插,我 偶 像 是 谁 你 欺负,我 偶 像 是 谁 你 欺负 插,我 偶 像 看 电影,我 偶 像 是 谁 你
S004350_P0008_T00,为 这 我 多 崇拜 他,为 这 我 多 崇拜 他,为 这 我 多 崇拜 他,为 这 我 多 崇拜 他,为 这 我 要 崇拜 他,为 这 我 多 崇拜 他
S004366_P0003_T00,我 可以 吃 不 代表 我 是 吃 货 可以 说 我 好 养,我 可以 吃 不 代替 我 是 吃 货 可以 说 我,我 可以 吃 不 代表 我 是 吃 货 可以 说 我 养,我 可以 吃 不 代表 我 是 吃 货 可以 说 我 养,我 吃 代表 我 吃 货 要 我 理解,我 可以 吃 不 代表 我 是 吃 货 可以 说 我 养
S004372_P0000_T00,嫌弃 干 什么 他 有 这 本领 好,嫌弃 干 什么 他 有 本领 好,嫌弃 干 什么 他 有 本领 好,嫌弃 干 什么 他 有 本领 好,电脑 干 快 他 本领,嫌弃 干 什么 他 有 本领 好
S004372_P0003_T00,嫌弃 干 什么 他 有 这 本领 好,我 嫌弃 干 什么 他 有 本领 好,我 嫌弃 干 什么 他 有 本领 好,我 嫌弃 干 什么 他 有 本领 好,我 嫌弃 干 孩子 钥匙 本领 好,我 嫌弃 干 什么 他 有 本领 得 好
S004386_P0003_T00,多 嫌弃 你 我们 分手,多 嫌弃 这 我们 赚,多 嫌弃 这 我们 赚,多 嫌弃 这 我们 赚,你 嫌弃 你 我们 强,多 嫌弃 这 我们 方法
S004389_P0003_T00,心 如果 可以 装 不 满 和 委屈 什么 还 有 什么 痛 和 伤 害,心 不 流 不够 和 委屈 还 什么 谁 痛 和 伤害,心 不 流 不够 和 委屈 还 什么 谁 痛 和 伤害,心 不 流 不够 和 委屈 还 什么 谁 痛 和 伤害,担心 爸爸 饭店 没有 和 怀疑 还 什么 谁 有 和 参加,心 不 不够 和 委屈 还 什么 谁 痛 和 伤害
S004389_P0008_T00,心 如果 可以 装 不 满 和 委屈 什么 还 有 什么 痛 和 伤 害,心 如果 可以 种 不够 和 委屈 还 什么 谁 痛 和 欺负,心 如果 可以 种 不够 和 委屈 还 什么 谁 痛 和 欺负,心 如果 可以 插 不够 和 委屈 还 什么 谁 痛 和 欺负,心 爸爸 妈妈 可以 微信 我 不 和 委屈 还 1 美丽 和 伤害,心 如果 可以 报名 不够 和 委屈 还 什么 谁 痛 和 伤害
S004399_P0008_T00,忘记 恨 人 肯定 忘记 谢谢 记得 谢谢 人 肯定 会 记仇,忘记 人 肯定 会 忘记 好 记得 好 肯定 会 记仇,晚上 人 肯定 会 忘记 好 记得 好 肯定 会 记仇,忘记 人 肯定 会 忘记 好 记得 好 肯定 会 记仇,晚上 人 肯定 会 晚上 到 记得 这 应该 会 记仇,晚上 人 肯定 会 忘记 好 记得 肯定 会 记仇
S004413_P0000_T00,每 职业 全部 应该 尊重,职业 全部 应该 尊重,职业 全部 应该 尊重,职业 全部 应该 尊重,职业 全部 应该 尊重,他 职业 全部 应该 尊重
S004414_P0000_T00,他 对 碰 人 人 全部 多 尊重,他 对 碰 人 全部 多 尊重,他 对 碰 人 全部 多 尊重,他 对 碰 人 全部 多 尊重,他 对 碰 人 全部 多 尊重,他 对 碰 人 全部 多 尊重
S004414_P0008_T00,他 对 碰 人 人 全部 多 尊重,他 对 碰 人 全部 多 尊重,他 对 碰 人 全部 多 尊重,他 对 碰 人 全部 多 尊重,他 对 碰 尊重 人 全部 可以 尊重,他 对 碰 旅游 人 全部 多 尊重
S004419_P0003_T00,要 尊重 客 看 规律,要 尊重 客 看 纪律,要 尊重 让 看 纪律,要 尊重 客 看 纪律,老师 让 道理,要 尊重 让 看 修 纪律
S004419_P0008_T00,要 尊重 客 看 规律,要 尊重 客 找,要 尊重 让 找,要 尊重 客 找,要 尊重 让 找,要 尊重 客 找
S004442_P0008_T00,他 第一 次 作弊 紧张 结果 被 老师 发现,他 第一 次 作弊 紧张 结果 员工 老师 同意,他 先 次 作弊 紧张 结果 被 老师 发现,他 第一 次 作弊 紧张 结果 被 老师 方便,他 因为 有 作弊 紧张 结果 妈妈 要 福气,他 先 次 作弊 紧张 工 结果 被 老师 发现
S004449_P0003_T00,他 做 品 里 付出 他 血,他 做 品 里 付出 血,他 做 品 里 付出 血,他 做 品 里 付出 血,他 做 品 里 付出 存折,他 做 品 里 付出 饱
S004450_P0000_T00,你 做 品 缺少 创 新 不够 感动 人,你 做 品 缺少 创 新 不够 感动 人,你 做 品 缺少 创 新 不够 感动 人,你 做 品 缺少 创 新 不够 感动 人,做 品 缺少 多 他们 感动 人,你 做 品 缺少 新 不够 感动 人
S004450_P0008_T00,你 做 品 缺少 创 新 不够 感动 人,你 做 品 缺少 进 新 不够 人,你 做 品 缺少 创 新 不够 人,你 做 品 缺少 创 新 不够 我 人,你 做 品 缺少 想 新 人,你 做 品 缺少 创 新 不够 精彩 人
S004452_P0003_T00,他 做 品 多 但是 精 品 少,他 做 品 多 但是 好 做 菜,他 做 品 多 但是 好 品 小,他 做 品 多 但是 好 品 小,他 做 品 多 但是 他 品 到,他 做 品 多 但是 好 品 少
S004459_P0003_T00,他 参加 书 房子 热 活动,他 班级 书 房子 热 活动,他 参加 书 房子 热 活动,他 参加 书 房子 热 活动,他 接触 书 房子 领导 活动,他 班级 书 房子 热 活动
S004459_P0008_T00,他 参加 书 房子 热 活动,他 参加 书 房子 热 活动,他 参加 书 房子 热 活动,他 参加 书 房子 热 活动,他 房子 书 房子 学,他 参加 书 房子 热 活动
S004465_P0003_T00,这 多少 公 司 全部 合作 1 大 组,这 公司 全部 组 1 组,这 公司 全部 合作 1 组,这 公司 全部 合作 1 组,他 公司 全部 合作 会 组,这 公司 全部 合作 组
S004465_P0008_T00,这 多少 公 司 全部 合作 1 大 组,这 多少 公司 全部 合作 1 大 组,这 多少 公司 全部 合作 1 大 组,这 多少 公司 全部 合作 1 大 组,这 多 公司 全部 合作 是 大 组,这 多少 公司 全部 合作 1 大 组
S004478_P0008_T00,1 个 人 知识 有 多 方面 组,1 人 聪明 有 多 方面 组,1 人 知识 有 多 方面 组,1 人 不会 有 多 方面 组,这 人 想 有 多 方 身份证 组,1 人 知识 有 多 方面 组
S004490_P0000_T00,因为 他 坚持 爸爸 妈妈 始终 放弃 阻拦,因为 他 一直 爸爸 妈妈 彻底 最后 顺利 阻拦,因为 他 一直 爸爸 妈妈 彻底 放弃 阻拦,因为 他 一直 爸爸 妈妈 彻底 最后 放弃 阻拦,因为 他 一直 爸爸 妈妈 彻底 放弃 重,因为 他 坚持 一直 爸爸 妈妈 彻底 最后 放弃 阻拦
S004490_P0003_T00,因为 他 坚持 爸爸 妈妈 始终 放弃 阻拦,因为 他 坚持 爸爸 妈妈 始终 放弃 阻拦,因为 他 坚持 一直 爸爸 妈妈 始终 放弃 阻拦,因为 他 坚持 爸爸 妈妈 终于 放弃 阻拦,因为 他 一直 爸爸 妈妈 始终 放弃 阻拦,因为 他 坚持 爸爸 妈妈 最后 放弃 阻拦
S004491_P0000_T00,人 各种 有 想 你 不 阻拦 他 创 业,人 各种 有 知道 你 不 阻拦 他 创 创业,人 各种 有 知道 你 不 阻拦 他 创,人 各种 有 知道 你 不 阻拦 他 创 创业,人 各种 多 难 你 不 年 美国,人 各种 有 想 你 不 阻拦 他 创
S004504_P0000_T00,他 对 自己 前 说 进 总结,他 对 自己 前 说 出 总结,他 对 自己 前 说 出 总结,他 对 自己 以前 说 进 总结,他 对 这 说 在 总结,他 对 自己 以前 说 出 总结
S004504_P0008_T00,他 对 自己 前 说 进 总结,他 对 自己 过去 说 出 总结,他 对 自己 以前 说 出 总结,他 对 自己 以前 说 进 总结,他 对 自己 以前 说 各 总结,他 对 自己 以前 说 出 总结
S004513_P0000_T00,我 去 日本 旅游 租 1 自行车,日本 旅游 看 1 自行车,日本 旅游 你 自行车,日本 旅游 看 1 自行车,日本 旅游 你 1 犹豫,这 日本 旅游 是 你
S004514_P0003_T00,到 外国 旅游 要 租 1 自由 无线 方便,到 外国 旅游 要 随便 仔细 方便,到 外国 旅游 要 随便 仔细 方便,到 外国 旅游 要 随便 仔细 方便,他 外国 旅游 要 各种 随便 仔细 方便,到 外国 旅游 要 随便 仔细 方便
S004514_P0008_T00,到 外国 旅游 要 租 1 自由 无线 方便,到 外国 旅游 要 租 随便 方便,到 外国 旅游 要 租 随便 方便,到 外国 旅游 要 租 随便 方便,旅游 要 租 随便 方便,到 外国 旅游 要 借 随便 方便
S004517_P0003_T00,这 租 金 高 所以 租 不行,这 房子 租 高 所以 看 不行,这 房子 租 高 所以 看 不行,这 房子 租 金 高 所以 看 不行,这 房子 租 高 但是 你 找 不行,你 房子 租 高 所以 看 不行
S004522_P0000_T00,他 英语 水 高 看 电影 不 看 字幕,他 英语 水平 高 看 电影 我 看 字幕,他 英语 水平 高 看 电影 我 看 字幕,他 英语 水平 高 看 电影 我 看 字幕,他 英语 流行 水平 高 看 电影 不 看 字幕,他 英语 水平 高 看 电影 外 看 字幕
S004522_P0008_T00,他 英语 水 高 看 电影 不 看 字幕,他 硬 等 水平 看 电影 看 字幕 不用,他 硬 等 水平 高 看 电影 看 字幕 不用,他 严格 等 水平 高 看 电影 看 字幕 不用,他 多 等 水平 高 到 电影 看 字幕 去,他 等 高 看 电影 看 字幕 不用
S004525_P0000_T00,网 上 有 多 外国 翻译 视频 字幕 组,网 上 有 多 外国 变 视频 字幕 组,网 上 有 多 外国 翻脸 视频 字幕 组,网 上 有 多 外国 翻脸 视频 字幕 组,网 有 多 高 外国 像 新加坡 视频 你 组,网 上 有 音乐 外国 翻脸 视频 字 组
S004549_P0000_T00,他 自己 照片 和 他 本 人 脸 不 像,他 自己 拍照 和 他 人 脸 像,他 自己 拍照 和 他 本 人 脸 像,他 自己 拍照 和 他 证明 人 脸 像,他 自己 照片 和 他 本 人 脸 没有,他 自己 拍 和 他 本 人 脸 像
S004549_P0008_T00,他 自己 照片 和 他 本 人 脸 不 像,他 自己 拍照 和 本 人 脸 像,他 自己 拍照 和 本 人 脸 像,他 自己 拍照 和 本 人 脸 不,他 自己 拍照 和 本 人 像,他 自己 拍照 和 本 人 脸 像
S004560_P0008_T00,他 用 自己 拍照 来 做 微信 头 像,他 用 自己 拍照 来 工作 微信 住 像,他 用 自己 拍照 来 做 微信 住 像,他 用 自己 拍照 来 做 微信 住 像,他 用 自己 拍照 来 做 微信 牛奶,他 用 自己 拍照 来 做 微信 像
S004571_P0000_T00,老师 为 有 这样子 学生 自己 骄傲,老师 为 有 情况 学生 自己 骄傲,老师 为 有 情况 学生 自己 骄傲,老师 为 有 情况 学生 自己 骄傲,可以 为 有 情况 学生 自己,老师 为 有 情况 学生 自己 骄傲
S004571_P0008_T00,老师 为 有 这样子 学生 自己 骄傲,老师 为 有 这样 学生 自己 骄傲,老师 为 有 情况 学生 自己 骄傲,老师 为 有 他 情况 学生 自己 骄傲,老师 为 你 情况 学生 有 骄傲,老师 为 有 他 情况 学生 自己 骄傲
S004573_P0000_T00,看 祖国 发展 我 民族 自己 骄傲,看 北京 发展 我 人 自己 骄傲,看 祖国 发展 我 人 自己 骄傲,看 祖国 发展 我 人 自己 骄傲,这 自己 努力 发展 我们 引起 自己 骄傲,看 祖国 发展 我 人 接受 自己 骄傲
S004577_P0003_T00,足球 爱好 对 中国 足球 成绩 感觉 自己 卑,足球 爱好 为 中 男 养 成绩 感觉 到 自己 卑,足球 爱好 为 中 男 养 成绩 感觉 自己 卑,足球 爱好 为 妈妈 男 养 成绩 感觉 到 自己 卑,爱好 为 中国 想 养 工作 感觉 自己 卑,足球 爱好 为 中 男 成绩 感觉 自己 卑
S004577_P0008_T00,足球 爱好 对 中国 足球 成绩 感觉 自己 卑,爱好 对 中国 踢足球 成绩 感觉 到 自己 卑,爱好 对 中国 男 踢足球 成绩 感觉 到 自己 卑,爱好 对 中国 男 踢足球 成绩 感觉 到 自己 卑,爱好 对 中国 想 踢足球 工作 感觉 自己 卑,爱好 对 中国 男 踢足球 成绩 感觉 自己 卑
S004587_P0000_T00,他 通过 努力 战斗 成功 自己 卑 精神,他 通过 自己 成功 自己 卑 精神,他 通过 自己 成功 自己 卑 精神,他 通过 自己 战 成功 自己 卑 精神,他 通过 自己 成功 自己 卑,他 通过 自己 成功 自己 卑 精神
S004587_P0003_T00,他 通过 努力 战斗 成功 自己 卑 精神,他 通过 努力 战争 成功 自己 情感 精神,他 通过 努力 战 成功 自己 精神,他 通过 努力 战争 成功 自己 卑 精神,他 通过 努力 战 成功 自己 热情,他 通过 努力 战 成功 自己 精神
S004603_P0003_T00,说 你 为 这 面 试 做 好了 什么 准备,说 你 为 这 面 做 好了 准备,说 你 为 这 面 做 什么 准备,说 你 为 这 面 做 好了 什么 准备,说 你 为 面 做 什么 吃 准备,说 你 为 这 面 试 做 好了 他 猜 准备
S004603_P0008_T00,说 你 为 这 面 试 做 好了 什么 准备,说 你 为 这 面 做 什么 好了 什么 准备,说 你 为 这 面 试 做 什么 好了 什么 准备,说 你 为 这 面 试 做 什么 好了 什么 准备,说 你 为 这 面 做 来 要 准备,说 你 为 这 面 试 做 什么 好了 什么 准备
S004605_P0008_T00,他 努力 追求 自己 喜欢 女,他 努力 追求 要求 自己 愿意 女,他 努力 追求 要求 自己 愿意 女,他 努力 追求 自己 愿意 女,他 去 追求 自己 喜欢 手机,他 努力 追求 要求 自己 愿意 女
S004633_P0003_T00,你 今天 健康 情况 多 好,你 今天 健康 情况 你 好,你 今天 健康 情况 你 好,你 今天 健康 驾驶 情况 你 好,你 今天 驾驶 情况 多 好,你 今天 健康 情况 你 好
S004636_P0003_T00,你 他 工作 小 卖 买 钱 不 多,你 他 工作 买 钱 少,你 他 工作 卖 钱 少,你 他 工作 买 买卖 钱 少,这 工作 在 卖 钱,你 他 工作 买卖 钱 少
S004636_P0008_T00,你 他 工作 小 卖 买 钱 不 多,这 他 工作 小 钱 少,这 他 工作 小 买卖 钱 少,这 他 工作 小 买卖 钱 少,这 他 工作 这 买卖 买 要 走,这 他 工作 小 买卖 钱 少
S004640_P0003_T00,我 赚 钱 不 多 足够,我 赚 钱 不 多 足够,我 赚 钱 不 多 足够,我 赚 钱 不 多 足够,我 赚 钱 不 多 不,我 赚 钱 不 多 足够
S004640_P0008_T00,我 赚 钱 不 多 足够,我 赚 钱 不 多 足够,我 赚 钱 不 多 足够,我 赚 钱 不 多 足够,我 赚 不 多 足够,我 赚 钱 不 多 足够
S004643_P0000_T00,上 月 我 公司 干净 赚 1 百 万,上 个月 我 公司 干净 1 他 万,上 个月 公司 干净 赚 他 万,上 个月 我 公司 干净 赚 他 万,这 月 公司 写 赚 方便,说 公司 干净 1 百 万
S004652_P0000_T00,大 公司 花 钱 多 万 买 人 力 管理 系统,大 公司 借款 钱 多少 1 万 买 人 力 管理 系统,大 公司 借款 钱 万 买 人 力 管理 系统,公司 文化 钱 1 万 买 人 力 管理 系统,公司 借款 钱 新 旧 买 人 管理 系统,大 公司 钱 万 买 人 力 管理 系统
S004652_P0008_T00,大 公司 花 钱 多 万 买 人 力 管理 系统,大 公司 小 原来 钱 多 万 买 人 力 管理 系统,大 公司 花 钱 多 万 买 人 力 管理 系统,大 公司 小 原来 钱 多 万 买 人 力 管理 系统,大 公司 借款 有 玩 买 人 完成 系统,大 公司 花 钱 多 万 买 人 力 管理 系统
S004664_P0000_T00,我 最 大 遗憾 是 没有 好 陪 爷爷,我 最 遗憾 是 没有 好 陪 瘦,我 最 遗憾 是 没有 好 陪 瘦,我 最 遗憾 是 没有 好 陪 瘦,我 最 遗憾 是 没有 陪 老师,我 最 遗憾 是 没有 好 陪 爷爷
S004671_P0003_T00,妈妈 说 人 生 总 有 1 点 遗憾 好 美丽,妈妈 说 人 人生 有 一些 遗憾 美丽,妈妈 说 人 人生 有 点 遗憾 多 美丽,妈妈 说 人 生 有 点 遗憾 多 美丽,妈妈 中国 人 生 有 多 遗憾 美丽,妈妈 说 人 人生 有 点 遗憾 多 美丽
S004677_P0000_T00,世界 上 没有 后悔 药,世界 上 没有 后悔 药,世界 上 没有 后悔 作弊,世界 上 没有 后悔 作弊,世界 你 不 后悔 作弊,世界 上 没有 后悔 做 作弊
S004677_P0008_T00,世界 上 没有 后悔 药,世界 1 没有 后悔 药 吃,世界 1 没有 后悔 药 吃,世界 1 没有 后悔 药 吃,世界 1 没有 后悔 药 吃,世界 上 没有 后悔 药 吃
S004681_P0003_T00,我 心 想 久 东西 突然 下 我 后悔 昨天 为什么 不 买,我 心 多 东西 突然 我 后悔 昨天 年 什么 不 买,我 心 东西 突然 我 后悔 昨天 年 不 买,我 心 东西 突然 我 后悔 昨天 年 不 买,我 心 东西 减 我 后悔 昨天 为什么 1 买,我 心 想 东西 突然 我 后悔 年 不 买
S004681_P0008_T00,我 心 想 久 东西 突然 下 我 后悔 昨天 为什么 不 买,我 心 想 多 东西 突然 我 后悔 昨天 为什么 不 买,我 心 想 多 东西 突然 减 我 后悔 昨天 为什么 不 买,我 心 想 多 东西 突然 我 后悔 昨天 为什么 不 买,我 心 想 东西 突然 减 我 后悔 过去 昨天 他 为什么 买,我 心 想 多 东西 突然 解决 我 后悔 昨天 为什么 不 买
S004686_P0008_T00,后悔 没用 想 怎么 增加 救,后悔 没用 想 没办法 增加 救,后悔 没用 想 今天 增加 救,后悔 没用 想 没办法 增加 救,后悔 没有 要 想 今天 增加 救,后悔 没用 想 打 增加 救
S004692_P0003_T00,我 道歉 我 不好 谁,我 喝 道歉 我 不好 默,我 喝 道歉 我 默,我 喝 道歉 我 不好 默,我 喝 道歉 我 嘲笑,我 喝 我 沉默 默
S004692_P0008_T00,我 道歉 我 不好 谁,我 道歉 我 不好 谁,我 道歉 我 不好 谁,我 道歉 我 不好 谁,我 道歉 我 沉默,我 道歉 我 不好 谁
S004699_P0000_T00,主动 道歉 不是 弱 是 勇敢,主动 道歉 不是 弱 是 勇敢,主动 道歉 不是 弱 是 勇敢,主动 道歉 不是 弱 是 勇敢,我 道歉 重要 要 勇敢,主动 道歉 不是 信 是 勇敢
S004699_P0008_T00,主动 道歉 不是 弱 是 勇敢,老师 主动 道歉 不是 弱 是 勇敢,老师 主动 道歉 不是 弱 是 勇敢,主 主动 道歉 不是 弱 是 勇敢,去 道歉 不是 是 英雄,老师 道歉 不同 弱 是 勇敢
S004701_P0003_T00,原来 不是 你 错误 为什么 要 跟 我 道歉,原来 不是 你 错误 为什么 要 我 道歉,原来 不是 你 错误 为什么 要 我 道歉,原来 不是 你 错误 为什么 要 我 道歉,多 不是 错误 年 他 追求 微信 道歉,原来 不是 你 错误 道理 要 我 道歉
S004711_P0000_T00,这 事物 全部 有 这 在 道理,这 事情 事物 全部 有 这 道理,这 事情 事物 全部 有 这 道理,这 事情 事物 全部 有 这 道理,这 事物 东西 全部 有 这 道理,这 事情 事物 全部 有 这 道理
S004711_P0007_T00,这 事物 全部 有 这 在 道理,这 事物 全部 有 道理,这 事物 全部 有 道理,这 事物 全部 有 道理,这 事物 全部 有 道理,这 事物 全部 有 道理
S004729_P0007_T00,我 手机 地铁 偷,我 手机 地铁 偷,我 手机 地铁 偷,我 手机 地铁 偷,我 手机 地铁 不行,我 手机 地铁 偷
S004743_P0000_T00,传统 地图 书 今天 电子 地图 慢 慢 趋势,历史 地图 书 今天 电 地图 慢,历史 地图 书 今天 电 地图 慢,历史 地图 书 今天 电子 地图 慢,历史 地图 书 今天 电 地图 看,传统 地图 书 今天 电 地图 慢
S004743_P0007_T00,传统 地图 书 今天 电子 地图 慢 慢 趋势,历史 地方 书 今天 电 地方 趋势,历史 地方 书 今天 电 地方 趋势,历史 地方 书 今天 电 地方 趋势,跳舞 书 今天 电 地方 趋势,历史 地方 书 今天 电 地方 趋势
S004752_P0003_T00,问 问 城市 地图 在 哪 买,问 城市 地方 在 什么 买,问 城市 地方 在 什么 买,问 城市 地方 在 什么 买,否认 城市 地方 年 他 买,问 城市 地图 在 什么 买
S004754_P0000_T00,封面 书 皮肤 质量 好,封面 书 皮肤 质量 好,封面 书 皮肤 质量 好,封面 书 皮肤 质量 好,封面 书 带 伞,封面 书 质量 好
S004754_P0007_T00,封面 书 皮肤 质量 好,封面 书 皮肤 质量 好,封面 书 皮肤 质量,封面 书 皮肤 质量 好,封面 书 设计 质量,封面 书 质量
S004755_P0007_T00,书 封面 内容 足够 多,书 封面 足够,书 封面 足够,书 封面 足够,书 封面 足够,书 封面 足够
S004769_P0007_T00,冬天 春天 感冒 引起 简单,冬天 春天 感冒 简单,冬天 春天 感冒 简单,冬天 春天 感冒 简单,冬天 春天 感冒 简单,冬天 春天 近 感冒 简单
S004776_P0000_T00,外国 留 学 不 1 定 人 生 1 选择 题目,外国 学 不 决定 人 人生 选择 1 项目,外国 学 不 必须 人 人生 选择 1 项目,外国 榜样 学 不 必须 人 人生 选择 1 项目,外国 榜样 学 必须 人 人生 选择 字,外国 学 不 必须 人生 生 选择 1 项目
S004798_P0003_T00,什么 多 日期 你 不 好 好 选择 选择 自己 喜欢 数 7,你 多 日期 你 不 好 选择 自己 愿意 打算 2,你 多 日期 你 不 好 选择 自己 愿意 打算 2,你 多 日期 你 不 好 选择 自己 愿意 打算 2,你 2 日期 什么 选择 喜欢 打算 课,你 多 事情 你 不 好 选择 自己 愿意 打算 2
S004798_P0007_T00,什么 多 日期 你 不 好 好 选择 选择 自己 喜欢 数 7,什么 多 日期 你 不 好 选择 自己 愿意 估计,什么 多 日期 你 不 好 选择 自己 愿意 打算,什么 多 日期 你 好 选择 自己 愿意 估计,这 多 日期 不好 没有 选择 我 自己 愿意 打算,什么 多 日期 你 不 好 选择 自己 愿意 打算
S004804_P0007_T00,这 签名 片子 做 丑 要 还 新 做,这 签名 片子 做 还 做,这 签名 片子 工作 丑 要 还 新 做,这 签名 片子 丑 要 还 新 做,这 签名 片子 做 要 做,这 签名 片子 工作 丑 还 新 做
S004808_P0000_T00,交流 交流 老板 2 老板 换 签名 片子,老板 2 老板 签名 片子,交流 老板 2 老板 换 签名 片子,交流 老板 2 老板 对 签名 片子,交流 好 老板 换 签名 片子,老板 2 老板 贵 签名 片子
S004808_P0007_T00,交流 交流 老板 2 老板 换 签名 片子,交流 2 老板 抱 签名 片子,交流 2 老板 抱 签名 片子,交流 2 老板 签名 片子,交流 安全 抱 签名 片子,交流 2 老板 签名 片子
S004839_P0000_T00,学 是 开 知识 大 门 钥匙,学 是 开 知识 关闭,学 是 开 知识 关闭 这,学 是 开 知识 关闭 这,学 是 开 美丽 关闭 自己,学 是 知识 关闭 这
S004839_P0003_T00,学 是 开 知识 大 门 钥匙,学 是 开 知识 大 门 钥匙,学 是 开 知识 门 钥匙,学 是 开 知识 大 门 钥匙,学 是 开 警察 关闭,学 是 开 知识 门 钥匙
S004849_P0000_T00,工 厂 因为 钱 缺少 失败,工 先 钱 缺少 失败,工 因为 钱 缺少 失败,工 因为 钱 缺少 失败,工 人 因为 钱 存 决定,工 人 工资 钱 缺少 失败
S004858_P0000_T00,你 房子 有 什么 一些 远 亲属,你 房子 有 什么 小 远 亲属,你 房子 有 什么 小 远 亲属,你 房子 有 什么 小 远 亲属,这 房子 有 什么 钱 远 亲属,你 房子 有 什么 小 远 亲属
S004878_P0007_T00,我 过敏 吃 过 没有 所以 过敏 是 什么 样子,我 过敏 喜欢 没有 所以 不知道 是 怎么样,我 过敏 喜欢 没有 所以 不知道 会 是 怎么样,我 过敏 没有 所以 不知道 过敏 是 样子,我 忘记 过敏 笑 没有 所以 参观 会 怎么样,我 过敏 喜欢 没有 所以 不知道 赋 是 怎么样
S004885_P0000_T00,动物 是 人 好 朋友 我们 应该 爱护 他们,动物 是 人 好 朋友 我们 应该 爱护 他们,动物 是 人 好 朋友 我们 应该 爱护 你们,动物 是 人 好 朋友 我们 应该 爱护 你们,动物 是 人 朋友 我 我们 应该 爱护 自己,动物 是 人 好 朋友 我们 应该 爱护 你们
S004885_P0003_T00,动物 是 人 好 朋友 我们 应该 爱护 他们,动物 是 人 好 朋友 我们 应该 爱护 他们,动物 是 人 好 朋友 我们 应该 爱护 你们,动物 是 人 好 朋友 我们 应该 爱护 你们,动物 是 人 朋友 我们 应该 爱护 你们,动物 是 人 好 朋友 我们 应该 爱护 你们
S004890_P0000_T00,如果 我们 不 爱护 地球 那 地球 会 惩罚 我们,中午 我们 不 爱护 世界 他 世界 会 我们,如果 我们 不 爱护 世界 他 世界 会 我们,如果 我们 不 爱护 世界 他 世界 会 贴 我们,妈妈 我们 不 爱护 世界 他 世界 会 得 负责,如果 我们 不 爱护 世界 他 世界 会 我们
S004907_P0003_T00,他 骄傲 态度 多 他们 接触 不喜欢,他 骄傲 样子 多 他们 接触 不喜欢,他 骄傲 情况 多 接触 不喜欢,他 骄傲 态度 多 不喜欢,他 骄傲 情况 好 他们 接触 不喜欢,这 骄傲 情况 多 接触 不喜欢
S004909_P0003_T00,对 身体 边 骄傲 礼貌 不懂 友谊 长 不行,对 身体 骄傲 礼貌 友谊 长 不行,对 身体 骄傲 礼貌 不会 友谊 长 不行,对 身体 骄傲 礼貌 不会 友谊 长 不行,对 这 骄傲 让 因为 长 不行,对 骄傲 礼貌 不会 友谊 长 不行
S004909_P0007_T00,对 身体 边 骄傲 礼貌 不懂 友谊 长 不行,对 身体 边 骄傲 礼貌 不会 友谊 长 不行,对 身体 边 骄傲 礼貌 不会 友谊 长 不行,对 身体 边 骄傲 礼貌 不会 友谊 长 不行,对 身体 边 骄傲 让 好 友谊 长 不行,对 身体 骄傲 礼貌 不会 友谊 长 不行
S004924_P0003_T00,商店 重要 是 白天 买卖,结婚 重要 是 白天 买卖,结婚 重要 是 白天 买卖,结婚 重要 是 白天 买卖,结婚 重要 是 白天 写,结婚 重要 是 白天 买卖
S004924_P0007_T00,商店 重要 是 白天 买卖,店 重要 是 白天 买卖,店 重要 是 白天 买卖,店 重要 是 白天 买卖,店 重要 这 白天 买卖,结婚 重要 是 白天 商店
S004936_P0007_T00,重复 思考 白天 事情,复习 天 白天 事情,复习 难 白天 事情,复习 天 白天 事情,考试 难 白天 事情,复习 不会 白天 事情
S004946_P0000_T00,班长 一般 会 带 动 班级 积极,班长 一般 会 带 活动 班级 温暖,班长 一般 会 带 活动 班级 温暖,班长 一般 会 带 活动 班级 温暖,班长 公平 晚上 带 行为 班级 温暖,班长 一般 会 带 活动 班级 温暖
S004946_P0003_T00,班长 一般 会 带 动 班级 积极,班长 一般 会 带 活动 班级 温暖,班长 一般 会 带 行为 班级 温暖,班长 一般 会 带 行为 班级 温暖,班长 一般 带 行为 班级 温暖,班长 一般 会 带 劳动 班级 暖
S004952_P0003_T00,班长 权力 有 但是 责任 必须,班长 有 但是 负责 肯定,班长 有 但是 负责 肯定,班长 有 但是 负责 肯定,班级 班长 有 但是 负责 决定,班长 有 但是 负责 肯定
S004959_P0007_T00,他 看 电影 我 在 网 查询 可以 下载,他 在 电影 我 在 网 检查 可以,他 在 电影 我 在 网 查询 可以,他 在 电影 我 在 网 检查 查询 可以,他 在 电影 我 在 网 查询 偶,他 在 电影 我 在 网 查询 检查 可以 一直
S004962_P0000_T00,他 用 APP 查询 自己 火车 多少,他 用 你 检查 自己 火车 多少,他 用 你 查询 自己 火车 多少,他 用 你 查询 自己 火车 多少,他 用 中国 查询 自己 火车,他 用 你 查询 自己 火车 多少
S004962_P0007_T00,他 用 APP 查询 自己 火车 多少,他 用 查询 自己 火车 多少,他 用 我们 查询 自己 火车 多少,他 用 APP 查询 自己 火车 多少,他 我们 查询 火车 1,他 用 APP 查询 自己 火车 多少
S004965_P0007_T00,老师 鼓励 同学 们 有 多 主动 查询 资料,老师 鼓励 学生 多 查询 资料,老师 鼓励 学生 多 查询 资料,老师 鼓励 学生 多 查询 资料,老师 学生 多 急 查询 资料,老师 鼓励 学生 多 查询 资料
S004977_P0000_T00,这 超市 这 要 任务 这 东西 比 别 超市 便宜,这 超市 宣布 指 比 超市 便宜,这 超市 宣布 这 比 超市 便宜,这 超市 宣布 这 比 超市 便宜,他 超市 宣布 他们 丢 超市,这 超市 宣布 这 比 超市 便宜
S004983_P0003_T00,超市 24 小时 超市 不同,超市 2 24 超市 2 不同,超市 24 小时 超市 2 不同,超市 24 小时 超市 2 不同,超市 山 小时 不是 不同,超市 树 超市 2 不同
S004988_P0000_T00,同学 缺点 我们 应该 帮助 不 嘲笑,同学 缺点 我们 应该 帮助 不 嘲笑,同学 缺点 我们 应该 帮助 不 嘲笑,同学 缺点 我们 应该 帮助 不 嘲笑,同学 优点 我们 应该 帮助 骄傲,同学 缺点 我们 应该 帮助 不 嘲笑
S004988_P0007_T00,同学 缺点 我们 应该 帮助 不 嘲笑,同学 缺点 什么 我们 应该 帮助 嘲笑 他 不,同学 缺点 什么 我们 应该 帮助 嘲笑 他 不,同学 缺点 什么 我们 应该 帮助 嘲笑 他 不,同学 缺点 什么 我们 在 帮助 嘲笑 不,同学 缺点 我们 应该 帮助 嘲笑 不
S004990_P0003_T00,别 人 缺点 我们 嘲笑 不 应该 看 别 人 优点,别 人 失败 我 嘲笑 不 要 看 别 人,别 人 失败 嘲笑 不 要 看 别 人 签名,别 人 失败 嘲笑 不 要 看 别 人,别 人 肯定 要 嘲笑 不 他 别 人 签名,别 人 嘲笑 不 要 看
S004990_P0007_T00,别 人 缺点 我们 嘲笑 不 应该 看 别 人 优点,别 人 失败 我 嘲笑 不 要 看 别 人 得,别 人 失败 我 嘲笑 不 要 看 别 人,别 人 失败 我 嘲笑 不 要 看 别 人,别 人 肯定 要 嘲笑 不 要 看 别 人 签名,别 人 失败 嘲笑 不 要 看 别 人
S004992_P0000_T00,周围 人 嘲笑 嘲笑 他 哭,周围 人 嘲笑 他 哭,周围 人 嘲笑 他 哭,周围 人 嘲笑 他 哭,周围 人 嘲笑 他 哭,周围 人 嘲笑 他 哭
S004997_P0000_T00,圈 嘲笑 他 站 走,圈 嘲笑 他 建立 走,嘲笑 他 建立 走,嘲笑 他 建立 走,圈 爸爸 他 扫地,嘲笑 他 建立 走
S004997_P0007_T00,圈 嘲笑 他 站 走,环境 嘲笑 他 建立,环境 嘲笑 他,环境 嘲笑 他 走,环境 喊 他,环境 嘲笑 他 走
S005002_P0000_T00,老师 处罚 同学 们 打扫,老师 处罚 到 同学 们 打扫,老师 处罚 同学 们 扫地,老师 处罚 到 同学 们 扫地,老师 处罚 同学 们 扫地,老师 处罚 帮助 同学 们
S005004_P0000_T00,每 人 最 不喜欢 被 处罚,每 人 最 不喜欢 被 处罚,每 人 最 不喜欢 被 处罚,每 人 最 不喜欢 被 处罚,每 人 最 不 被,每 人 最 不喜欢 被 处罚
S005008_P0006_T00,他 处罚 对 女 人 来 说 重,他 处罚 对 女 人 说 好了,他 处罚 对 女 人 说 好了,他 处罚 对 女 人 说 好了,他 处罚 这 对 女 人 说,他 用 是 对 女 人 说 好了 重
S005011_P0000_T00,战争 时间 军 心 弱 要 硬 处罚,战斗 时间 弱 要 处罚,结婚 时间 关心 弱 要 处罚,战斗 时间 领导 弱 要 处罚 他,结婚 时间 会 关心 要 处罚,有 时间 军 关心 弱 要 严格 处罚 他
S005011_P0003_T00,战争 时间 军 心 弱 要 硬 处罚,战斗 时间 纪律 弱 要 多 处罚,战斗 时间 会 法律 弱 要 严格 处罚,战斗 时间 法律 弱 要 多 处罚,战斗 时间 会 规定 弱 要 处罚,战斗 时间 学 法律 弱 要 严格 处罚
S005015_P0006_T00,必须 有 处罚 必须 有 奖,必须 有 处罚 必须 有,必须 有 处罚 必须 有 奖,必须 有 处罚 必须 有 奖,必须 处罚 必须 有 奖,必须 处罚 必须 有 奖
S005017_P0003_T00,这 学校 处罚 学生 硬 传遍,这 学校 处罚 学生 严格 传遍,这 学校 处罚 学生 严格 传遍,这 学校 处罚 学生 严格 传遍,这 同学 处罚 学生 可以 分数,这 学校 处罚 学生 严格 传遍
S005017_P0006_T00,这 学校 处罚 学生 硬 传遍,这 学校 处罚 学生,这 学校 处罚 学生 清楚,这 学校 处罚 学生 严格,这 学校 学生 他 工作,这 同学 处罚 学生 清楚
S005022_P0000_T00,厨师 做 甜 品 这 全部 喜欢 接受 欢迎,厨师 做 品 这 全部 喜欢 接受 欢迎,厨师 做 品 这 全部 喜欢 接受 欢迎,厨师 做 品 这 全部 喜欢 接受 欢迎,厨师 做 品 全部 拒绝 接受 欢迎,厨师 做 品 这 全部 喜欢 接受 欢迎
S005022_P0006_T00,厨师 做 甜 品 这 全部 喜欢 接受 欢迎,今天 厨师 做 品 全部 喜欢 接受 欢迎,厨师 做 品 全部 喜欢 接受 欢迎,厨师 做 品 全部 喜欢 接受 欢迎,做 经济 全部 喜欢 接受 欢迎,做 品 全部 喜欢 接受 欢迎
S005024_P0003_T00,厨师 工资 经济 吃饭 赚钱 提高,厨师 工资 饭店 追求 涨,厨师 工资 饭店 增加 涨,厨师 工资 饭店 他 进 涨,厨师 工资 增加 降,厨师 工资 离开 饭店 好 他们 追 涨
S005025_P0003_T00,这 电影 反 什么 厨师 工作 吃 好 过程,这 电影 什么 炒 工作 吃 有 故事,这 电影 什么 厨师 工作 吃 故事,这 电影 什么 厨师 工作 吃 有 故事,这 连 厨师 工作 姐姐 分析,这 存折 什么 厨师 工作 吃 故事
S005025_P0006_T00,这 电影 反 什么 厨师 工作 吃 好 过程,这 电影 反 什么 厨师 工作 故事,这 电影 反 什么 炒 厨师 工作 故事,这 电影 反 什么 炒 厨师 工作 故事,这 电影 路 工作 故事,这 电影 反 什么 炒 工作 过程
S005034_P0000_T00,通过 这 方法 刺激 脑,孩子 通过 这 方法 刺激 想,孩子 通过 这 方法 刺激 想,孩子 通过 这 方法 刺激 想,通过 方法 刺激 前 差点,可以 通过 这 方法 刺激 想
S005040_P0003_T00,人 对 刺激 刺激 精神 会 做 反应,人 对 刺激 会 反应,人 对 刺激 会 反应,人 对 刺激 会 反应,人 对 刺激 神经 错误 反应,人 对 教 会 反应
S005040_P0006_T00,人 对 刺激 刺激 精神 会 做 反应,人 全部 刺激 精神 会 工作 反,人 全部 刺激 精神 会 工作 反,人 全部 刺激 精神 会 工作 反,人 全部 刺激 精神 工作 白天,人 全部 刺激 精神 会 工作 反
S005053_P0006_T00,他 是 聪明 活泼 可爱 农村 孩子,他 是 聪明 活 可爱 孩子,他 是 聪明 明 可爱 孩子,他 是 聪明 明 可爱 孩子,他 是 聪明 你 不会 爱-1 他们,他 是 聪明 明 爱护 孩子
S005064_P0006_T00,他 认为 自己 知道 全部 问题 答案,他 认为 自己 感觉 全部 问题 答案,他 认为 自己 感觉 全部 问题 答案,他 认为 自己 感觉 全部 问题 答案,他 认为 自己 感觉 全部 问题 答案,他 认为 自己 感觉 全部 问题 答案
S005065_P0003_T00,他 着急 要 知道 答案,他 着急 要 懂 回答 答案,他 着急 要 懂 回答,他 着急 要 知道 回答,他 着急 他 感觉 回答,他 着急 要 知道 回答
S005069_P0003_T00,抄 别 人 答案 是 违反,得 别 人 答案 是 违反,得 别 人 答案 是 违反,得 别 人 答案 是 违反,得 别 人 答案 自己,抄 别 人 答案 是 违反
S005069_P0006_T00,抄 别 人 答案 是 违反,抄 别 人 回答 是 违反,抄 别 人 答案 是 违反,抄 别 人 答案 是 违反,书 别 人 答案 你 违反 翻脸,系统 别 人 答案 是 违反
S005075_P0006_T00,这 书 封面 破坏,你 书 封面 破,这 书 封面 破,你 书 封面 破,这 书 封面 破,这 书 封面 破
S005080_P0000_T00,手机 可以 研究 封面 美丽 软件,手机 可以 研究 封面 美丽 软件,手机 可以 研究 封面 美丽 软件,手机 可以 研究 封面 美丽 软件,手机 试 研究 封面 软件,手机 可以 研究 封面 美丽 软件
S005080_P0003_T00,手机 可以 研究 封面 美丽 软件,手机 可以 研究 封面 美丽 软件,手机 可以 研究 封面 美丽 软件,手机 可以 研究 封面 美丽 软件,手机 研究 封面 美丽 软件,手机 可以 研究 封面 美丽 软件
S005096_P0006_T00,想 要 健康 吸烟 不,想 身体 健康 吸烟 不,想 要 健康 吸烟 不,想 要 健康 吸烟 不,明天 健康 强 不,想 要 健康 吸烟 不
S005110_P0000_T00,冬天 减肥 不 热 胖,冬天 减肥 不 热 大,冬天 减肥 不 热 大,冬天 减肥 不 热 大,冬天 减肥 没有 热,冬天 减肥 不 热 大
S005110_P0003_T00,冬天 减肥 不 热 胖,冬天 减肥 不 热 大学,冬天 减肥 不 热 大学,冬天 减肥 不 热 大学,冬天 交通 自己 热 大学,冬天 不 热
S005112_P0000_T00,心 不好 火锅 吃 解决 如果 还 不行 还 吃 火锅,心 不好 火锅 吃 解决 如果 还 不行 还 吃 火锅,心 不好 火锅 吃 解决 如果 还 不行 还 吃 火锅,心 不好 火锅 吃 解决 如果 还 不行 还 吃 火锅,心 不好 火锅 吃 解决 如果 等 吃 火锅,心 不好 火锅 吃 解决 如果 还 不行 还 吃 火锅
S005112_P0006_T00,心 不好 火锅 吃 解决 如果 还 不行 还 吃 火锅,心 不好 火锅 吃 解决 如果 还 不行 还 吃 火锅,心 不好 火锅 吃 解决 如果 还 不行 还 吃 火锅,心 不好 火锅 吃 解决 如果 还 不行 还 吃 火锅,心 火锅 解决 我 还 吃 火锅,心 不好 危险 吃 解决 说谎 还 不行 还 吃 火锅
S005113_P0003_T00,找 女 朋友 是 今天 我 最 大 目标,找 女 朋友 是 我 今天 最 准确,他 女 朋友 是 今天 最 大 准确,找 女 朋友 是 今天 最 大 准确,他 女 朋友 是 今天 最 大 标志,找 女 是 我 今天 最 标准
S005113_P0009_T00,找 女 朋友 是 今天 我 最 大 目标,他 看 女 朋友 是 今天 最 大 正确,他 女 朋友 是 今天 最 大 标准,他 女 朋友 是 今天 最 大 准确,你 女 朋友 美丽 今天 最 大 标准,看 女 朋友 是 今天 最 大
S005114_P0003_T00,说 恋爱 钱 花 时间 花 不 必须 得,说 恋爱 时间 过 钱 花钱 中 找 得,说 恋爱 时间 花 钱 花 得,说 恋爱 时间 花钱 钱 花钱 得,恋爱 时间 多 你 花 不够,你 恋爱 时间 多 钱 花 不 得
S005114_P0006_T00,说 恋爱 钱 花 时间 花 不 必须 得,说 恋爱 钱 花钱 时间 花 必须 得,说 恋爱 钱 花钱 时间 必须 得,说 恋爱 钱 花钱 时间 花钱 必须 得,饭店 钱 花钱 时间 不 必须 惩罚,恋爱 钱 花钱 时间 必须 得
S005118_P0000_T00,感冒 药 可以 帮助 你 减,感冒 药 可以 帮助,感冒 药 可以 帮助,感冒 药 可以 帮助,感冒 纸 可以 帮助,感冒 药 可以 帮助 离婚
S005118_P0003_T00,感冒 药 可以 帮助 你 减,感冒 药 帮助 你 会,感冒 药 帮助 你,感冒 药 帮助 你 会,感冒 药 帮助,感冒 药 帮助 你 会
S005120_P0003_T00,感冒 发烧 什么 是 你 因为 感冒 引起 发烧,感冒 热 是 什么 是 先 发烧,感冒 热 是 什么 是 发烧,感冒 热 是 什么 是 先 热,感冒 会 发现 什么 是 榜样 会,感冒 发烧 是 什么 是 发烧
S005120_P0006_T00,感冒 发烧 什么 是 你 因为 感冒 引起 发烧,感冒 发烧 是 什么 是 你 先 感冒 引起 发烧,感冒 发烧 是 什么 是 你 因为 感冒 发烧,感冒 发烧 是 什么 是 你 因为 感冒 发烧,感冒 发烧 是 什么 是 先 感冒 发烧,感冒 发烧 是 什么 是 你 因为 感冒 发烧
S005131_P0003_T00,第一 到 外国 外国 感觉 好 奇怪,第一 到 外国 感觉 奇怪,第一 到 外国 感觉 奇怪,第一 到 外国 感觉 奇怪,第一 拿 外国 看,第一 到 外国 感觉 好 奇怪
S005131_P0009_T00,第一 到 外国 外国 感觉 好 奇怪,第一 去 外国 感觉 奇怪,第一 去 外国 感觉 奇怪,第一 去 外国 感觉 奇怪,第一 外国 课 认为,第一 去 外国 感觉 奇怪
S005145_P0003_T00,孩子 他们 表情 是 他们 最 真 感觉,孩子 样子 是 对 他 感觉 最 真,孩子 样子 是 对 他 感觉 最 真,孩子 样子 是 对 他 感觉 最 真,孩子 他们 样子 看 对 这 感觉 最 宾馆 真,孩子 样子 是 对 他 感觉 最
S005145_P0006_T00,孩子 他们 表情 是 他们 最 真 感觉,孩子 他们 表情 画画 他 最 真 感觉,孩子 他们 表情 画画 他 最 真 感觉,孩子 他们 表情 他 最 真 感觉,这 孩子 他们 表情 写 这 时间 人 感觉,孩子 他们 表情 画画 看 他们 最 真 感觉
S005162_P0000_T00,工资 差不多 好 可以 吸引 劳动 人 还 可以 鼓励 劳动 人,工资 差不多 好 可以 诱惑 劳动 人 还 可以 鼓励 劳动 人,工资 差不多 好 可以 诱惑 劳动 人 还 可以 鼓励 劳动 人,工资 差不多 好 可以 诱惑 劳动 人 还 可以 鼓励 劳动 人,工资 什么 可以 死 劳动 人 老实 鼓励 跳舞 人,工资 差不多 好 可以 吸引 劳动 人 还 可以 鼓励 劳动 人
S005162_P0006_T00,工资 差不多 好 可以 吸引 劳动 人 还 可以 鼓励 劳动 人,工资 差不多 好 可以 一些 劳动 人 还 可以 鼓励 劳动 人,工资 差不多 好 可以 劳动 人 还 可以 鼓励 劳动 人,工资 差不多 好 可以 少 劳动 人 还 可以 鼓励 劳动 人,有 多 可以 自己 劳动 人 冷 鼓励 劳动 人,工资 差不多 好 可以 少 劳动 人 还 可以 鼓励 劳动 人
S005184_P0003_T00,这 故障 我们 有 各种 方法,这 故障 我 各种 方法,这 故障 我 各种 方法,这 故障 我 各种 方法,他 故障 我 各种 不同 方法,这 故障 我 各种 方法
S005184_P0006_T00,这 故障 我们 有 各种 方法,这 组 我们 各种 方法,这 组 我们 有 各种 方法,这 配合 我们 有 各种 方法,这 配合 我 把 各种 方法,这 配合 我 我们 有 各种 方法
S005186_P0000_T00,王 师傅 技术 高 故障 什么 全部 修 可以,王 技术 高 全部 什么 全部 变 可以,王 技术 高 故障 什么 全部 变 可以,王 技术 高 故障 什么 全部 变 可以,王 技术 高 组 自己 什么 全部 知道,王 老师 比赛 技术 高 发生 什么 全部 变 可以
S005186_P0003_T00,王 师傅 技术 高 故障 什么 全部 修 可以,王 老师 技术 高 什么 故障 他 全部 改变 好,王 老师 技术 高 什么 故障 他 全部 改变 好,王 老师 技术 高 什么 故障 他 全部 变 好,王 老师 技术 高 这 故障 全部 等 说 好,王 师傅 技术 高 什么 故障 他 全部 改变 好
S005197_P0006_T00,一般 人 身体 手指 关节 弱,一般 人 身体 准备 关节 弱,一般 人 身体 关节 弱,一般 人 身体 准备 关节 弱,一般 人 车 话 弱,一般 人 身体 运动 弱
S005197_P0009_T00,一般 人 身体 手指 关节 弱,一般 人 身体 人 弱,一般 人 身体 弱,一般 人 身体 弱,一般 城市 身体 道理,一般 人 身体 弱
S005211_P0003_T00,商业 广告 大 部分 在 网 要求 客 人 买 付 全部 在 网,商店 广告 全部 1 天 要 要求 人 接触 全部 用 网 上,商店 广告 全部 上 要 要求 人 接触 全部 用 网 上,商店 广告 全部 上 要 要求 人 接触 全部 用 网 上,商店 宣传 全部 网络 要 要求 人 增加 网 1,商店 广告 全部 上 要 要求 人们 接触 用 网 上
S005211_P0009_T00,商业 广告 大 部分 在 网 要求 客 人 买 付 全部 在 网,大 部分 网 要 要求 今天 人 接触 付 全部 网,商业 广告 大 部分 网络 网 要求 今天 人 付 全部 网,商业 广告 大 部分 网络 网 要 要求 今天 人 付 全部 网,学生 广告 大 部分 网络 网 要求 祝福 今天 人 付 全部 网,商业 广告 大 部分 网 要求 今天 人 付 全部 网
S005213_P0000_T00,广告 必须 先 里 宣传,广告 应该 先 里 宣传,广告 必须 先 里 宣传,广告 必须 先 里 宣传,广告 必须 先 宣传,广告 必须 先 里 宣传
S005213_P0003_T00,广告 必须 先 里 宣传,广告 应该 先 在 里 宣布,广告 先 在 里 宣传,广告 应该 先 在 里 宣传,广告 先 里 宣布,广告 人 宣传
S005226_P0003_T00,今天 核磁共振 方法 各种 有 电 核磁共振 有 共 核磁共振 各种,今天 核磁共振 方法 各种 有 电 核磁共振 有 火车 核磁共振 各种,今天 核磁共振 方法 各种 有 电 核磁共振 有 火车 核磁共振 各种,今天 核磁共振 方法 各种 有 电 核磁共振 有 火车 核磁共振 各种,今天 核磁共振 每 各种 是 这样 核磁共振 到 火车 核磁共振 各种,今天 核磁共振 方法 各种 有 经验 核磁共振 有 研究 分 各种
S005226_P0009_T00,今天 核磁共振 方法 各种 有 电 核磁共振 有 共 核磁共振 各种,原来 用 核磁共振 方法 多 种 有 电 核磁共振 有 共 各种,原来 用 核磁共振 方法 多 种 有 电 核磁共振 有 核磁共振 各种,原来 用 核磁共振 方法 多 种 有 电 核磁共振 有 核磁共振 各种,以前 用 核磁共振 方法 多 种 什么 核磁共振 共产党 核磁共振 不同,原来 用 核磁共振 方法 多 有 降 核磁共振 有 各种
S005231_P0000_T00,这 中 心 用 好 核磁共振 检查 食物 里 东西 什么,这 妈妈 心 用 增加 核磁共振 查询 食物 里 东西 什么,这 妈妈 心 用 最 核磁共振 检查 查询 东西 里 东西,这 妈妈 心 用 最 核磁共振 检查 查询 东西 里 东西 什么,妈妈 心 插 最 核磁共振 检查 查询 资料 里 东西,这 妈妈 心 用 最 核磁共振 检查 东西 里 东西 什么
S005231_P0006_T00,这 中 心 用 好 核磁共振 检查 食物 里 东西 什么,这 中心 心 用 先 进步 核磁共振 检查 得 这 吃 东西 里 东西,这 中心 心 用 先 进步 核磁共振 检查 得 这 吃 东西 里 好 东西,这 中心 心 抢 先 进步 核磁共振 检查 得 这 吃 东西 里 好 东西,粗 心 因为 进步 核磁共振 检查 身份证 得 等 吃 东西 里 东西,这 中心 抢 先 进步 核磁共振 得 这 吃 东西 和 好 东西
S005233_P0000_T00,红包 在 传统 意思 什么 是 年龄 钱,红包 在 道理 什么 是 年龄,红包 在 道理 什么 是 年龄,红包 在 传统 道理 什么 是 年龄,红包 得 什么 是 年龄,红包 在 请假 道理 什么 是 年龄 钱
S005233_P0009_T00,红包 在 传统 意思 什么 是 年龄 钱,红包 在 历史 道理 什么 是 年龄 钱,红包 在 传统 什么 是 祝福,红包 在 传统 道理 什么 是 祝福 钱,红包 在 传统 是 祝福,红包 在 历史 什么 是 祝福 钱
S005248_P0003_T00,今天 网 红包 画画 多 各种,今天 网 上 红包 画画 各种 多,今天 网 上 红包 画画 各种 多,今天 网 上 红包 画画 有 各种 多,今天 上 红包 道理 各种 多,今天 上 红包 画画 各种 多
S005248_P0009_T00,今天 网 红包 画画 多 各种,今天 上网 红包 多 各种,今天 上网 红包 多 各种,今天 上网 红包 多 各种,今天 网 红包 各种,今天 上网 红包 多 各种
S005274_P0000_T00,我们 要 知道 技术 会 管理 干部,我们 要 知道 技术 会 干部,我们 要 知道 技术 会 干部,我们 要 知道 技术 会 管理 干部,我们 要 技术 会 负责 工 人,我们 要 知道 技术 会 负责 干部
S005274_P0003_T00,我们 要 知道 技术 会 管理 干部,我们 要 知道 技术 还 会,我们 要 知道 技术 还 会 负责,我们 要 知道 技术 还 会 管理,我们 要 知道 技术 会 完成,我们 要 知道 技术 还 会 负责 干
S005276_P0000_T00,用 新 技术 降 花钱,我 新 技术 降,我 新 技术 降,我 新 技术 降 花,我 1 技术,我 新 技术 降
S005276_P0009_T00,用 新 技术 降 花钱,我 新 技术 降 花钱,我 新 技术 降,我 新 技术 降,我 以前 技术 降,公司 新 技术 降 大
S005281_P0003_T00,我们 努力 发展 科学 技术 努力 发展 好 国家 达到,我们 努力 发展 科学 技术 努力 发展 国家 搬,我们 努力 发展 科学 技术 努力 发展 国家 房子 搬,我们 努力 发展 科学 技术 努力 发展 国家 房子 搬,我们 努力 发展 科学 技术 努力 发展 我 房子 搬,我们 努力 发展 科学 技术 努力 发展 国家 堵车
S005281_P0006_T00,我们 努力 发展 科学 技术 努力 发展 好 国家 达到,我们 努力 发展 科学 技术 努力 发展 好 达到 国家,我们 努力 发展 科学 技术 努力 发展 好 达到 国家,我们 努力 发展 科学 技术 努力 发展 好 达到 国家,我们 努力 发展 科学 技术 发展 国家,我们 努力 发展 科学 技术 努力 发展 好 达到 国家
S005288_P0006_T00,每 节日 有 亲属 到 军 队 看,每 节日 有 亲属 到 军 看,每 节日 有 亲属 到 学 手语 看,每 节日 有 亲属 到 学 手语 看,每 节日 亲属 学 手语 喜欢,每 节日 有 亲属 到 医院 看
S005288_P0009_T00,每 节日 有 亲属 到 军 队 看,每 节日 有 亲属 到 军 队 看,每 节日 亲属 去 军 队 看,每 节日 有 亲属 去 军 队 看,每 节日 亲属 你 军 队,每 节日 亲属 去 军 队 看
S005294_P0003_T00,哥哥 自己 辞职 自己 建立 1 公司,哥哥 辞职 自己 建立 公司,哥哥 辞职 自己 写 公司,哥哥 辞职 自己 建立 公司,哥哥 辞职 自己 写 公司,哥哥 辞职 自己 赚 公司
S005294_P0009_T00,哥哥 自己 辞职 自己 建立 1 公司,哥哥 自己 辞职 自己 建立 1 公司,哥哥 自己 辞职 自己 建立 1 公司,哥哥 自己 辞职 自己 建立 1 公司,哥哥 自己 娃娃 自己 1 得 爸爸 妈妈 公司,哥哥 自己 辞职 自己 建立 公司
S005295_P0000_T00,遇到 不幸 亲属 每 哭 哭 难过,朋友 倒霉 亲属 每 哭 难过,倒霉 亲属 每 哭 难过,倒霉 亲属 每 哭 难过,倒霉 无聊 他 哭,倒霉 亲属 每 哭 难过
S005295_P0006_T00,遇到 不幸 亲属 每 哭 哭 难过,遇到 倒霉 亲属 每 哭 难过,遇到 倒霉 亲属 每 哭 难过,遇 倒霉 亲属 每 哭 难过,遇 倒霉 老实 哭 恶心,遇到 倒霉 亲属 每 1 哭 难过
S005306_P0009_T00,我 做 兼职 文 员工 想 难,我 工作 兼职 文 想 难,我 工作 兼职 文 员工 想 难,我 工作 兼职 文 员工 想 难,我 工作 兼职 课 感觉 难,我 工作 兼职 文 员工 难
S005319_P0009_T00,网站 兼职 他 网 上 多,网 网站 兼职 上网 多,网 网站 兼职 上网 多,网 网站 兼职 上网 多,王 网站 兼职 上网 多,网站 兼职 上网 多
S005323_P0000_T00,计算 结果 我们 必须 要 准确,算 结果 我们 必须 要 正确,算 结果 我们 必须 要 正确,算 结果 我们 必须 要 正确,我 结果 我们 应该 准确,计算 结果 我们 必须 要 正确
S005323_P0006_T00,计算 结果 我们 必须 要 准确,算 结果 我们 必须 准确,算 结果 我们 必须 准确,算 结果 我们 肯定 准确,走 结果 我们 肯定,算 结果 我们 必须
S005344_P0000_T00,你 为 这 事情 发生 借口,这 为 事情 发生 借口,你 为 事情 发生 借口,你 为 事情 发生 借口,他 为 事情 发生 借口,为 事情 出 借口
S005346_P0006_T00,我 会 不 随便 借口,我 想 随便 借口,我 不会 随便 借口,我 不会 随便 借口,我 著名 随便 借口,我 知道 随便 借口
S005346_P0009_T00,我 会 不 随便 借口,我 不会 随便 借口,我 不会 随便 借口,我 不会 随便 借口,我 不会 随便 借口,我 不会 随便 借口
S005347_P0000_T00,我 想 找 借口,我 找 借口,你 找 借口,我 找 借口,小 上网,你 找 借口
S005347_P0009_T00,我 想 找 借口,你 想 找 借口,你 想 找 借口,你 想 找 借口,你 看 借口,你 想 找 借口
S005354_P0006_T00,我们 借 老师 成功 学 经验,我们 看 老师 成功 学 经验,我们 看 老师 成功 学 经验,我们 看 老师 成功 学 经验,我们 老师 成功 学 经验,我们 看 老师 成功 学 经验
S005357_P0006_T00,简单 抄 外 人 经验 对 自己 帮助 没,简单 得 别 人 经验 对 自己 帮助 没有,简单 得 别 人 经验 对 自己 帮助 没有,简单 得 别 人 经验 对 自己 帮助 没有,护士 得 别 经验 对 自己 帮助 没有,简单 别 人 经验 对 自己 帮助 没有
S005357_P0009_T00,简单 抄 外 人 经验 对 自己 帮助 没,简单 得 别 人 经验 对 自己 帮助 没有,简单 得 别 人 经验 对 自己 帮助 没有,简单 得 别 人 经验 对 自己 帮助 没有,简单 干净 别 人 经验 对 自己 帮助 没有,简单 得 别 人 经验 对 自己 帮助 没有
S005360_P0009_T00,互相 伤害 什么 时间 这 是 以前 给 我们 经验 和 教,互相 学生 什么 时间 是 过去 我们 经验 和 教,互相 学生 什么 时间 是 过去 我们 经验 和 教,互相 伤害 什么 时间 是 以前 我们 经验 和 教,矛盾 什么 时间 手术 我们 经验 和 教,互相 学生 什么 时间 是 以前 我们 经验 和 教
S005365_P0000_T00,老师 组 班 会 请 学生 们 交流 自己 学 经验,老师 组 班 会议 让 学生 大家 自己 学 经验,老师 组 班 会议 请 学生 们 交流 自己 学 经验,老师 组 班 会议 请 学生 们 交流 自己 学 经验,老师 组 班 会议 请 学生 们 给 自己 经验,老师 组 班 可以 请 学生 们 给 自己 学 经验
S005365_P0009_T00,老师 组 班 会 请 学生 们 交流 自己 学 经验,老师 组 班 可以 请 学生 们 交流 自己 学 经验,老师 组 班 可以 请 学生 们 交流 自己 学 经验,老师 组 班 会议 请 学生 们 大家 交流 自己 学 经验,老师 组 参加 会议 请 学生 们 交流 自己 学 经验,老师 组 团 可以 请 学生 们 交流 自己 学 经验
S005368_P0000_T00,我们 肯定 看 不 难 但是 不行 看不起 他们,我们 应该 看 不 难 但是 不行 看不起 他们,我们 肯定 看 不 难 但是 不行 看不起 他们,我们 肯定 看 不 难 但是 不行 看不起 他们,我们 应该 你 没有 难 但是 他 孩子 字幕,我们 肯定 看 不 难 但是 不行 看不起 他们
S005380_P0006_T00,你 决定 说明 你 分析 对,决定 说 全部 1 分 好,决定 说 全部 1 分 好,决定 说 全部 1 分 好,决定 全部 不见 有,决定 说 全部 1 分 好
S005380_P0009_T00,你 决定 说明 你 分析 对,说明 你 考试 好,全部 你 考试 好,全部 你 考试 好,全部 看 道理 美丽,说明 你 考试 好
S005394_P0000_T00,他 孩子 学 难 看 不理,他 孩子 学 难 看,他 孩子 学 难 看,他 孩子 学 难 看,孩子 学 难,他 孩子 学 难 看
S005405_P0000_T00,快递 员工 工作 多 辛苦,快递 员工 工作 多 辛苦,快递 员工 工作 多 辛苦,快递 员工 工作 多 辛苦,快递 员工 工作 错,快递 员工 工作 多
S005405_P0006_T00,快递 员工 工作 多 辛苦,快递 员工 工作 多 辛苦,快递 员工 工作 多 辛苦,快递 员工 工作 多 辛苦,快递 员工 工作 多,快递 员工 工作 多
S005406_P0000_T00,快递 还 快 运 分别,快递 还 快 快递 分别,快递 还 快 分别,快递 还 快 快递 分别,快递 还有 各种,快递 还 快 分别
S005418_P0000_T00,联系 高兴 会议 看 小 王 模仿 明星 看 笑,同学 看 王 模仿 以前 看 笑,会议 看 王 模仿 明星 看 笑,会议 看 小 王 模仿 明星 看 笑,同学 你 王 模仿,会议 看 王 明星 看 笑
S005418_P0009_T00,联系 高兴 会议 看 小 王 模仿 明星 看 笑,会议 模仿 著名 明星 看 喜欢,会议 模仿 看 笑,会议 模仿 明星 看 笑,会议 模仿 看,会议 看 笑
S005419_P0006_T00,医生 箱子 里 有 各种 东西,里 有 各种 东西,里 有 各种 东西,里 有 各种 东西,里 各种 东西,事情 里 有 各种 东西
S005470_P0000_T00,今天 中国 女 避孕 百 分之 1,今天 中国 女 避孕 百 分之,今天 中国 女 避孕 百 分之,今天 中国 女 避孕 百 分之,今天 中国 像 避孕 百 分之,今天 中国 女 避孕 百 分之
S005470_P0009_T00,今天 中国 女 避孕 百 分之 1,今天 中国 女 防止 避孕 真,今天 中国 女 防止 避孕 分之,今天 中国 女 避孕 百,今天 中国 避孕 百 分之,今天 中国 女 避孕 真
S005496_P0006_T00,春天 开始 农民 大家 竞争 工作,春天 开始 农村 们 大家 竞争 工作,春天 开始 同学 农村 大家 竞争 工作,春天 开始 同学 农村 大家 竞争 工作,春天 开始 同学 农村 们 大家 竞争 工作,春天 开始 大家 动 工作
S005496_P0009_T00,春天 开始 农民 大家 竞争 工作,春天 开始 农村 大家 竞争 工作,春天 开始 农村 大家 竞争 工作,春天 开始 农民 大家 竞争 工作,春天 开始 同学 农村 们 竞争 工作,春天 开始 农民 大家 竞争 工作
S005502_P0006_T00,有 权力 有 领导 骄傲 不,权利 有 领导 骄傲 不,有 权利 有 领导 骄傲 不,有 权利 有 领导 骄傲 不,有 猫 有 领导 不,有 权利 有 领导 骄傲 不
S005502_P0009_T00,有 权力 有 领导 骄傲 不,控制 领导 骄傲 不,领导 骄傲 不,控制 领导 骄傲 不,这 领导 说 骄傲 不,领导 骄傲 不
S005504_P0009_T00,泡 脚 冬天 好,冬天 好,冬天 好,冬天 好,配合 冬天 美丽,冬天 好
S005530_P0000_T00,我 爱-1 中国 共产党,我 爱-1 中国 共产党,我 爱-1 中国 共产党,我 爱-1 中国 共产党,我 爱-1 是 共产党,我 爱-1 中国 共产党
S005530_P0006_T00,我 爱-1 中国 共产党,我 爱-1 中国 共产党,我 爱-1 中国 共产党,我 爱-1 中国 共产党,我 爱-1 中国 共产党,我 爱-1 中国 共产党
S005532_P0000_T00,我 是 国民党,我 是 国民党,我 是 国民党,我 是 国民党,我 是 国民党,我 是 国民党
S005532_P0009_T00,我 是 国民党,我 是 国民党,我 是 国民党,我 是 国民党,我 是 找 国民党,我 是 国民党
S005540_P0006_T00,你 失望 你 想 高 考试 失败 努力 没有 是,你 失望 你 想 考试 失败 努力 没有 是,你 失望 你 想 考试 失败 努力 没有 是,你 失望 你 想 考试 失败 努力 没有 是,想 考 失败 下 没有 是,你 失望 你 想 考试 失败 努力 没有 是
S005545_P0006_T00,我 信 卡 过期 可以 还 办理 给 我,我 信 卡 日期 过期 可以 还 办理 给 我,我 信 卡 日期 过期 可以 还 办理 给 我,我 信 卡 日期 过期 可以 还 办理 给 我,我 微信 信 卡 日期 小时 可以 还 办理 给 我,我 信 卡 日期 过期 可以 还 办理 给 我
S005545_P0009_T00,我 信 卡 过期 可以 还 办理 给 我,我 信 卡 过期 可以 还 办理 给 我,我 信 卡 过期 可以 还 办理 给 我,我 信 卡 过期 可以 还 办理 给 我,我 信 卡 过期 还 办理 给 我,我 信 卡 过期 可以 还 办理 给 我
S005546_P0000_T00,根据 算 算 我 中国 年 1 年 1 打胎 1 千 3 百 万 次,根据 算 我 中国 年 1 打胎 千 万 百 万,根据 算 我 中国 年 1 年 1 身份证 千 百,根据 算 我 中国 年 1 年 1 打胎 千 百,根据 早 如果 年 身份证 天 万,根据 算 我 中国 年 1 年 1 身份证 千 百
S005552_P0000_T00,承包 工程 钱 7 千 5 百 万 元 美国 抢,承包 工程 钱 500 百 万 美国 拿,承包 工程 钱 500 百 万 美国,承包 工程 钱 500 百 万 美国 拿,承包 科学 工程 钱 论文 万 美国,承包 工程 钱 500 百 万 有 美国 用
S005552_P0009_T00,承包 工程 钱 7 千 5 百 万 元 美国 抢,承包 工程 钱 美丽,承包 工程 钱 万 美丽,承包 科学 建筑 钱 万 美丽,承包 人 重复 钱 要 天 美丽,承包 工程 钱 万 美丽
S005572_P0009_T00,你 看不见 他 怎么 躲 可以 障碍 东西,他 那 潜伏 可以 东西,他 那 潜伏 可以 东西,他 这 潜伏 可以 东西,他 像 他 这 客 躲 东西,他 那 大概 躲 可以 东西
S005583_P0006_T00,做爱 时间 避孕 不 穿 安全套 不 危险,时间 避孕 不 安全套 不 危险,时间 避孕 不 安全套 不 危险,时间 避孕 不 安全套 不 危险,时间 避孕 不 对 不 危险,时间 避孕 不 安全套 不 危险
S005583_P0009_T00,做爱 时间 避孕 不 穿 安全套 不 危险,这 手 预防 缩 安全套 不 危险,这 预防 安全套 不 危险,这 预防 缩 安全套 不 危险,这 对 预防 安全套 不 危险,这 预防 伤 安全套 时间 不 危险
S005594_P0000_T00,知道 他 女 朋友 我 没有 嫉妒 说 他 坏,知道 他 女 朋友 我 没有 笑 不好,知道 他 女 朋友 我 没有 笑 不好,知道 他 女 朋友 我 没有 笑 不好,知道 男 女 朋友 我 发现 喜欢 不喜欢,知道 他 女 朋友 我 没有 笑 不好
S005607_P0006_T00,医生 会 给 你 检查 定 阑尾,医生 会 给 你 查询 肯定 阑尾,医生 会 给 你 查询 肯定 阑尾,医生 会 给 你 查询 肯定 阑尾,医生 给 你 查询 肯定 阑尾,医生 会 给 你 检查 决定 阑尾
S005607_P0009_T00,医生 会 给 你 检查 定 阑尾,医生 给 你 查询 决定 阑尾,医生 给 你 查询 决定 阑尾,医生 给 你 查询 决定 阑尾,医生 给 跳舞 决定 阑尾,医生 给 你 查询 决定 阑尾
S005613_P0000_T00,我们 做 人 自私 不行,我们 做 人 不行,我们 做 人 不行,我们 做 人 不行,我们 做 人 自私 不行,我们 工作 人 不行
S005613_P0006_T00,我们 做 人 自私 不行,我们 做 人 幸福 不行,我们 工作 人 幸福 不行,我们 工作 人 自私 不行,我们 工作 人 幸福 不行,我们 工作 人 行动 不行
S005630_P0009_T00,因为 房子 有 事情 李 小 姐姐 拒绝 王 小 姐姐 请,因为 事情 拒绝 王,因为 事情 像 拒绝 王,因为 事情 拒绝 王,因为 事情 像 哥哥 像 外国 签名,因为 有 事情 像 拒绝 炒
S005648_P0000_T00,敌人 失败 算了 不行 想 还 来 不行,恋爱 人 失败 好了 不行 还 来 不行,人 失败 好了 不行 还 来 不行,他 失败 好了 不行 还 来 不行,人 决定 好了 想 不行,人 失败 好了 不行 还 来 不行
S005648_P0006_T00,敌人 失败 算了 不行 想 还 来 不行,人 失败 好了 不行 还 来 1 不行,人 失败 好了 不行 还 来 1 不行,人 失败 好了 不行 还 来 1 不行,人 定 好了 不行 还 不行,人 失败 好了 不行 还 来 1 不行
S005664_P0009_T00,这 问题 全部 局部 情况 发生 问题,问题 全部 存 情况 发生 问题,问题 全部 存 情况 发生 问题,问题 全部 存 情况 发生 问题,如果 全部 存 情况 发生,问题 全部 通过 情况 发生 问题
S005670_P0000_T00,签证 随便 做 不是,签证 情况 做 不同,签证 证明 随便 做 不同,签证 证明 随便 做 不同,在 证明 成功 做 不是,签证 证明 随便 做 不同
S005670_P0009_T00,签证 随便 做 不是,签证 证明 情况 工作 不同,签证 证明 这样 工作 不同,签证 证明 这样 工作 不同,证明 情况 工作 不同,签证 随便 不同
S005680_P0009_T00,这 恶心 吃 东西 我们 叫 什么 黑 东西,看 吃 东西 我 妈妈 黑 东西,看 吃 食物 妈妈 东西,看 呕吐 吃 东西,看 吃 食物 你 智慧 东西,看 吃 食物 我 妈妈 礼物
S005694_P0009_T00,包装 钱 寄 钱 一起 5 元,包装 钱 信 钱,包 包装 钱 信 钱,包 包装 钱 寄 钱 5,包 包装 想 信,包 包装 钱 饺子 钱 多少
S005731_P0006_T00,道理 经常 可以 增加 知识 缺少 知识 一辈子 增加 不行 道理 缺少,道理 经常 可以 增加 知识 缺少 知识 请假 增加 不行 道理 缺少,道理 经常 可以 增加 知识 缺少 知识 买 增加 不行 道理 缺少,道理 经常 可以 增加 知识 缺少 知识 一辈子 增加 不行 道理 缺少,道理 衣服 可以 最 聪明 缺少 知识 害怕 最 道理 时间,道理 经常 可以 增加 知识 缺少 知识 买 增加 不行 道理 缺少
S005731_P0009_T00,道理 经常 可以 增加 知识 缺少 知识 一辈子 增加 不行 道理 缺少,道理 经常 可以 增加 知识 缺少 知识 增加 不行 道理 缺少,道理 经常 可以 增加 知识 缺少 知识 增加 不行 道理 缺少,道理 经常 可以 增加 知识 缺少 知识 增加 不行 道理 缺少,为什么 感觉 最 知识 缺少 记得 增加 不行 道理 抵挡,道理 经常 可以 增加 知识 缺少 知识 增加 不行 道理 缺少
S005762_P0006_T00,那 年 北京 运动会 幸运 标志 是 福气 娃娃,他 年 北京 运动会 会议 幸好 标志 是 福气 娃娃,他 年 北京 运动会 会议 幸好 标志 是 福气 娃娃,他 年 北京 运动会 会议 幸好 标志 是 福气 娃娃,他 在 每 运动会 领导 标志 是 幸福 娃娃,他 年 北京 运动 幸好 标志 是 福气 娃娃
S005764_P0006_T00,他 多 爱护 房子 园 1 草 1 树,多 保护 房子 里 草 1 树,多 爱护 房子 里 草 1 树,多 爱护 房子 里 草 1 树,1 爱护 房子 环境 喜欢 草 1 树,多 安慰 房子 调整 草 1 树
S005797_P0000_T00,你 包 放 提前 完成 不 到 时间 整理,你 包 避孕 提前 完成 不 到 时间 处理,你 包 预防 提前 完成 不 到 时间 处理,你 包 预防 提前 完成 不 到 时间 处理,你 包 预防 我们 努力 处理,你 红包 放 提前 完成 不 到 时间 处理
S005797_P0009_T00,你 包 放 提前 完成 不 到 时间 整理,他 包 预防 提前 完成 不 时间 到 时间 处理,他 包 预防 提前 完成 不 时间 到 时间 处理,他 包 帮助 提前 完成 不 时间 到 时间 处理,他 节省 预防 帮助 提前 我们 不 时间 处理,他 减 提前 完成 不 时间 到 时间 处理
S005808_P0000_T00,1 程序 写 好了 还 要 经过 重复 试,1 程序 写 好了 还 要 过程 重复 试,1 程序 写 好了 还 要 过程 重复 试,1 程序 写 好了 还 要 过程 重复 试,你 程序 写 好了 要 程序 重复 小,1 程序 写 好了 还 要 过程 重复 试
S005842_P0000_T00,河 南 北 沟通 长 河 大 桥,路 南 北 沟通 长江 大 桥,路 南 北 沟通 长江 大 桥,路 南 北 沟通 长江 大 桥,路 南 北 沟通 长江 大 桥,路 河 南 北 沟通 长江 大 桥
S005842_P0009_T00,河 南 北 沟通 长 河 大 桥,河 南 北 沟通 河 大 桥,路 河 南 北 沟通 河 大 桥,路 河 南 北 沟通 河 大 桥,路 河 南 北 沟通 河 大 桥,河 南 北 沟通 大 河 大 桥
S005861_P0009_T00,他 气 否认 说 好了 这 要 追 根据 哪 来,否认 说 好了 要 说 追求 根据 什么 来,否认 说 好了 要 说 追求 根据 什么 来,否认 说 好了 要 说 追求 把握 什么 来,否认 说 好了 要 说 追求 把握 不,否认 说 好了 要 说 追求 根据 什么 来
S005874_P0006_T00,农民 对 狗 心 爱护 结果 狗 咬,农村 对 心 爱护 结果 狗,农村 对 心 爱护 结果 狗,农村 对 狗 心 爱护 结果 狗,农村 对 心 爱护 最后 结果 弱,农村 对 狗 心 爱护 最后 结果 快递
S005880_P0000_T00,最近 有 好 日期 合适 办理 结婚 桌子,最近 有 好 日期 符合 事情 结婚 炒,最近 有 好 日期 符合 事情 结婚 大,最近 有 好 日期 符合 事情 结婚,刚才 只 有 日期 符合 事情,最近 有 好 日期 符合 事情 结婚 大
S005880_P0006_T00,最近 有 好 日期 合适 办理 结婚 桌子,昨天 好 多 事情 炒,昨天 好 多 合适 办理,昨天 好 多 合适 办理,昨天 有 适合 办理,昨天 好 几 合适 办理 结婚 炒
S005881_P0000_T00,妈妈 办理 好了 超市 会议 员工 卡,妈妈 事情 好了 超市 员工 卡,妈妈 事情 好了 超市 员工 卡,妈妈 事情 好了 超市 会议 员工 卡,无聊 事情 好了 超市 会议 卡,妈妈 办理 好了 超市 员工 卡
S005892_P0000_T00,会议 房子 有 多媒体 系统,会议 房子 有 多媒体 系统,会议 房子 有 多媒体 系统,会议 房子 多媒体 系统,房子 有 多媒体 系统,房子 多媒体 系统
S005892_P0006_T00,会议 房子 有 多媒体 系统,会议 房子 有 多媒体 电影 系统,会议 房子 有 多媒体 电影 系统,会议 房子 有 多媒体 电影 系统,会议 房子 有 多媒体 电影 系统,会议 房子 有 多媒体 电影 系统
S005893_P0000_T00,卡 我们 研究 后 才 可以 告诉 你 病 效果 什么,卡 我 研究 后 还 可以 告诉 你 病 结果 什么,卡 我 研究 后 还 可以 告诉 你 病 什么,卡 我 研究 后 还 可以 告诉 你 病 什么,卡 我 研究 高 告诉 你 病 是,这 我 研究 后 还 可以 告诉 你 病 做 什么
S005893_P0006_T00,卡 我们 研究 后 才 可以 告诉 你 病 效果 什么,卡 我 研究 到 还 可以 告诉 你 病 效果 什么,卡 我 研究 到 还 可以 告诉 你 病 效果 什么,卡 我 研究 到 还 可以 告诉 你 病 效果 什么,卡 研究 小 告诉 你 病 小 什么,卡 我 研究 重 还 告诉 这 病 效果 什么
S005894_P0006_T00,他 认为 自己 可以 进 决赛 没想到 他 1 开始 失败,他 认为 自己 可以 进 决赛 没想到 开始 失败,他 认为 自己 可以 进 决赛 没想到 开始 失败,他 认为 自己 可以 进 决赛 没想到 开始 失败,他 认为 自己 可以 进 比较 梦想 开始 百,他 认为 自己 可以 进 决赛 没想到 开始 失败
S005913_P0000_T00,前 年 1 这 艾滋 病 人 死 多,以前 年 这 艾滋 病 人 死 多,新 年 这 艾滋 病 人 死 多,新 年 这 艾滋 病 人 死 多,年 这 艾滋 病 人 多,新 年 1 这 艾滋 病 人 死 多
S005913_P0006_T00,前 年 1 这 艾滋 病 人 死 多,新 年 1 这 艾滋 病 人 死 多,新 年 1 这 艾滋 病 人 死 多,新 年 1 这 艾滋 病 人 死 多,新 年 1 艾滋 病 人 多,新 年 1 这 艾滋 病 人 死 多
S005931_P0000_T00,每 人 自己 有 特别 点 不 肯定 要 乱 瞎 模仿,每 人 自己 有 特别 点 不 应该 要 模仿,每 人 自己 有 特别 点 不 肯定 要 乱 瞎,每 人 自己 有 特别 点 不 肯定 要 乱七八糟 瞎 模仿,每 人 自己 有 特别 应该 不 应该 不行 乱 教,每 人 自己 有 特别 点 不 肯定 要 乱 瞎 十
S005931_P0006_T00,每 人 自己 有 特别 点 不 肯定 要 乱 瞎 模仿,每 人 自己 有 特别 点 不 应该 要 模仿,每 人 自己 有 特别 点 不 应该 要 乱 瞎 模仿,每 人 自己 有 特别 点 不 应该 要 瞎 模仿,每 人 自己 有 特别 写 不 应该 要 乱,每 人 自己 有 特别 点 不 应该 要 乱 瞎 模仿
S005933_P0000_T00,人们 排队 排队 清楚 这 是 好 习惯,人们 队 排队 队 清楚 这 是 好 习惯,人们 排队 清楚 这 是 好 习惯,人们 队 排队 清楚 这 是 好 习惯,人们 排队 法律 不行,人们 排队 清楚 这 是 好 习惯
S005933_P0009_T00,人们 排队 排队 清楚 这 是 好 习惯,人们 队 排队 清楚 这 是 好 习惯,人们 排队 干净 这 是 好 习惯,人们 排队 队 干净 这 是 好 习惯,人 排队 书 干净 这,人们 排队 清楚 这 是 好 习惯
S005936_P0000_T00,人 作弊 抓 人 脑子 空 好 还 强调 各种 什么 道理,人 作弊 骗 人 空 好 还 强调 各种 什么 道理,人 作弊 人 空 好 还 强调 各种 什么 道理,人 作弊 人 脑子 空 好 还 强调 各种 什么 道理,人 对 人 空 还有 强调 各种 道理,人 作弊 人 想 空 好 还 强调 各种 什么 道理
S005941_P0006_T00,这 事情 在 这 特别 点 场合 会 发生,这 事情 在 这 特别 场合 会 发生,这 事情 在 这 特别 场合 会 发生,这 事情 在 这 特别 场合 会 发生,这 事情 在 这 特别 地方 会 发生,这 事情 在 这 特别 点 期 地方 会 发生
S005941_P0009_T00,这 事情 在 这 特别 点 场合 会 发生,这 事情 在 这 特别 地方 会 发生,这 事情 在 这 特别 场合 会 发生,这 事情 在 这 特别 场合 会 发生,这 事情 在 这 特别 场合 会 发生,这 事情 在 这 特别 场合 会 发生
S005949_P0000_T00,因为 你 我 害羞 翻脸,因为 你 我 害羞 翻脸,因为 你 我 害羞 翻脸,因为 你 我 害羞 翻脸,因为 你 我 翻脸,因为 你 我 害羞 翻脸
S005949_P0006_T00,因为 你 我 害羞 翻脸,因为 你 我 害羞 翻脸,因为 你 我 害羞 翻脸,因为 你 我 害羞 翻脸,因为 他 我 吃 害羞 翻脸,因为 你 我 害羞 翻脸
S005956_P0000_T00,这 句子 多 害羞 我 还是 告诉 你,这 题目 多 害羞 我 还是 告诉 你,这 题目 多 害羞 我 还是 告诉 你,这 题目 多 害羞 我 还是 告诉 你,他 题目 害羞 我 惭愧 告诉 你,这 项目 多 害羞 我 还是 是 告诉 你
S005956_P0009_T00,这 句子 多 害羞 我 还是 告诉 你,你 句子 害羞 我 还是 告诉 你,你 句子 害羞 我 还是 告诉 你,你 句子 害羞 我 还是 告诉 你,他 句子 颜色 不 我 给 味道 你,这 害羞 我 还是 告诉 你
S005957_P0000_T00,像 你 粗 脑子 空 还 会 有 害羞,像 你 空 还有 会 有 害羞,像 你 脑子 空 还有 会 有 害羞,像 你 脑子 空 还有 会 有 害羞,看 你 眼睛 牛 空 脸 惭愧,像 你 喜欢 脑子 空 会 有 害羞
S005971_P0000_T00,这 好吃 喝 胖,他 味道 喝 大,他 味道 喝 大,他 爸爸 喝 大,他 吃,他 味道 喝 大
S005971_P0006_T00,这 好吃 喝 胖,他 好吃 喝 大,他 好吃 喝 大,他 好吃 喝 大,他 周 大,他 好吃 喝 大
S005972_P0006_T00,有 一些 倒霉 人 喜欢 喝 酒 解决 愁眉,有 一些 人 倒霉 人 喜欢 酒 解决 愁眉,有 一些 人 倒霉 人 喜欢 酒 解决 愁眉,有 一些 人 倒霉 人 喜欢 酒 解决 愁眉,一些 聪明 人 喜欢 酒 解决 烦,有 一些 人 倒霉 人 喜欢 酒 解决 愁眉
S005972_P0009_T00,有 一些 倒霉 人 喜欢 喝 酒 解决 愁眉,有 一些 倒霉 人 喜欢 酒,有 一些 倒霉 人 喜欢 饭店 酒,有 一些 倒霉 人 喜欢 酒,有 最近 过敏 人 喜欢 饭店 酒 解决,有 一些 倒霉 人 喜欢 酒 愁眉
S005981_P0009_T00,他 旅游 时间 每 到 1 地方 全部 会 发送 自己 拍,他 旅游 时间 每 到 地方 全部 会 发送 拍照,他 旅游 时间 每 到 地方 全部 会 发送 拍照,他 旅游 时间 每 到 地方 全部 会 拍照,他 老师 旅游 时间 发现 地方 全部 会 发送,他 旅游 时间 每 好 地方 全部 会 拍照
S005996_P0000_T00,如果 你 怀疑 阑尾 炎 最 好 给 药 不 孩子 会 痛,如果 你 怀疑 阑尾 炎 最 给 药 不 孩子 会,你 怀疑 阑尾 炎 最 给 药 不 孩子 会,如果 你 委屈 阑尾 炎 最 给 药 不 孩子 会 痛,妈妈 阑尾 炎 最 给 药 不 孩子 过敏,你 怀疑 阑尾 炎 最 给 药 不 孩子 会 痛
S005996_P0006_T00,如果 你 怀疑 阑尾 炎 最 好 给 药 不 孩子 会 痛,如果 你 怀疑 阑尾 炎 最 给 药 不 孩子 会 痛,如果 你 怀疑 阑尾 炎 钱 最 给 药 不 孩子 会 痛,如果 你 怀疑 阑尾 炎 最 给 药 不 孩子 会 痛,如果 你 我 阑尾 炎 钱 时间 给 药 不 孩子 会,如果 你 怀疑 阑尾 炎 最 给 药 不 孩子 会 痛
S006013_P0009_T00,共产党 政府 改革 发展 春天 下 全部 改变 新 形势 好,这 政府 这 发展 春天 下 全部 新 样子 好,这 火车 政府 这 发展 春天 下 全部 新 样子 好,这 政府 这 发展 春天 下 全部 新 样子 好,火车 发展 春天 后 全部 严格 到 情况,这 区 政府 这 发展 下 全部 新 大 好
S006015_P0000_T00,追 证明 信息 满意 要 经常 和 客 人 沟通,旅游 证明 信息 满意 要 经常 和 客 人 沟通,旅游 证明 信息 满意 要 经常 和 客 人 沟通,旅游 证明 信息 满意 要 经常 和 客 人 沟通,火车 证明 信息 客 人 沟通,证明 信息 满意 要 经常 和 客 人 沟通
S006017_P0000_T00,你 是 介绍 他 我 2 学校 合作,你 介绍 他 我 2 学校 合作,你 介绍 他 我 2 学校 合作,你 介绍 他 我 2 学校 合作,你 1 介绍 他 学校 合作,你 介绍 他 我 2 学校 合作
S006017_P0009_T00,你 是 介绍 他 我 2 学校 合作,你 介绍 他 我 和 学校 组 团,你 介绍 他 我 和 学校 组 团,你 介绍 他 我 和 学校 组 团,这 介绍 他 精彩 人 组 团,这 介绍 他 我 和 学校 组 团
S006035_P0000_T00,方 二维码 这 包括 信息 多,二维码 这 总结 信息 多,二维码 这 包括 信息 多,二维码 这 包括 信息 多,方法 二维码 这 消息 有,二维码 这 包括 信息 多
S006035_P0009_T00,方 二维码 这 包括 信息 多,方向 这 包括 信息 多,方 这 包括 信息 多,方 这 包括 信息 多,方法 这 包括 信息 有,方 这 包括 信息 多
S006043_P0000_T00,台 风 影响 大家 钱 全部 吃亏 多,哥哥 影响 大家 对 全部 吃亏 多,他 影响 大家 对 全部 吃亏 多,哥哥 影响 大家 对 全部 吃亏 多,他 影响 大家 钱 全部 吃亏,我 影响 大家 对 全部 吃亏 多
S006051_P0006_T00,东西 买卖 员工 热情 对 打招呼 让 客 人 指 东西,东西 让 员工 热情 对 不 客 人 东西,东西 事情 员工 热情 对 不 客 人 东西,东西 买卖 员工 热情 对 不 客 人 东西,东西 让 员工 热情 对 男 客 人 像 东西,东西 事情 员工 热情 对 不 客 人 东西
S006051_P0009_T00,东西 买卖 员工 热情 对 打招呼 让 客 人 指 东西,东西 买卖 员工 热情 对 不 让 看 东西,东西 买卖 员工 热情 对 不 请 看 东西,东西 买卖 员工 热情 对 不 请 看 东西,东西 卖 热情 对 男 请,东西 员工 热情 对 不 请 东西
S006071_P0009_T00,这 篇 文章 我 看 几 次 不懂,表格 文章 看 不懂,表格 文章 表格 看 不懂,表格 文章 看 不理,表格 文章 不懂,表格 文章 看 不懂
S006072_P0000_T00,坐 离开 超过 1 小时 有 人 书 拿 会,在 超过 1 小时 有 人 会,在 超过 1 小时 有 人 全部 会,在 超过 1 小时 有 人 全部 会,画画 超过 期 小时 有 人 全部 队 会,在 前 超过 小时 有 人 本 会
S006078_P0006_T00,定 位置 导航 系统 给 生活 方便,必须 坐 导航 是 系统 给 生活 方便,定 坐 导航 系统 给 生活 方便,定 坐 因为 导航 是 系统 给 生活 方便,定 不是 导航 系统 给 生活 方便,定 坐 导航 系统 给 生活 方便
S006078_P0009_T00,定 位置 导航 系统 给 生活 方便,决定 坐 先 导航 系统 给 方便,决定 位置 先 导航 系统 给 方便,决定 位置 先 导航 系统 给 方便,狗 位置 先 导航 系统 给 真 不行,决定 位置 因为 导航 系统 给 方便
S006081_P0006_T00,自行车 堵车 他 走 近 影响 交通,堵车 他 走 近 影响 交通,堵车 他 走 近 影响 交通,自行车 堵车 他 走 近 影响 交通,堵车 他 近 努力 影响 交通,研究 堵车 他 走 近 影响 交通
S006081_P0009_T00,自行车 堵车 他 走 近 影响 交通,十字路 他 走 近 影响 交通,火车 他 走 近 影响 交通,十字路 堵车 他 走 近 影响 交通,火车 他 努力 影响,十字路 他 走 近 影响 交通
S006086_P0006_T00,他 想法 好 经常 和 人 交流 意见,想 好 经常 和 人 交流 意见,想 好 经常 和 人 交流 意见,想法 好 经常 和 人 交流 意见,想 好 经常 和 人 交流 意见,想 好 经常 和 人 交流 意见
S006086_P0009_T00,他 想法 好 经常 和 人 交流 意见,想 想法 好 经常 和 人 交流 意见,想法 好 经常 和 人 交流 意见,想法 好 经常 和 人 交流 意见,想法 经常 交流,想法 好 经常 和 人 交流 意见
S006089_P0000_T00,我 存折 里 有 500,我 银行 存折 里 有 500,我 银行 存折 里 有 500,我 银行 存折 里 有 500,昨天 公司 存折 里 有,我 银行 存折 里 有 500
S006115_P0000_T00,成功 企业 房子 是 一直 对 强 学 他 成功 经验,成功 企业 房子 是 一直 对 强 学 他 成功 经验,成功 企业 房子 是 一直 对 强 学 成功 经验,成功 企业 房子 是 一直 对 强 学 成功 经验,成功 企业 房子 有 一直 对 强 成功 经验,成功 企业 房子 是 一直 对 强 学 他 成功 经验
S006115_P0006_T00,成功 企业 房子 是 一直 对 强 学 他 成功 经验,成功 企业 房子 是 一直 对 强 学 他 成功 经验,成功 企业 房子 是 一直 对 强 学 他 成功 经验,成功 企业 房子 是 一直 对 强 学 他 成功 经验,成功 企业 是 一直 对 强 医生 他 成功 经验,成功 企业 房子 是 一直 对 强 学 他 成功 经验
S006127_P0006_T00,做 生意 脑子 你 有,做 生意 思考 知道 你 有,做 生意 思考 你 有,做 生意 思考 你 有,做 生意 糖,做 生意 思考 知道 你 有
S006144_P0009_T00,艾滋 病 传染 方法 重要 是 什么 做爱 传染,艾滋 病 传染 方法 重要 是 什么 追 传染,艾滋 病 传染 方法 重要 是 什么 传染,艾滋 病 传染 方法 重要 是 什么 追 传染,艾滋 病 方法 重要 是 传染,艾滋 病 传染 方法 重要 是 什么 旅游 传染
S006160_P0000_T00,街道 前 超市 有 1,街道 这 超市 有 1,街道 这 超市 有 1,街道 这 超市 有 1,街道 超市 小,街道 帮助 这 超市 有 1
S006160_P0009_T00,街道 前 超市 有 1,路 街道 有 这 是 超市 买 有 1,路 街道 有 这 超市 买 有 1,路 街道 有 这 超市 买 有 1,街道 是 超市 买 是,街道 有 超市 买 有 1
S006180_P0009_T00,爱 感情 跳 每 脉搏,爱 感情 跳 每 病,爱 感情 跳 每 病,爱 感情 跳 每 病,爱 感情 固定 遗传 病 拍,爱 感情 跳 每 病
S006206_P0000_T00,我 电脑 笔记本 不见,我 笔记本 不见,我 电脑 笔记本 不见,我 电脑 笔记本 不见,我 笔记本 不见,我 电脑 笔记本 不见
S006206_P0006_T00,我 电脑 笔记本 不见,我 电脑 笔记本 不见,我 电脑 笔记本 不见,我 电脑 笔记本 不见,我 笔记本 买,我 笔记本 不见
S006241_P0006_T00,字 身体 没有 固定 意思 是 人 表现 自己 表示,字 身体 没有 肯定 意思 是 人 表示 自己 表现,题目 身体 没有 肯定 意思 是 人 表示 自己 表现,题目 身体 没有 肯定 意思 是 人 表示 自己 表现,身体 没有 位置 写 是 人 表示 自己 表现,项目 身体 没有 应该 意思 是 人 表示 自己 表现
S006244_P0000_T00,饭 卡 丢 2 天 开始 2 天 钱 减 会 不,信 丢 2 开始 天 钱 会 不,信 丢 2 开始 天 钱 会 不,信 丢 2 开始 天 钱 减 会 不,信 走 开始 小 里 生日,信 丢 2 开始 天 钱 会 不
S006244_P0006_T00,饭 卡 丢 2 天 开始 2 天 钱 减 会 不,丢 2 开始 天 钱 会 不,丢 2 开始 天 钱 生日 会 不,信 丢 2 开始 天 钱 会 不,开始 天 生日 会,丢 2 开始 天 钱 会 不
S006258_P0009_T00,因为 害怕 报复 他 天 心跳 吃 不,因为 我 报复 天天 担心 不,因为 我 报复 天天 担心 不,因为 我 报复 天天 担心 不,因为 报复 过敏 担心 弱 吃 没有,因为 我 报复 天天 心 不
S006268_P0006_T00,大概 你 想 我 成功 没有 吃亏 你 不 怀疑 每天 距离 这 成功 1 步,想 要 成功 没有 吃亏 你 不 怀疑 每天 距离 这 成功,想 要 成功 没有 吃亏 你 不 怀疑 每天 距离 这 成功,想 要 成功 没有 吃亏 你 不 委屈 怀疑 每天 距离 这 成功,要 成功 没有 吃亏 你 不 我 经常 成功,想 要 成功 没有 吃亏 你 不 怀疑 每天 距离 这 成功
S006268_P0009_T00,大概 你 想 我 成功 没有 吃亏 你 不 怀疑 每天 距离 这 成功 1 步,想 要 成功 没有 吃亏 你 不 怀疑 每天 给 这 成功 实践,想 要 成功 没有 吃亏 你 不 怀疑 每天 今天 这 成功 实践,想 要 成功 没有 吃亏 你 不 怀疑 每天 这 成功 实践,明天 老师 他 强调 语言 今天 这 成功 自己 实践 步,想 要 没有 吃亏 这 不 怀疑 经常 生意 这 成功 实践
S006300_P0006_T00,到 银行 工作 是 惊讶 我 可以 不行 拒绝,工作 是 奇怪 我 可以 不行 拒绝,工作 是 奇怪 我 可以 不行 拒绝,工作 是 奇怪 我 可以 不行 拒绝,工作 看 我 卑,工作 是 奇怪 我 可以 不行 拒绝
S006312_P0000_T00,全部 同学 坐 好 后 联欢 晚上 会议 开始,全部 学校 在 后 联系 晚上 会议 开始,全部 学校 在 后 联系 晚上 会议 开始,全部 学校 在 后 联系 会议 开始,全部 同学 在 高 连 晚上 会议 开始,全部 同学 在 后 联系 晚上 会议 开始
S006312_P0009_T00,全部 同学 坐 好 后 联欢 晚上 会议 开始,全部 学校 在 后 联系 晚上 会议 开始,全部 学校 在 后 联系 晚上 会议 开始,全部 学校 在 后 联系 晚上 会议 开始,全部 学校 在 后 联系 晚上 会议 开始,全部 学校 在 后 联系 晚上 会议 开始
S006344_P0009_T00,他 人 品 好 可以 力量 强 公 系统 没有 录取 成功 可惜,产品 可以 能力 强 公司 没有 录取 成功 怎么办,品 能力 强 公司 没有 录取 成功 怎么办,品 能力 强 公司 没有 录取 成功 怎么办,品 到 能力 强 公司 没有 录取 成功 怎么办,产品 可以 能力 公司 没有 录取 成功 怎么办
S006352_P0000_T00,王 叔叔 对 坏 人 插 害怕 没有,认识 对 坏 人 我 没有,我 叔叔 对 坏 人 我 没有,公 叔叔 对 坏 人 我 没有,我 老师 对 人 我,为 叔叔 对 坏 人 我 没有
S006416_P0009_T00,这 电影 女 演员 美丽 好,这 电影 演员 美丽,这 电影 演员 自己 美丽,这 电影 演员 美丽,这 对 演员 自己 美丽,这 电影 演员 自己 美丽
S006423_P0000_T00,今 短信息 用 人 少,今天 短信息 用 人,今天 短信息 用 人,今天 短信息 用 人 少,今天 短信息 用 人 多,今天 短信息 用 人 有
S006430_P0000_T00,他 恋爱 有 对象 他 假,这 人 有 对象 他 等,人 有 对象 他 等,人 有 对象 他 等,人 有 对象 是 蓝牙,人 有 对象 他 假
S006452_P0000_T00,对 我们 来 说 1 分钟 是 宝贵,对 我们 来 说 分钟 贵,对 我们 来 说 分钟 贵,对 我们 来 说 分钟 贵,对 我们 说 分钟 贵,对 我们 说 问题 贵
S006453_P0009_T00,你 冷静 我 帮助 会,你 冷静 我 帮助 会,你 冷静 我 帮助 会,你 冷静 我 帮助 会,你 安静 我 帮助 会,你 冷静 我 帮助 会
S006477_P0000_T00,洗 衣服 机器 前 衣服 口 检查 有 东西 餐巾 纸 有,洗 衣服 前 衣服 空 查询 有 东西 餐巾 纸 有,洗 衣服 前 衣服 空 查询 有 东西 餐巾 纸 有,洗 衣服 前 衣服 空 查询 有 东西 餐巾 纸 有,洗 衣服 前 要 查询 东西 吃亏,洗 衣服 前 衣服 空 查询 有 东西 餐巾 纸 有
S006480_P0009_T00,外卖 公司 名字 不同,外卖 公司 人 不同,外卖 公司 人 不同,外卖 公司 人 不同,外卖 公司 人 不是,外卖 公司 人 不同
S006484_P0009_T00,飞 人 没有 方法 超,飞机 人 没有 方法 超,飞机 人 没有 方法 超过,飞机 人 没有 方法 超,美国 人 没有 方法 超过,飞机 人 没有 方法 超过
S006490_P0000_T00,学校 年 1 次 音乐 比赛 开始,学校 年 1 音乐 比赛 开始,学校 年 1 比赛 开始,学校 年 1 音乐 比赛 开始,学校 年 1 比赛 开始,我 年 1 比赛 开始
S006493_P0009_T00,纸 表格 复印 好了,纸 表格 复印 好了,纸 表格 打印 好了,纸 表格 打印 好了,纸 表格 打印 好了,纸 表格 打印 好了
S006499_P0009_T00,玻璃 圆 做 碗 以前 旧,玻璃 工作 以前 习惯,玻璃 工作 以前 习惯,玻璃 工作 以前 习惯,梦想 做 赚 自己 聪明,会 掉 做 以前 1
S006505_P0009_T00,彩票 买 钱 2 最 低,彩票 买 2 最 低,彩票 买 2 最 低,彩票 买 2 最 低,彩票 买 衣服 最,彩票 增加 买 2 最 低
S006532_P0009_T00,你 能力 拿 冠军 真 可以,能力 冠军 真 可以,能力 冠军 真 可以,能力 冠军 真,外国 真 不懂,能力 冠军 真 可以
S006537_P0009_T00,越 多 接触 我 越 多 感觉 到 他 人 性格 好,亲切 我 越 到 人 性格 好,多 亲切 我 越 感觉 到 人 性格 好,多 亲切 我 越 感觉 到 人 性格 好,亲切 我 感觉 人 上网,多 接触 我 越 感觉 到 人 性格 好
S006540_P0009_T00,上海 可以 说 是 中国 金融 中心,上海 可以 说 是 中国 经济 妈妈 心,上海 可以 说 是 中国 经济 妈妈 心,上海 可以 说 是 中国 经济 妈妈 心,上海 老师 说 是 中国 经济 妈妈 心,上海 可以 说 是 中国 经济 妈妈 心
S006542_P0000_T00,我 一直 感觉 他 工作 金融 人 人 多 保密,他 做 金融 人 多 秘密,想 做 金融 人 多 秘密,他 做 金融 人 多 秘密,想 做 金融 人 不,想 做 金融 人 多 秘密
S006564_P0009_T00,我们 在 这 发现 有 河 脏,在 发现 河 习惯,在 发现 河 习惯,在 发现 河 习惯,在 差 河 方便,在 发现 路 习惯
S006565_P0009_T00,我 越 读 越 发现 自己 聪明,读 发现 自己 聪明,越 读书 发现 自己 聪明,越 读 发现 自己 聪明,他 读书 要 看 聪明,越 读书 发现 自己 聪明
S006575_P0000_T00,老 人 迷信 信 多,老 人 迷信 信 多,老 人 迷信 信 多,老 人 迷信 信 多,老 人 信 30,老 人 迷信 多
S006584_P0009_T00,过来 电 线 插,快 线 固定,快 线,快 线 登记,快 线,快 线 积累
S006640_P0009_T00,病 情况 还有 外 比如 说 呕吐 头痛 各种 有,情况 外 像 说 乏味 各种 有,情况 外 像 说 到 各种 有,网 情况 外 像 说 同意 各种 有,网 样子 外 像 说 到 各种 多,情况 外 像 说 痛 各种 有
S006667_P0009_T00,同学 运动会 拿 到 第一 成绩,同学 运动会 拿 第一 成绩 分钟,同学 拿 第一 成绩,同学 拿 第一 成绩,同学 比 第一 保养,同学 把 他 第一 合肥
S006674_P0009_T00,小 程序 这 不用 下载 可以 直接 用 多 方便,小 经过 这 不用 下载 可以 一直 用 多 方便,小 程序 这 不用 下载 可以 一直 用 多 方便,小 程序 这 请假 下载 可以 一直 用 多 方便,这 程序 要 不行 任何 可以 一直 用 方便,小 过程 这 不用 迟到 可以 用 方便
S006677_P0000_T00,医生 给 我 处方 是 专门 感冒 药,医生 给 我 处方 是 专门 感冒 药,医生 给 处方 是 专门 感冒 药,医生 给 我 处方 是 专门 感冒 药,医生 给 处方 是 专门 感冒,医生 给 处方 是 专门 感冒 药
S006686_P0009_T00,你 乏味 生活 我 忍受 不行,你 乏味 生活 我 忍受 不行,你 乏味 生活 我 忍受 不行,你 乏味 生活 我 忍受 不行,你 不 生活 我 眼睛,你 乏味 生活 我 忍受 不行
S006694_P0000_T00,幸好 我 发现 快 不 承认 倒霉,幸运 我 发现 快 不 承认 倒霉,幸运 我 发现 快 不 承认 倒霉,幸运 我 发现 快 不 承认 倒霉,警察 我 没有 你 走 不 承认 不幸,幸运 我 发现 快 不 承认 倒霉
S006699_P0000_T00,他 路 犹豫 表情 茫然,这 路 自行车 脸 表情 茫然,这 路 自行车 脸 表情 茫然,这 路 自行车 脸 表情 茫然,路 脸 表情 想 茫然,这 路 自行车 脸 表情 茫然
S006700_P0000_T00,你 会 说 大 话 其实 做 他 茫然,你 会 说 大 红 真 做 你 茫然,你 会 说 大 其实 做 你 茫然,你 会 说 大 红 其实 做 你 茫然,会 说 大 好 其实 做,你 会 说 大 真 做 你 茫然
S006715_P0009_T00,国家 规定 同学 们 要 按照 每 学 期 付 钱 要 要,在 学校 按照 每 期 付 要,在 学校 按照 每 期 付 要,写 学校 遵守 每 期 付 要,在 学校 按照 晚期 拿 要,在 学校 按照 每 期 付 要
S006748_P0009_T00,等 我 长大 要 报名 战 队 要 前 线 做 护士,我 高 要 报名 战争 这 员工,我 高 要 报名 战争 护士,我 高 要 报名 战争 前 护士,我 高 报名 战争 线 护士,我 长大 要 报名 战争 护士
S006754_P0000_T00,我们 应该 在 体育 课 教 不 受伤 方法,我们 应该 运动 课 教 不 受伤 方法,我们 应该 运动 课 教 不 受伤 方法,我们 应该 运动 课 教 不 受伤 方法,我们 应该 运动 教 不 受伤 方法,我们 应该 运动 课 教 不 受伤 方法
S006761_P0009_T00,我们 老师 仔细 好 注意 一直 观察 同学 心理 变化,我们 仔细 好 注意 找 互相 变 变化,我们 线 好 注意 找 互相 变,我们 线 好 注意 找 互相 变,我们 线 在 找 人 学校,我们 仔细 好 注意 找 互相 变化
S006770_P0009_T00,银行 卡 限制 自己 身份 人 不行 借,银行 卡 人 自己 不行 2,银行 卡 人 自己 不行,银行 卡 人 自己 打胎 不行,银行 对 自己 检查 不行,银行 卡 人 自己 不行 2
S006772_P0000_T00,共 经济 买卖 或 租 是 不 愿意 签名,西 经济 卖 或者 租 是 不 喜欢 签名,西 经济 或者 是 不 喜欢 签名,西 经济 或者 是 不 喜欢 签名,动物 经济 商店 卖 或者 时间 是 不是,总 经济 或者 股票 是 不 喜欢 签名
S006779_P0000_T00,这 传染 病 是 通 空气 传染 你 要 注意 预防,这 传染 病 通过 呼吸 传染 你 要 必须 注意 防止,这 传染 病 通过 呼吸 传染 你 要 注意 预防,那 传染 病 通过 气 传染 你 要 注意 预防,这 传染 病 通过 呼吸 传染 要 注意 预防,这 传染 病 通过 呼吸 感染 你 要 注意 预防
S006813_P0000_T00,年 20 后 政府 帮助 他 终于 定居,年 1 后 政府 帮助 他 最后 定居,年 1 后 政府 帮助 他 最后 定居,年 1 后 政府 帮助 他 最后 定居,年 1 后 政府 帮助 要 彻底 定居,年 后 政府 帮助 他 始终 定居
S006819_P0007_T00,医生 穿 衣服 医生 白,医生 穿 衣服 医生 白,医生 穿 衣服 医生 白,医生 穿 衣服 医生 白,领导 穿 衣服 医生,医生 穿 衣服 医生 白
S006835_P0000_T00,1 一直 依然 不够 要 破,1 一直 仍然 不够 要,你 一直 仍然 不够 要,你 一直 仍然 不够 要,他 一直 强调 要,你 一直 仍然 不够 要
S006835_P0003_T00,1 一直 依然 不够 要 破,一直 看 不够 要 破,一直 看 不够 要 破,一直 看 不够 要 破坏,一直 看 没有 要 解决,一直 看 不够 要 写
S006854_P0007_T00,你 存折 丢 快 去 银行 增加 办,你 银行 存折 丢 快 去 银行 增加 事情,你 银行 丢 快 去 银行 增加 事情,你 银行 存折 丢 快 去 银行 增加 事情,自己 银行 缺少 安全 银行 增加 事情,你 银行 丢 快 去 银行 增加 事情
S006868_P0000_T00,躺 担架 他 晕,担架 他 晕,担架 晕,担架 晕,担架 忘记,饭店 担架 晕
S006868_P0007_T00,躺 担架 他 晕,担架 晕 赋,担架 晕,担架 晕,担架,担架 晕
S006873_P0003_T00,工人 工作 自己 技术 提高 进步,工 人 工作 技术 提高 进步,工 人 工作 技术 提高 进步,工 人 工作 技术 提高 进步,工 人 工作 技术 提高 护士,工 人 工作 技术 提高 进步
S006875_P0007_T00,他 1 知道 重复 别 人 想法 自己 看法 没有,知道 重复 别 人 感觉 自己 认为 没有,重复 别 人 感觉 自己 认为 没有,知道 重复 别 人 感觉 自己 认为 没有,重复 别 人 感觉 自己 认为,知道 建设 别 人 感觉 自己 认为 没有
S006883_P0003_T00,他 后 想 做 科学 房子,我 后 想 做 科学 房子,我 后 想 做 科学 房子,我 后 想 做 科学 房子,我 原来 要 想 做 外国 科学 房子,我 后 想 做 科学 房子
S006904_P0000_T00,我们 校园 干净,我们 校园 里 清楚,我们 校园 园 清楚,我们 校园 园 多 清楚,我们 校园 环境 清楚,我们 校园 园 清楚
S006904_P0003_T00,我们 校园 干净,我们 学校 校园 里 多 清楚,我们 学校 校园 里 多 清楚,我们 校园 里 多 清楚,我们 校园 清楚,我们 校园 里 多 清楚
S006946_P0007_T00,猫 看 这 小 鸟 惊吓,猫 这 小 妈妈 惊吓,猫 你 小 妈妈 惊吓,猫 这 小 妈妈 惊吓,没有 你 看 吃饭 惊吓,猫 这 小 妈妈 惊吓
S006967_P0000_T00,你 看 他 接受 大 委屈 全部 没有 说 你 还 有 什么 不 平,你 看 他 大 委屈 全部 没有 说 你 还 什么,你 看 他 接受 大 委屈 全部 没有 说 你 还 什么,你 看 他 接受 大 委屈 全部 没有 说 你 还 有 什么,想 接受 大 我们 全部 没有 还 什么,这 看 他 接受 大 怀疑 全部 没有 说 你 还 有 什么 清楚
S006968_P0003_T00,老师 批评 小 明 好了 小 明 感觉 多 委屈 快 找 人 倾诉,老师 批评 小 明 好了 小 明 感觉 委屈 发现 找 人 倾诉,老师 批评 小 明 好了 小 明 感觉 勉强 发现 找 人 倾诉,老师 批评 小 明天 好了 小 感觉 勉强 发现 找 人 倾诉,老师 工作 看 好了 他 感觉 多 他 人 像,老师 批评 小 明天 好了 小 明 感觉 请客 找 人 倾诉
S006968_P0007_T00,老师 批评 小 明 好了 小 明 感觉 多 委屈 快 找 人 倾诉,老师 批评 明天 好了 明 感觉 找 人 倾诉,老师 批评 明天 好了 明 感觉 委屈 找 人,老师 批评 明天 好了 明 感觉 委屈 找 人,老师 批评 到 好了 年轻 人 害怕,老师 批评 明 好了 明 感觉 委屈 找 人
S006990_P0000_T00,以前 有 1 店 租 今天 找 不行,有 1 店 租 今天 找 不行,过去 有 1 店 租 今天 找 不行,过去 有 1 店 租 今天 找 不行,过去 多 店 决定 今天 找,过去 有 1 店 今天 找 不行
S006990_P0007_T00,以前 有 1 店 租 今天 找 不行,以前 有 夫妻 今天 找 不行,以前 有 店 租 今天 找 不行,以前 有 夫妻 租 今天 找 不行,店 时间 今天 找,以前 有 学生 租 今天 找 不行
S006995_P0007_T00,我 自己 愿意 参加 组,我 自己 愿意 参加 组,我 自己 愿意 参加 组,我 自己 愿意 参加 组,自己 愿意 组,我 自己 愿意 参加 组
S007039_P0007_T00,地铁 站 多 新 特色,地铁 站 多 新 特色,地铁 站 多 新 特色,地铁 站 多 新 特色,地铁 站 我 特色,地铁 站 有 新 特色
S007042_P0000_T00,封面 设计 是 艺术 设计,封面 设计 是 艺术 设计,封面 设计 是 艺术 设计,封面 设计 是 艺术 设计,封面 设计 是 艺术 技术 计划,封面 设计 是 艺术 设计
S007042_P0003_T00,封面 设计 是 艺术 设计,封面 设计 技术 设计,封面 设计 技术 设计,封面 设计 技术 设计,封面 设计 包 计划,封面 设计 技术 设计
S007053_P0000_T00,合同 要 写 清楚 日期 预防 没有 效果,护照 要 写 日期 预防 没有 效果,护照 要 写 日期 预防 没有 效果,护照 要 写 日期 预防 没有 效果,护照 老师 写 日期 预防,护照 要 写 日期 预防 没有
S007053_P0007_T00,合同 要 写 清楚 日期 预防 没有 效果,合同 写 日期 预防 效果,合同 写 日期 预防 效果,合同 写 日期 预防 效果,合同 写 效果,护照 写 日期 预防 效果
S007055_P0000_T00,北京 著名 签名 片子 是 什么 是 人们 大 会 房子,签名 片子 是 什么 北京 最 大 是 人们 会议 房子,签名 片子 是 什么 北京 最 大 是 人们 会议 房子,签名 片子 是 什么 北京 最 大 是 人们 会议 房子,签名 片子 是 什么 北京 最 大 冷 是 人们 会议 房子,签名 片子 是 什么 北京 最 大 是 人们 房子
S007055_P0003_T00,北京 著名 签名 片子 是 什么 是 人们 大 会 房子,北京 著名 签名 片子 什么 是 人们 大 房子,北京 著名 签名 片子 什么 是 人们 大 房子,北京 著名 签名 片子 什么 是 人们 大 房子,北京 努力 签名 片子 什么 是 人 大 房子,北京 著名 签名 片子 是 什么 是 人们 大 房子
S007057_P0003_T00,2 对 夫妻 组 团 去 美国 旅游,2 对 夫妻 组 团 去 美国 旅游,2 对 夫妻 组 团 去 美国 旅游,2 对 夫妻 组 团 去 美国 旅游,2 对 夫妻 身份证 组 团 去 美国 旅游,2 对 夫妻 组 团 去 美国 旅游
S007057_P0007_T00,2 对 夫妻 组 团 去 美国 旅游,2 对 夫妻 组 团 去 美国 旅游,2 对 夫妻 组 团 去 美国 旅游,2 对 夫妻 组 团 去 美国 旅游,2 对 夫妻 组 团 去 美国 旅游,2 对 夫妻 组 团 去 美国 旅游
S007065_P0003_T00,工厂 急 招 多少 技术 熟悉 工人,厂 着急 招聘 多少 技术 熟悉 工 人,厂 着急 招聘 多少 技术 熟悉 工 人,厂 着急 招聘 多少 技术 熟悉 工 人,厂 着急 海 技术 熟悉 工 人,厂 着急 招聘 多少 技术 熟悉 工 人
S007067_P0003_T00,为 客气 远 亲属 哥哥 妈妈 做 炒 菜 菜,为 礼貌 远 亲属 妈妈 哥哥,为 礼貌 远 亲属 妈妈 哥哥 做,为 礼貌 远 亲属 妈妈 哥哥 做 一直,为 收 远 亲属 爸爸 妈妈 要 做 一直,为 礼貌 远 亲属 妈妈 做
S007067_P0007_T00,为 客气 远 亲属 哥哥 妈妈 做 炒 菜 菜,为 让 远 亲属 哥哥 中 炒 小 炒,为 远 亲属 哥哥 妈妈 炒 钱,为 礼貌 远 亲属 哥哥 妈妈 炒 小,为 长 亲属 妈妈 礼貌 钱,为 远 亲属 哥哥 妈妈 炒 钱
S007072_P0007_T00,他 永远 是 我们 学 好 榜样,借口 辈 是 我们 学 榜样,王 辈 是 我们 学 榜样,王 辈 是 我们 学 榜样,王 中国 我们 领导 榜样,是 我们 学 榜样
S007080_P0000_T00,孩子 打针 变 安静,打针 这 变 安静,打针 这 变 安静,打针 这 变 安静,打针 改变 变 安静,打针 这 变 安静
S007080_P0003_T00,孩子 打针 变 安静,孩子 打针 他 变 安静,孩子 打针 他 变 安静,孩子 打针 他 变 安静,孩子 死 学生 你们 变 安静,孩子 打针 他 变 安静
S007088_P0007_T00,你 点 这 检查 会 出现,你 点 查询 朋友 机器 会 活动,你 点 查询 朋友 机器 会 活动,你 点 查询 朋友 机会 会 活动,你 必须 查询 鼓励 日期 会 运动,你 点 检查 朋友 机器 会 活动
S007118_P0003_T00,我 梦想 时间 发现 你 追 我,我 工作 时间 你 他 追 我,我 做 时间 你 他 追 我,我 做 时间 你 他 追 我,我 工作 时间 你 应该 追 我 要,我 手机 时间 你 在 追 我
S007120_P0000_T00,我 是 没有 男 人 要 你 乱 说 什么,我 是 没有 男 人 要 你 乱 说 不,我 是 没有 男 人 要 你 乱 说 不,我 是 没有 男 人 要 你 乱 说 不,我 是 没有 男 人 要 你 乱,我 是 没有 男 人 要 你 安装 说 不
S007121_P0000_T00,你 喜欢 油 还 吃 胖 不喜欢,你 喜欢 油 还 吃 饱 不喜欢,喜欢 油 还 吃 饱 不喜欢,喜欢 油 又 吃 饱 不喜欢,喜欢 星期 吃 饱 负责,喜欢 还 吃 饱 不喜欢
S007121_P0007_T00,你 喜欢 油 还 吃 胖 不喜欢,喜欢 油 吃 饱 不喜欢,喜欢 油 吃 饱 不喜欢,喜欢 油 吃 饱 不喜欢,如果 问题 吃 饱 多,喜欢 油 吃 饱 不喜欢
S007123_P0000_T00,你 感冒 严重 要 快 去 医院,你 感冒 严重 要 快 去 医院,你 感冒 严重 要 快 去 医院,你 感冒 严重 要 快 去 医院,感冒 严重 要 去 医院,你 感冒 严重 要 快 去 医院
S007126_P0000_T00,中国 经济 发展 钱 工资 涨,中国 发展 好 钱 工资 钱 涨,中国 发展 好 钱 工资 涨,中国 发展 好 钱 工资 涨,中国 发展 好 钱 工资 钱 涨,中国 发展 好 钱 工资 涨
S007126_P0003_T00,中国 经济 发展 钱 工资 涨,国家 经济 发展 工资 涨,国家 经济 发展 工资 涨,国家 经济 发展 工资 涨,国家 发展 工资 涨,国家 经济 发展 工资 人 涨
S007133_P0003_T00,他 腿 关节 手术 成功,腿 关节 手术 成功,腿 关节 手术 成功,腿 关节 手术 成功,腿 关节 手术 成功,腿 关节 手术 成功
S007133_P0007_T00,他 腿 关节 手术 成功,这 腿 关节 手术 成功,这 腿 关节 手术 成功,这 腿 关节 手术 成功,腿 关节 手术 成功,这 腿 关节 手术 成功
S007137_P0003_T00,广告 公司 可以 展示 画画 技术,这 广告 公司 可以 展示 画画 技术,这 广告 公司 可以 展示 画画 技术,这 广告 公司 可以 展示 画画 技术,这 广告 公司 可以 时间 技术,这 广告 公司 可以 因为 技术
S007140_P0000_T00,核磁共振 方法 来 决定 表面 机器,核磁共振 方法 来 定 封面 机器,核磁共振 方法 来 定 封面 机器,核磁共振 方法 来 定 封面 机器,方法 原来 分 封面 机器,核磁共振 方法 来 决定 封面 机器
S007140_P0003_T00,核磁共振 方法 来 决定 表面 机器,核磁共振 法 来 决定 封面 机器,核磁共振 方法 来 决定 封面 机器,核磁共振 方法 来 定 封面 机器,核磁共振 方法 决定 包 机器,核磁共振 方法 来 肯定 封面 机器
S007148_P0000_T00,急诊 医院 发现 这 多 病 人 没有 医院 保险 付 钱 不行,急诊 医院 发现 这 多 没有 医院 保险 付 负责 不行,急诊 医院 发现 多 没有 医院 保险 付 负责 不行,急诊 医院 发现 这 多 没有 医院 保险 付 负责 不行,急诊 医院 没有 有 多 没有 医院 付 负责,急诊 医院 发现 有 多 没有 医院 保险 付 负责 不行
S007154_P0003_T00,全国 人们 对 事故 不幸 亲属 表示 难过,全部 人 对 他 发生 故障 他 亲属 表示 难过,全部 人 对 他 发生 故障 亲属 表示 难过 委屈,全部 人 对 他 发生 故障 他 亲属 表示 难过 委屈,全部 人 对 他 发生 要求 亲属 表示 难过,全部 人 对 他 事故 影响 他 亲属 表示 难过 委屈
S007154_P0007_T00,全国 人们 对 事故 不幸 亲属 表示 难过,全部 要 人们 对 这 事情 事故 倒霉 亲属 表示 难过,全部 人们 对 这 事故 倒霉 亲属 表示 难过,全部 人们 对 这 事故 倒霉 亲属 表示 难过,全部 是 人们 对 大概 学 亲属 找,一起 人们 人 对 这 事故 倒霉 亲属 表示 难过
S007160_P0003_T00,他 学生 爱好 电脑 他 一直 是 找 借口 骗 爸爸 妈妈 钱 去 上网,他 爱好 电脑 这 找 比 妈妈 钱 网,他 爱好 电脑 找 比 妈妈 钱 网,他 爱好 电脑 这 找 妈妈 钱 网,这 爱 电脑 是 世界 经济 网,他 爱好 电脑 你 找 比 妈妈 钱 上网
S007161_P0000_T00,老师 教 学 工作 年 年 得 丰富 经验,老师 教 学 工作 年 得 多 经验,老师 教 学 工作 年 得 多 经验,老师 教 学 工作 年 得 多 经验,老师 教 学 工作 年 失败 得 大 经验,老师 教 学 工作 年 得 经验
S007167_P0007_T00,快递 员工 今天 积极 工作,快递 员工 今天 工作,快递 员工 今天 工作,快递 员工 今天 工作,员工 钱 今天 工作,员工 今天 工作
S007175_P0003_T00,你 女儿 房子 美丽 全部 颜色 粉,你 女儿 房子 美丽 全部,你 女儿 房子 美丽 全部 钱,你 女儿 房子 美丽 全部 钱 颜色,他 女儿 房子 美丽 全部 喜欢,他 女儿 房子 美丽 全部 钱
S007175_P0007_T00,你 女儿 房子 美丽 全部 颜色 粉,你 女儿 房子 美丽 全部 颜色 粉,女儿 房子 美丽 全部 颜色 粉,你 女儿 房子 美丽 全部 颜色 粉,女儿 房子 谁 全部 喜欢 粉,你 女儿 房子 美丽 全部 颜色 粉
S007192_P0007_T00,限制 人流 方法 什么 票 钱 提高,人 公司 方法 是 票 钱 提高,人 交通 方法 是 票 钱 提高,对 人 人流 方法 是 票 提高,人 交通 方法 保护 提高,交通 方法 是 票 钱 提高
S007211_P0000_T00,天 多 晚 我 害怕,天 晚上 我 害怕,天 晚上 我 害怕,天 晚上 我 害怕,白天 晚上 害怕,天 晚上 害怕
S007211_P0007_T00,天 多 晚 我 害怕,晚上 我 害怕,晚上 我 害怕,晚上 我 害怕,晚上 害怕,晚上 我 害怕
S007218_P0007_T00,考 验 小 风 抵挡 不行 爱 感情 时间 长 不行,考试 验 风 抵挡 不行 感情 时间 长 不行,考试 验 风 抵挡 不行 爱 感情 时间 长 不行,考试 验 风 抵挡 不行 爱 感情 时间 长 不行,考试 快 抵挡 爱 时间 长 不行,考试 验 风 人 感情 时间 不行
S007229_P0003_T00,创新 是 艺术 如果 只 模仿 模仿 模仿 艺术 有 什么 活泼 力量,法律 艺术 如果 模仿 技术 有 力量,不懂 重复 如果 模仿 技术 有 活,是 重复 如果 模仿 技术 有 多,知道 技术 如果 模仿 他 技术 变化,不懂 系统 如果 模仿 技术 有 活 力
S007229_P0007_T00,创新 是 艺术 如果 只 模仿 模仿 模仿 艺术 有 什么 活泼 力量,技术 重要 白天 模仿 技术 有 活 力量,技术 重要 白 模仿 技术 有 活,技术 重要 发明 模仿 技术 有 灵活,事情 在 上 每天 风 模仿 技术 小 忘记,技术 真 白 追 技术 有 过敏
S007256_P0003_T00,我 实践 工资 没有 公交车 增加 贴 有,我 吃 工资 没有 公交车 班 有,我 吃 没有 公交车 最 有,我 吃 工资 没有 公交车 增加 有,我 是 干 没有 学 最 好,我 方法 没有 公交车 有
S007259_P0000_T00,1 盒子 八宝粥 时间 废,路 八宝粥 时间 过期,八宝粥 时间 废,这 八宝粥 时间 废,中国 废,八宝粥 时间 废
S007278_P0000_T00,越 多 到 最后 阶段 我们 越 多 不行 放松,这 多 到 最后 阶段 我们 越 不行 心 身体,这 多 到 最后 阶段 我们 越 不行 心 身体,这 多 到 最后 阶段 我们 越 不行 心 身体,老师 有 最后 阶段 我们 要 耐心 担心 自然,8 多 到 最后 阶段 我们 越 不行 心 身体
S007278_P0007_T00,越 多 到 最后 阶段 我们 越 多 不行 放松,你 到 最后 阶段 我们 越 不行 心 身体,到 最后 阶段 我们 越 不行 心 身体,你 到 最后 阶段 我们 越 不行 心 身体,最后 阶段 我们 他们 心 难过,到 最后 阶段 我们 越 不行 心 身体
S007293_P0000_T00,领导 迟到 30 分钟 会议 拖延 开始,人 迟到 多 会议 开始,人 迟到 多 会议 得罪 开始,人 迟到 多 会议 得罪 期 开始,人 迟到 会议 得罪 开始,人 迟到 多 可以 开始
S007293_P0003_T00,领导 迟到 30 分钟 会议 拖延 开始,领导 迟到 分钟 开始,领导 迟到 分钟 会议 开始,领导 迟到 分钟 会议 开始,领导 迟到 分钟 总结 开始,领导 最后 分钟 会议 伤害 开始
S007300_P0000_T00,我 分别 介绍 多少 同 同事,我 分别 介绍 多少 同事,我 分别 介绍 多少 同事,我 分别 介绍 多少 同事,我 分别 每 同事,我 买 人 多少 同事
S007300_P0003_T00,我 分别 介绍 多少 同 同事,我 买 公司 多少 换 同事,我 买 公司 多少 东西 同事,我 买 恋爱 多少 同 同事,我 买 题目 里 东西 组,我 买 点 多少 参加 同事
S007307_P0003_T00,安装 2 万,安装 改变,安装 改变,安装 天,安装 他 知道,安装 改变
S007321_P0007_T00,坏 人 拿 死 牛 当 活 牛 买,人 坏 用 死 牛 为 活 买,人 坏 用 死 牛 为 灵活 买,人 坏 用 死 牛 为 活 买,人 经常 用 想 代表 学 买,人 坏 用 死 牛 为 灵活
S007325_P0000_T00,堵车 爸爸 勉强 换 走,堵车 爸爸 勉强 改变,堵车 爸爸 勉强 变 走,堵车 爸爸 勉强 变 走,堵车 下午 勉强 走,堵车 爸爸 勉强 变 走
S007325_P0003_T00,堵车 爸爸 勉强 换 走,堵车 爸爸 出租车,堵车 爸爸 从 出租车,堵车 爸爸 走 出租车,堵车 妈妈 要 出租车,堵车 爸爸 从 出租车
S007336_P0000_T00,这 石 是 自然,这 喜欢 是 自然,这 喜欢 是 自然,这 喜欢 是 自然,钱 是 自己,他 喜欢 是 自然
S007337_P0003_T00,我 男 朋友 买 大 高 娃娃 作为 生日 礼物 给 我,我 男 朋友 大 抱 做 为 生日 礼物 给 我,我 男 朋友 买 大 长大 抱 做 为 生日 礼物 送 给 我,我 男 朋友 大 长大 抱 做 为 生日 礼物 送 给 我,我 朋友 买 大 长大 娃娃 为 生日 礼物 送 给 我,我 男 朋友 买 大 高 做 为 生日 礼物 给 我
S007337_P0007_T00,我 男 朋友 买 大 高 娃娃 作为 生日 礼物 给 我,我 男 朋友 买 大 高 做 作为 生日 礼物 送 我,我 男 朋友 买 大 高 为 生日 礼物 送 我,我 男 朋友 买 大 高 娃娃 作为 生日 礼物 送 我,我 男 朋友 在 晚上 娃娃 为 生日 礼物 给,我 男 朋友 买 大 高 生日 礼物 给 我
S007350_P0000_T00,我 有 多少 同事 喜欢 摸鱼 摸鱼,如果 我们 工作 在 有 人 像 感觉 摸鱼 想 给 自己 好 好处,如果 我们 工作 在 有 人 像 感觉 摸鱼 想 给 自己 好处,如果 我们 工作 在 有 人 像 感觉 摸鱼 想 给 自己 炒 好 好处,如果 我们 工作 在 心 人 像 感觉 摸鱼 给 好,如果 我们 工作 在 多 人 像 懂 摸鱼 想 给 自己 好 好处
S007361_P0003_T00,生命 短 全部 记仇 意思 没有,生 古 全部 道理 没有,生 古 全部 道理 没有,生 全部 道理 没有,生 接受 年,生 全部 道理 没有
S007362_P0000_T00,这 视频 你 作弊 行为,这 你 作弊 行为,这 你 作弊 行为,这 你 作弊 行为,老师 你 作弊 行为,你 作弊 行为
S007372_P0000_T00,留 收 租 结束 会 退,我 收 结束 会 出门,收 结束 会 出门,收 租 结束 会 退,收 时间 结束 会 决定,根据 收 结束 会 出门
S007372_P0007_T00,留 收 租 结束 会 退,收 结束 会 摔倒,收 租 结束 会 摔倒,收 租 结束 会 摔倒,保护 最 结束 学 决定,位置 收 观众 结束 会
S007384_P0003_T00,钥匙 坏 我 拿 不行,坏 我们 拿 不行,这 坏 我 拿 不行,他 不行 我们 拿 不行,这 坏 不行,这 坏 我 拿 不行
S007387_P0000_T00,工 人 仔细 养 保护 花 草 树,工 工资 仔细 养 保护 花 草 树,工 人 仔细 养 保护 花 草 树,工 仔细 养 保护 花 草 树,工 人 分 爱护 我 草 树,工 仔细 养 保护 花 草 树
S007390_P0003_T00,上海 最 外国 气 是 建筑 标志 最 美丽 老 外国 房子,上海 最 外国 空气 是 上海 影响 外国 房子,上海 最 外国 建筑 是 上海 标志 外国 房子,上海 最 外国 建筑 是 上海 标志 外国 房子,上海 最 仍然 建筑 是 上海 照顾 小 到 外国 房子,上海 最 外国 建筑 是 上海 标志 外国 房子
S007396_P0000_T00,小 猫 睡觉 有,猫 睡觉,猫 睡觉,猫 睡觉,吃 猫 睡觉,小 猫 睡觉
S007396_P0003_T00,小 猫 睡觉 有,吃 睡觉 有,吃 睡觉 有,吃 睡觉 有,吃 睡觉 多,吃 睡觉 有
S007397_P0000_T00,厨师 发现 吃饭 地方 老鼠 有 1,厨师 发现 吃 地方 方 有 1,厨师 发现 吃 地方 老鼠 有 1,厨师 发现 吃 地方 老鼠 有 1,请 厨师 发现 地方 有,厨师 发现 吃 地方 老鼠 有 1
S007397_P0007_T00,厨师 发现 吃饭 地方 老鼠 有 1,厨师 发现 吃 地方 方 有 1,厨师 发现 地方 1,厨师 发现 地方 有 1,厨师 他 地方 贵,厨师 发现 地方 有 1
S000020_P0004_T00,他 今天 年龄 4,他 今天 年龄 4,他 今天 年龄 3,他 今天 年龄 3,他 今天 年龄 多少,他 今天 年龄 3
S000040_P0008_T00,今天 星期 多少,今天 星期 5,今天 星期 5 多少,今天 星期 5,今天 星期 5 多少,今天 星期 5
S000054_P0008_T00,今天 我 想 面,今天 我 想 面条,今天 我 想 面条,今天 我 想 面条 面,今天 我 想 面条,今天 我 想 面条
S000153_P0000_T00,你 小 张 什么 时间 认识,你 张 什么 时间 认识,你 小 张 什么 时间 认识,你 小 张 什么 时间 认识,自己 不 我 时间 认识,你 小 张 什么 时间 认识
S000185_P0004_T00,超市 我 要 买 椅子 你 去,超市 我 要 买 椅子 你 去,超市 我 要 买 椅子 你 去,超市 我 要 买 椅子 你 去,超市 我 买 椅子 去,超市 我 要 买 椅子 你 去
S000185_P0008_T00,超市 我 要 买 椅子 你 去,超市 我 要 买 椅子 你,超市 我 要 买 椅子 你 来,超市 我 要 买 椅子 你 来,超市 我 要 买 椅子 你 来,超市 我 要 买 椅子 你 跟
S000195_P0004_T00,下午 他们 要 做 什么,下午 你们 去 做 什么,下午 你们 去 做 什么,下午 你们 去 做 什么,下午 你 想 做 什么,下午 你 做 什么
S000196_P0008_T00,椅子 他们 想 什么 时间 去 买,椅子 他们 想 什么 时间 去 买,椅子 他们 想 什么 时间 去 买,椅子 他们 想 什么 时间 去 买,椅子 他 知道 什么 时间 去 买,椅子 他们 想 什么 时间 去 买
S000201_P0000_T00,我 每天 早 6 起床,我 每天 早 旅游 6 起床,我 每天 早 旅游 起床,我 每天 早 旅游 起床,我 每天 早 旅游 多少 起床,我 每天 早 旅游 起床
S000213_P0004_T00,他 每天 来 累 多,他 每天 来 累 多,他 每天 来 累 多,他 每天 来 累 多,你 想 我 累 多,他 每天 来 累 多
S000213_P0008_T00,他 每天 来 累 多,他 每天 来 累 多,他 每天 来 累 多,他 每天 来 累 多,他 每天 还 累 多,他 每天 来 累 多
S000218_P0004_T00,手表 你,手表,手表,手表,手表 什么,手表
S000218_P0008_T00,手表 你,手表,手表,手表,手表 吃,手表 爱护
S000220_P0000_T00,这 手表 钱 多少,这 手表 钱 多少,这 手表 钱 多少,这 手表 钱 多少,手表 多少,这 手表 钱 多少
S000224_P0000_T00,我 杯子 你 看,我 杯子 你 看,我 杯子 你 看,我 杯子 你 看,我 杯子 你 看,我 杯子 你 看
S000224_P0008_T00,我 杯子 你 看,我 杯子 你 看,我 杯子 你 看,我 杯子 你 看,我 爸爸 你 去,我 杯子 你 看
S000225_P0004_T00,这 杯子 杯子 杯子 多少 你 什么 你 什么,这 什么 这 什么,这 怎么 什么,这 什么 这 什么,这 事情 信 不喜欢 你 怎么 去,交流 请 这 什么 这 什么
S000230_P0000_T00,左 房子 爸爸 妈妈 他 这 房子 大,左 房子 爸爸 妈妈 他 房子 大,左 房子 爸爸 妈妈 他 房子 大,左 房子 爸爸 妈妈 他 房子 大,政府 房子 爸爸 妈妈 他 房子,左 房子 爸爸 妈妈 他 房子 大
S000230_P0008_T00,左 房子 爸爸 妈妈 他 这 房子 大,左 房子 爸爸 妈妈 他 房子 大,左 房子 爸爸 妈妈 你 房子 大,左 房子 爸爸 妈妈 你 房子 大,左 房子 爸爸 妈妈 你 房子 大,左 房子 爸爸 妈妈 房子
S000236_P0000_T00,微信 谁 发送,微信 谁 发送,微信 谁 发送,微信 谁 发送,微信,微信 谁 发送
S000236_P0008_T00,微信 谁 发送,微信 餐巾 发送,微信 谁 发送,微信 谁 发送,微信 谁 发送,微信 谁 发送
S000249_P0000_T00,踢足球 他 什么 时间 开始,踢足球 他 什么 时间 开始,踢足球 他 什么 时间 开始,踢足球 他 什么 时间 开始,足球 时间 开始,踢足球 他 什么 时间 开始
S000249_P0008_T00,踢足球 他 什么 时间 开始,踢足球 他 什么 时间 开始,踢足球 他 什么 时间 开始,踢足球 他 什么 时间 开始,踢足球 他 什么 时间 开始,踢足球 他 什么 时间 开始
S000255_P0000_T00,苹果 买 你,苹果 买 你,苹果 买 你,苹果 买 你,苹果 买,苹果 买 你
S000255_P0008_T00,苹果 买 你,苹果 买 你,苹果 买 你,苹果 买 你,苹果 买,苹果 买 你
S000257_P0000_T00,我们 晚上 饭店 怎么样,我们 晚上 饭店 怎么样,我们 晚上 饭店 怎么样,我们 晚上 饭店 怎么样,我们 晚上 饭店 怎么样,我们 晚上 饭店 怎么样
S000262_P0004_T00,帮助 看 这 衣服 怎么样,帮助 看 这 怎么样,帮助 看 要 怎么样,帮助 看 我 怎么样,保险 老 老师 要 怎么样,帮助 看 国 怎么样
S000274_P0000_T00,今天 天气 冷 小,今天 天气 冬天 小,今天 天气 冬天 小,今天 天气 冬天 小,今天 天气 冬天 钱,今天 天气 冬天 小
S000275_P0004_T00,我 昨天 累 有 小,我 昨天 累 小,我 昨天 累 小,我 昨天 累 小,我 累,我 昨天 累 小
S000291_P0000_T00,月 1 我 游泳 每天,1 月 我 游泳 每天,1 月 我 游泳 每天,每 个月 我 游泳 每天,月 游泳 每天,1 月 我 游泳 每天
S000291_P0004_T00,月 1 我 游泳 每天,因为 我 每天,因为 我 每天,因为 月 我 每天,但是 我 每天,因为 第一 我 每天
S000295_P0000_T00,不是 他 去 见面 同学,不是 他 去 见面 同学,不是 他 去 同学,不是 他 去 见面 同学,考试 他 同学,不是 他 去 同学
S000295_P0008_T00,不是 他 去 见面 同学,不是 他 去 见面 同学,不是 他 去 见面 同学,不是 他 去 见面 同学,不是 你 见面 同学,不是 他 去 看 同学
S000313_P0004_T00,可以 这 近 不 远 饭店 走 分 多少 到,可以 这 近 不 远 饭店 走 分钟 到,可以 这 近 不 去 饭店 走 分钟 到,可以 这 近 不 他 饭店 走 分钟 到,不 去 饭店 去 酒 到,可以 这 近 不 远 饭店 走 5 分钟 到
S000313_P0008_T00,可以 这 近 不 远 饭店 走 分 多少 到,可以 这 近 不 他 饭店 走 分钟 到,可以 这 近 不 他 饭店 走 分钟 到,可以 这 近 不 他 饭店 走 分钟 到,昨天 这 出租车 不 饭店 分钟 到,可以 这 近 不 远 饭店 走 分钟 到
S000317_P0004_T00,公司 房子 远 他 为什么 出租车 不,公司 房子 远 他 为什么 出租车 不,公司 房子 远 他 为什么 出租车 不,公司 房子 远 他 为什么 出租车 不,公司 房子 远 他 为什么 什么 出租车 不,公司 房子 远 他 为什么 出租车 不
S000317_P0008_T00,公司 房子 远 他 为什么 出租车 不,公司 房子 远 他 为什么 出租车 不,公司 房子 远 他 为什么 出租车 不,公司 房子 远 他 为什么 出租车 不,公司 房子 远 他 为什么 去 斑马线 没有,公司 房子 远 他 为什么 出租车 不
S000331_P0004_T00,这 衣服 红 怎么样 这 是 新,这 衣服 红 怎么样 这 新,这 衣服 红 怎么样 你 新,这 衣服 红 怎么样 这 新,这 衣服 红 怎么样 你 多少,这 衣服 红 怎么样 你 新
S000331_P0008_T00,这 衣服 红 怎么样 这 是 新,这 衣服 红 怎么样 你 是 新,这 衣服 红 怎么样 你 是 新,这 衣服 红 怎么样 你 是 新,你 红 怎么样 你 来,这 衣服 红 怎么样 他 是 新
S000362_P0000_T00,这 看 手机 这 女 他 你 女 朋友 是,你 看 手机 你 女 他 你 女 朋友 是,你 看 你 女 他 你 女 朋友 是,你 看 你 女 他 你 女 朋友 是,这 看 你 女 朋友 是,你 看 你 女 你 女 朋友 是
S000362_P0004_T00,这 看 手机 这 女 他 你 女 朋友 是,你 看 手机 这 女 他 女 朋友 是,你 看 手机 你 女 他 女 朋友 是,你 看 手机 你 声音 他 女 朋友 是,你 还 不好 你 女 朋友 可以,你 看 手机 这 女 他 女 朋友 是
S000373_P0000_T00,你 比 我 早 起床 小时 1,你 比 我 早 在 1 小时,你 比 我 早 起床 1 小时,你 比 我 早 在 1 小时,你 有 早 起床 1 小时,你 比 要 早 起床 小时
S000373_P0008_T00,你 比 我 早 起床 小时 1,你 叫 我 喜欢 早 起床 1 小时,你 叫 我 喜欢 早 起床 小时,你 叫 我 喜欢 早 起床 小时,你 美国 我 钱 小时,你 我 喜欢 早 起床 小时
S000379_P0004_T00,雪 今天 冷,雪 今天 冬天,雪 今天 冬天,雪 今天 冬天,雪 今天 冬天,雪 今天 冬天
S000379_P0008_T00,雪 今天 冷,雪 今天 冬天,雪 今天 冬天,雪 今天 冬天,雪 今天 冬天,雪 今天 冬天
S000388_P0000_T00,这 男 我 陌生,这 男 我 陌生,他 男 我 陌生,这 男 我 陌生,他 男 我 陌生,他 男 我 陌生
S000414_P0004_T00,时间 过 快 新 年龄 快 到,时间 过 快 新 年龄 准备 到,时间 过 快 新 年龄 准备 到,时间 过 快 新 年龄 准备 到,时间 过 生活 新 年龄 准备 好,时间 过 生活 快 新 年龄 准备 到
S000414_P0008_T00,时间 过 快 新 年龄 快 到,时间 过 快 新 年龄 快 到,时间 过 快 新 年龄 快 到,时间 过 快 新 年龄 快 到,时间 过 好 新 年龄 还,时间 生活 快 新 年龄 快 到
S000433_P0000_T00,你 上网 一直 不行,你 上网 一直 不行,你 上网 一直 不行,你 上网 一直 不行,这 上网 一直 记得,你 上网 一直 不行
S000433_P0004_T00,你 上网 一直 不行,这 上网 一直 不行,你 上网 一直 不行,你 上网 一直 不行,你 还 一直 努力,你 一直 不行
S000438_P0004_T00,水果 面包 茶叶 我 准备 好了 我们 还 带 什么,水果 面包 茶叶 我们 准备 好 我们 还 带 什么,水果 面包 茶叶 我们 准备 好 我们 还 带 什么,水果 面包 茶叶 我们 准备 好 我们 还 带 什么,哥哥 水果 面包 茶叶 我们 准备 去 我们 还 其他 什么,水果 面包 茶叶 我们 准备 好 我们 还 带 什么
S000438_P0008_T00,水果 面包 茶叶 我 准备 好了 我们 还 带 什么,面包 水果 茶叶 我 准备 好了 我们 还 带 什么,面包 水果 茶叶 我 准备 好了 我们 还 带 什么,面包 水果 茶叶 我 准备 好了 我们 还 带 什么,面包 水果 茶叶 我 准备 好了 我们 还 带 什么,面包 水果 茶叶 我 准备 好了 我们 还 带 什么
S000440_P0000_T00,这 昨天 下午 我 准备 好了,你们 昨天 下午 我 准备 好了,你们 昨天 下午 我 准备 好了,你们 昨天 下午 我 准备 好了,这 3 下午 我 准备 好了,你们 昨天 下午 我 准备 好了
S000440_P0004_T00,这 昨天 下午 我 准备 好了,你们 我 不懂 下午 准备 好了,你们 我 下午 准备 好了,你们 我 下午 准备 好了,这 我 像 准备 好了,你们 我 昨天 下午 准备 好了
S000452_P0004_T00,你 看 我 胖 怎么办,你 看 我 胖 怎么办,你 看 我 胖 怎么办,你 看 我 胖 怎么办,你 我 胖 怎么办,你 看 我 胖 怎么办
S000452_P0008_T00,你 看 我 胖 怎么办,你 看 我 胖 怎么办,你 看 我 胖 怎么办,你 看 我 胖 怎么办,你 这 我 胖 怎么办,你 看 我 胖 怎么办
S000455_P0000_T00,但是 你 瘦 小 没有 你 做 什么 运动,但是 你 小 没有 你 做 什么,但是 你 小 没有 你 做 什么,但是 你 瘦 小 没有 你 做 什么,但是 小 没有 你 做,但是 你 瘦 小 没有 你 做 什么
S000455_P0008_T00,但是 你 瘦 小 没有 你 做 什么 运动,但是 你 瘦 小 没有 你 做 什么 运动,但是 你 瘦 小 没有 你 做 什么 运动,但是 你 瘦 小 没有 你 做 什么 运动,但是 你 不 你 做 什么 运动,但是 你 瘦 小 没有 你 做 什么 运动
S000460_P0000_T00,阴 电视 说 多 云 怎么 明天 有 事情,阴 电视 说 多 天气 什么 明天 事情,阴 电视 说 多 天气 什么 明天 事情,阴 电视 说 多 天气 什么 明天 有 事情,天 知道 电视 说 会 天气 什么 明天 买,阴 电视 说 多 天气 什么 明天 结婚
S000460_P0004_T00,阴 电视 说 多 云 怎么 明天 有 事情,阴 电视 说 明天 云 什么 你 想 事情,阴 电视 说 明天 天气 什么 你 想 事情,阴 电视 说 明天 云 什么 你 想 事情,阴 电视 说 什么 你 什么 事情,阴 电视 说 明天 天气 什么 你 想 事情
S000464_P0000_T00,山 爬 我 去 不 我 有 事情,山 爬 我 去 不 我 有 事情,山 爬 我 去 不 我 有 事情,山 爬 我 去 不 我 有 事情,山 爬 我 去 不 我,山 爬 我 去 不 我 有
S000464_P0004_T00,山 爬 我 去 不 我 有 事情,不 山 爬 我 去 不 我 有 事情,山 爬 我 去 不 我 有 事情,不 山 爬 我 去 不 我 有 事情,山 爬 我 不 我 有 事情,山 爬 我 不 我 有 事情
S000466_P0000_T00,我 记得 你 有 裤子 1 2,我 记得 你 有 裤子 2,我 记得 你 有 裤子 1 2,我 记得 你 有 裤子 1 2,我 记得 叫 告诉 多 裤子 1,我 记得 你 有 裤子 1 2
S000466_P0008_T00,我 记得 你 有 裤子 1 2,我 记得 你 有 裤子 1 2,我 记得 你 有 裤子 1 2,我 记得 你 有 裤子 1 2,我 学 你 有 裤子 1 吃,我 记得 你 有 裤子 1 2
S000468_P0000_T00,这 裤子 怎么样,这 裤子 怎么样,这 裤子 怎么样,这 裤子 怎么样,这 裤子 怎么样,这 裤子 怎么样
S000468_P0008_T00,这 裤子 怎么样,这 裤子 怎么样,这 裤子 怎么样,这 裤子 怎么样,这 裤子 怎么样,这 裤子 怎么样
S000475_P0008_T00,桌子 这 甜 喝 多 你 想 喝 什么,桌子 这 糖 喝 多 你 想 喝 什么,桌子 这 糖 喝 多 你 想 喝 什么,桌子 这 糖 喝 多 你 想 喝 什么,桌子 这 糖 喝 多 你 想 喝 什么,桌子 这 糖 喝 多 你 想 喝 什么
S000496_P0000_T00,房子 找 刚才 是 不是 桌子 这,房子 找 最近 是 不是 桌子 这,房子 找 最近 是 不是 桌子 这,房子 找 最近 是 不是 桌子 这,房子 没有 小 可以 在 桌子 什么,房子 找 最近 是 不是 桌子 这
S000502_P0000_T00,学校 大 累,学校 大 累,学校 大 累,学校 大 累,我 学校 大 累,学校 累
S000504_P0004_T00,我 喝 咖啡 怎么,我 喝 咖啡 什么,我 喝 咖啡 什么,我 喝 咖啡 什么,我 喝 咖啡 什么,我 喝 咖啡 什么
S000504_P0008_T00,我 喝 咖啡 怎么,我 喝 咖啡 什么,我 喝 咖啡 什么,我 喝 咖啡 什么,我 喝 咖啡 没有,我 喝 咖啡 什么
S000550_P0004_T00,你 今天 为什么 去 不,你 今天 为什么 去 没有,你 今天 为什么 去 没有,你 今天 为什么 去 没有,你 今天 为什么 没有,你 今天 年 你 去 没有
S000550_P0008_T00,你 今天 为什么 去 不,你 今天 为什么 去 不,你 今天 为什么 去 不,你 今天 为什么 去 不,你 今天 为什么 难 去 不,你 今天 为什么 去 不
S000560_P0008_T00,你 请假 天 多少 想,你 请假 天 感觉,你 请假 天 不会,你 请假 天 不会,你 牛奶 睡觉 想 牛奶,你 请假 天 不会
S000561_P0000_T00,小 张 这 女 是 你 公司 你 了解 他,小 张 这 女 是 公司 了解,小 张 这 女 是 公司 了解,小 张 这 女 是 公司 他 了解,听 你 这 手机 到 公司 了解,小 张 这 女 是 公司 了解
S000561_P0004_T00,小 张 这 女 是 你 公司 你 了解 他,小 张 是 你 公司 你 了解,小 张 是 你 公司 你 了解,小 张 是 你 公司 你 了解,小 张 你 公司 你 想,小 张 是 你 公司 你 了解
S000568_P0008_T00,医院 去 不用 我 问 你 你 运动 多 长 没有,医生 去 不用 问 你 运动 远 没有,医生 去 不用 喝 你 运动 远 没有,医生 去 不用 我 问 你 运动 远 没有,医生 不行 喝 运动 远 没有,医生 去 不用 喝 你 运动 远 没有
S000573_P0000_T00,请 你 说 为什么 选择 我们 公司 工作,请 你 为什么 选择 我们 公司 工作,请 你 为什么 选择 我们 公司 工作,请 你 为什么 选择 我们 公司 工作,请 你 为什么 选择 我们 公司 工作,请 你 为什么 选择 我们 公司 工作
S000576_P0004_T00,我 只 要 同意 我 信 夫妻 会 同意,我 只 要 我 信 这 会 同意,我 只 要 发送 我 信 你 会 同意,我 只 要 发送 我 信 你 结婚 会 同意,我 只 不行 我 信 你 错误 给,我 只 要 发送 我 信 你 结婚 会 同意
S000576_P0008_T00,我 只 要 同意 我 信 夫妻 会 同意,我 只 要 同意 我 信 要 夫妻 会,我 只 要 同意 我 信 要 结婚 会,我 只 要 同意 我 信 要 结婚 会,我 只 要 是 我 信 我们 结婚 会 没有,我 只 要 同意 我 信 要 结婚 会 一样
S000578_P0000_T00,没有 谢谢 你 给 我 机会 我 会 努力,好 你 想 来 工作 联系 这 工作 他 还 什么,好 你 想 工作 联系 这 工作 他 还 什么,好 你 想 工作 联系 这 工作 他 还 什么,好 你 每天 工作 联系 这 工作 还 什么,好 你 想 来 工作 联系 这 工作 他 还 什么
S000578_P0008_T00,没有 谢谢 你 给 我 机会 我 会 努力,好 你 明天 来 工作 联系 这 工作 你 还 什么,好 你 明天 工作 联系 这 工作 你 还 什么,好 你 明天 工作 联系 这 工作 你 还 什么,好 你 明天 工作 联系 这 工作 你 还 什么,好 你 明天 来 工作 联系 这 工作 你 还 什么
S000598_P0000_T00,先 把 茶叶 喝 放 还 冰箱 西瓜 拿,因为 把 茶叶 喝 还 冰箱 西瓜 拿,因为 把 茶叶 喝 还 冰箱 读书 拿,因为 把 茶叶 喝 还 冰箱 读书 拿,因为 把 茶叶 还 不会 冰箱,因为 把 茶叶 喝 茶叶 还 冰箱 西瓜 拿
S000598_P0004_T00,先 把 茶叶 喝 放 还 冰箱 西瓜 拿,因为 先 把 茶叶 放 桌子 冰箱 西瓜 拿,因为 把 茶叶 分 放 桌子 妹妹 冰箱 拿 西瓜 拿,因为 先 把 茶叶 分 放 桌子 妹妹 冰箱 拿 西瓜 拿,因为 茶叶 分 放 桌子 冰箱 拿 西瓜 看,因为 把 茶叶 汽车 放 桌子 妹妹 冰箱 拿 西瓜 拿
S000603_P0008_T00,这 衣服 我 穿 小 给 我 弟弟,这 衣服 我 穿 小 给 我 弟弟,这 衣服 我 穿 小 给 我 弟弟,这 衣服 我 穿 小 给 我 弟弟,这 衣服 我 穿 好 送 我,这 衣服 我 穿 小 给 我 弟弟
S000616_P0008_T00,上海 明天 要 雪,上海 明天 要 雪,上海 明天 要 雪,上海 明天 要 雪,上海 明天 要 雪,上海 明天 要 雪
S000620_P0000_T00,中午 吃 好了 要 多 吃 水果,中午 吃 好了 要 多 水果,中午 吃 好了 要 多 水果,中午 吃 好了 要 多 吃 水果,喝 吃 好了 要 多 八宝粥 水果,中午 吃 好了 要 多 水果
S000625_P0004_T00,早 吃 我 吃 面包 牛奶,早 吃 我 吃 面包 牛奶,早 吃 我 吃 面包 牛奶,早 吃 我 吃 面包 牛奶,早 吃 我 吃 面包 牛奶,早 吃 我 吃 面包 牛奶
S000625_P0008_T00,早 吃 我 吃 面包 牛奶,早 吃 我 吃 面包 牛奶,早 吃 我 吃 面包 牛奶,早 吃 我 吃 面包 牛奶,早 吃 我 有 面包 牛奶,早 吃 我 吃 面包 牛奶
S000637_P0000_T00,你们 吃 什么 我 请客,你们 吃 什么 我 请客,你们 吃 什么 我 请客,你们 吃 什么 我 请客,你们 吃 什么 我 请客,你们 吃 什么 我 请客
S000637_P0008_T00,你们 吃 什么 我 请客,你们 吃 什么 我 请客,你们 吃 什么 我 请客,你们 吃 什么 我 请客,你们 吃 什么 我 请客,你们 吃 什么 我 请客
S000638_P0004_T00,裤子 我 想 试 那 试 衣服 在 什么,裤子 我 想 试 衣服 在 什么,裤子 我 想 试 衣服 在 什么,裤子 我 想 试 衣服 在 什么,裤子 我 想 去 衣服 在 什么,裤子 我 想 试 衣服 在 哪
S000638_P0008_T00,裤子 我 想 试 那 试 衣服 在 什么,裤子 我 想 试 衣服 在 哪,裤子 我 想 试 衣服 在 哪,裤子 我 想 试 衣服 在 哪,裤子 我 想 手机 衣服 在 什么,裤子 我 想 试 衣服 在 哪
S000656_P0004_T00,天气 预报 明天 雪 多 穿 衣服,天 预报 明天 下 雪 裤子 多,天 预报 明天 雪 穿 多,天 预报 明天 雪 穿 多,天 预报 明天 雪 穿 多,天 预报 明天 下 雪 衣服 裤子 多
S000656_P0008_T00,天气 预报 明天 雪 多 穿 衣服,天气 预报 明天 雪 多 穿 衣服,天气 预报 明天 雪 多 穿 衣服,天气 预报 明天 雪 多 穿 衣服,天气 预报 明天 雪 多 穿 可以,天气 预报 明天 雪 多 穿 衣服
S000669_P0000_T00,医院 旁边 超市,医院 旁边 超市,医院 旁边 超市,医院 旁边 超市,医院 电脑 超市,医院 旁边 超市
S000673_P0000_T00,我 预定 1 生日 蛋糕 给,我 预定 1 生日 蛋糕 给,我 预定 1 生日 蛋糕 给,我 预定 1 生日 蛋糕 给,我 预定 1 生日 蛋糕 给,我 预定 1 生日 蛋糕 给
S000673_P0008_T00,我 预定 1 生日 蛋糕 给,我 预定 1 生日 蛋糕 送,我 预定 1 生日 蛋糕 送,我 预定 1 生日 蛋糕 教,我 预定 1 生日 蛋糕 面包,我 预定 1 生日 蛋糕 送
S000690_P0000_T00,冬天 我 喜欢 雪 美丽,冬天 我 喜欢 雪 美丽,冬天 我 喜欢 雪 美丽,冬天 我 喜欢 雪 美丽,冬天 我 颜色 雪 叫 聪明,冬天 我 喜欢 雪 美丽
S000690_P0008_T00,冬天 我 喜欢 雪 美丽,冬天 我 喜欢 雪 美丽,冬天 我 喜欢 雪 美丽,冬天 我 喜欢 雪 美丽,冬天 我 喜欢 雪 美丽,冬天 我 喜欢 雪 美丽
S000695_P0004_T00,上海 热 那 热 多 要 买 空调,上海 热 多 要 买 空调,上海 热 多 要 买 空调,上海 热 多 要 买 空调,上海 热 什么 买 空调,上海 热 多 要 买 空调
S000695_P0008_T00,上海 热 那 热 多 要 买 空调,上海 热 多 要 买 空调,上海 热 多 要 买 空调,上海 热 多 要 买 空调,上海 知道 多 我 买 空调,上海 热 多 要 买 空调
S000708_P0000_T00,我们 公交车 去 学校,我们 公交车 去 学校,我们 公交车 去 学校,我们 公交车 去 学校,我们 公交车 去 学校,我们 公交车 去 学校
S000708_P0004_T00,我们 公交车 去 学校,我们 公交车 去 学校,我们 公交车 去 学校,我们 公交车 去 学校,我们 公交车 去 吃 学校,我们 公交车 去 学校
S000718_P0000_T00,我们 飞机 拖延 今天 酒店 住,我们 飞机 拖延 今天 酒店 睡觉,我们 飞机 拖延 今天 酒店 睡觉,我们 飞机 拖延 今天 饭店 酒店 睡觉,我们 大家 拖延 今天 酒店 睡觉,我们 飞机 拖延 今天 酒店 睡觉
S000718_P0004_T00,我们 飞机 拖延 今天 酒店 住,我们 飞机 拖延 今天 酒 睡觉,我们 飞机 拖延 今天 酒 睡觉,我们 飞机 拖延 今天 酒 睡觉,我们 飞机 拖延 今天 酒 多少,我们 飞机 拖延 今天 酒 睡觉
S000724_P0000_T00,跑步 好了 口渴 我 想 喝,跑步 跑 好了 口渴 我 想 喝,跑步 好了 口渴 我 想 喝,跑步 好了 口渴 我 想 喝,跑步 好了 口渴 我 想 喝,跑步 好了 口渴 我 想 喝
S000724_P0004_T00,跑步 好了 口渴 我 想 喝,跑步 好了 我 口渴 想 喝,跑步 好了 我 口渴 想 喝,跑步 好了 我 口渴 想 喝,跑步 好了 我 只好 想 喝,跑步 好了 我 口渴 想 喝
S000783_P0000_T00,晚上 你 时间 有 多少 时间 有 我 想 2 跑步,晚上 你 有 时间 多少 时间 有 我 想 2 跑步,晚上 你 有 时间 多少 时间 有 我 想 跑步,晚上 你 有 时间 多少 时间 有 我 想 跑步,晚上 有 时间 好 时间 有 我 想 跑步,晚上 你 有 时间 多少 时间 有 我 想 跑步
S000786_P0000_T00,公交车 站 远 我们 出租车 去 房子,公交车 站 远 我们 出租车 去 房子,公交车 站 远 我们 出租车 去 房子,公交车 站 远 我们 出租车 去 房子,公交车 远 我们 出租车 去 房子,公交车 站 远 我们 出租车 去 房子
S000788_P0004_T00,他 女儿 作业 晚上 每天 晚上,这 女儿 写 多 晚上 每天 晚上,这 女儿 写 多 晚上 每天 晚上,这 女儿 写 多 晚 每天 晚上,这 儿子 写 每天 晚上,这 女儿 写 多 晚 每天 晚上
S000788_P0008_T00,他 女儿 作业 晚上 每天 晚上,他 女儿 作业 晚上 每天 晚上,他 女儿 作业 晚上 每天 晚上,他 女儿 写 晚上 每天 晚上,他 女儿 作业 晚上 每天 晚上,他 女儿 写 晚上 每天 晚上
S000791_P0000_T00,祝福 你 生日 快乐 美丽 越 多,祝福 你 生日 日 快乐 幸运 越 多,祝福 你 生日 快乐 幸运 越 多,祝福 你 生日 快乐 幸运 越 多,祝福 生日 快乐 美丽 不,祝福 你 生日 快乐 幸运 敲 多
S000809_P0000_T00,学校 附近 什么 饭店 好吃,学校 近 附近 有 什么 饭店 好吃,学校 近 有 什么 饭店 好吃,学校 附近 有 什么 饭店 好吃,学校 什么 饭店 好吃,学校 近 有 什么 饭店 好吃
S000809_P0004_T00,学校 附近 什么 饭店 好吃,学校 近 有 什么 好 饭店 好吃,学校 近 有 什么 好 饭店 好吃,学校 近 有 什么 好 饭店 好吃,学校 房子 不喜欢 什么 饭店 不,学校 附近 有 什么 好 饭店 好吃 好
S000823_P0000_T00,今天 晚上 吃 面条 饺子,今天 晚上 吃 面条 饺子,今天 晚上 吃 面条 饺子,今天 晚上 吃 面条 饺子,今天 晚上 吃 面条 饺子,今天 晚上 吃 面条 饺子 关节
S000823_P0008_T00,今天 晚上 吃 面条 饺子,今天 晚上 吃 面条 饺子,今天 晚上 吃 面条 饺子,今天 晚上 吃 面条 饺子,今天 晚上 吃 饺子,今天 晚上 吃 面条 饺子
S000849_P0000_T00,窗 坐 手机 选择 不行,窗 坐 手机 选择 不行,窗 坐 手机 选择 不行,窗 坐 手机 选择 不行,窗 坐 手机 选择 不行,窗 坐 手机 选择 不行
S000849_P0004_T00,窗 坐 手机 选择 不行,窗 坐 手机 选择 不行,窗 坐 手机 选择 不行,窗 坐 手机 选择 不行,山 门 阻拦 想 超市 没有,窗 坐 手机 选择 不行
S000852_P0000_T00,请 问 行李 什么 拿,请 问 行李 什么 拿,请 问 行李 什么 拿,请 问 行李 怎么 拿,请 问 行李 怎么,请 问 行李 什么 拿
S000852_P0008_T00,请 问 行李 什么 拿,请 问 行李 什么 拿,请 问 行李 什么 拿,请 问 行李 什么 拿,请 问 行李 想 来,请 问 行李 什么 拿
S000860_P0004_T00,上海 地铁 多 我 不知道 什么 地铁 地铁,上海 火车 多 我 不知道 什么 地铁,上海 火车 多 不知道 什么 地铁,上海 火车 多 不知道 什么 地铁,上海 火车 高铁 快 热 进,上海 火车 多 不知道 什么 地铁
S000860_P0008_T00,上海 地铁 多 我 不知道 什么 地铁 地铁,上海 火车 多 我 不知道 什么 地铁,上海 火车 多 我 不知道 什么 地铁,上海 火车 多 我 不知道 什么 地铁,上海 这 我 不知道 什么 地铁 逃,上海 火车 多 我 不知道 什么 地铁
S000874_P0004_T00,机场 这 我 房子 这 远 出租车,机场 这 我 房子 下 远 出租车,机场 这 我 房子 下 远 可以 出租车,机场 这 我 房子 下 远 可以 出租车,机场 这 房子 这 远 等 成熟,机场 这 我 房子 远 可以 出租车
S000874_P0008_T00,机场 这 我 房子 这 远 出租车,机场 这 我 房子 这 远 出租车,机场 这 我 房子 这 远 出租车,机场 下 我 房子 这 远 不 出租车,这 我 房子 拿 远 不 出租车,机场 这 我 房子 这 远 出租车
S000877_P0004_T00,合肥 到 北京 高铁 坐 舒服 推荐,合肥 到 北京 高铁 坐 舒服 保护,合肥 到 北京 高铁 坐 舒服 推荐,合肥 到 北京 高铁 坐 舒服 推荐,指 北京 高铁 在 努力,合肥 到 北京 高铁 坐 舒服 推荐
S000877_P0008_T00,合肥 到 北京 高铁 坐 舒服 推荐,合肥 到 北京 高铁 在 舒服 推荐,合肥 到 北京 高铁 坐 舒服 推荐,合肥 到 北京 高铁 坐 舒服 推荐,合肥 好 北京 高铁 注意 要 分数,合肥 到 北京 高铁 坐 舒服 推荐
S000903_P0000_T00,附近 饭店 好吃 多,附近 饭店 好吃 多,附近 饭店 好吃 多,附近 饭店 好吃 多,附近 饭店 好吃 告诉,附近 饭店 好吃 多
S000912_P0008_T00,服务 员工 喝 倒 餐巾 拿,服务 员工 喝 小 丢 餐巾 拿,服务 员工 喝 小 吃 拿,服务 员工 喝 小 丢 吃 拿,服务 员工 喝 吃 走,服务 员工 喝 吃 拿
S000914_P0008_T00,奶 茶叶 喝 舒服 喜欢 糖 吃 我 喜欢,茶叶 喝 舒服 喜欢 糖 吃 我 喜欢,茶叶 喝 舒服 喜欢 糖 吃 我 喜欢,茶叶 喝 舒服 喜欢 糖 吃 我 喜欢,小 茶叶 喝 舒服 喜欢 糖 吃 我 喜欢,今天 茶叶 喝 舒服 喜欢 糖 吃 我 喜欢
S000931_P0008_T00,水果 今天 新 买 1 西瓜 去 房子,水果 今天 新 买 1 读书 去 房子,水果 今天 新 买 1 西瓜 去 房子,水果 今天 新 买 1 读书 去 房子,水果 今天 手机 买 西瓜 去 房子,水果 今天 新 买 1 亲属 去 房子
S000934_P0008_T00,酒 小 菜 吃 多 吃 饱 去 房子,酒 小 菜 吃 多 吃 饱 去 房子,酒 小 菜 吃 多 吃 饱 去 房子,酒 小 菜 吃 多 吃 饱 去 房子,酒 小 谁 吃 多 吃 饱 去 房子,酒 小 菜 吃 多 吃 饱 去 房子
S000937_P0008_T00,我 妻子 刚才 喝 酸 喜欢 有 好了 儿子 是,我 妻子 刚才 喝 喜欢 好了 儿子 是,我 妻子 最近 喝 酸 喜欢 有 好了 儿子 是,我 妻子 最近 喝 酸 喜欢 有 好了 儿子 是,我 妻子 昨天 喝 喜欢 有 好了 儿子 是,我 妻子 最近 喝 酸 喜欢 有 好了 儿子 是
S000945_P0008_T00,我 面条 好了 身体 舒服 不,我 吃 好了 身体 舒服 不,我 吃 好了 身体 舒服 不,我 吃 好了 身体 舒服 不,我 吃 好了 身体 舒服 不,我 吃 好了 身体 舒服 不
S000962_P0000_T00,我 驾驶 高铁 站 接 儿子,我 驾驶 高铁 站 儿子,我 驾驶 高铁 站 儿子,我 驾驶 高铁 站 儿子,我 驾驶 高铁 站 儿子,我 驾驶 高铁 站 接受 儿子
S000963_P0008_T00,你 夫妻 2 今天 年 准备 旅游 去 什么,你 结婚 2 今天 年 准备 旅游 去 什么,你 结婚 2 今天 年 准备 旅游 去 什么,你 夫妻 2 今天 年 准备 旅游 去 什么,你 夫妻 2 今天 年 准备 旅游 去 什么,你 结婚 2 今天 年 准备 旅游 去 什么
S000966_P0008_T00,你 喜欢 裙子 我 拿 1 给 试 裙子 可以,你 喜欢 裙子 我 拿 1 给 试 裙子 可以,你 喜欢 裙子 我 拿 1 给 试 裙子 可以,你 喜欢 裙子 我 拿 1 给 试 裙子 可以,我 你 喜欢 裙子 我 拿 刚才 1 给 像 裙子 可以,你 喜欢 裙子 我 拿 1 给 试 裙子 可以
S000968_P0008_T00,裤子 打折 我 买 1 给 儿子,裤子 打折 我 买 1 给 儿子,裤子 打折 我 买 1 给 儿子,裤子 打折 我 买 1 给 儿子,裤子 打折 我 买 1 给 儿子,裤子 打折 我 买 1 给 儿子
S000969_P0008_T00,我 拿 裤子 1 什么 钱 付 可以,我 拿 1 裤子 什么 钱 付 可以,我 拿 1 裤子 什么 钱 付 可以,我 拿 1 裤子 什么 钱 付 可以,我 拿 来 1 裤子 什么 钱 付 可以,我 拿 1 裤子 什么 钱 付 可以
S000988_P0000_T00,你 男 朋友 右 女 是 谁 美丽,你 男 朋友 问 是 谁 美丽,你 男 朋友 问 谁 美丽,你 男 朋友 问 谁 美丽,你 男 朋友 谁,你 男 朋友 不 谁 美丽
S000998_P0000_T00,弟弟 踢足球 喜欢 身体 好,弟弟 踢足球 喜欢 身体 好,弟弟 踢足球 喜欢 身体 好,弟弟 踢足球 喜欢 身体 好,弟弟 踢足球 你 喜欢 身体 好,弟弟 踢足球 喜欢 身体 好
S001026_P0000_T00,听 人 到 你们 学校 学 手语 要 钱 多少,听 到 你们 学校 学 手语 要 钱 多少,听 到 你们 学校 学 手语 要 钱 多少,听 到 你们 学校 学 手语 要 钱 多少,每 叫 你们 学校 学 手语 告诉,听 到 你们 学校 学 手语 要 钱 多少
S001027_P0000_T00,我 想 找 聋 人 朋友 学 手语,每天 找 聋 人 朋友 学 手语,每天 找 聋 人 朋友 学 手语,每天 找 聋 人 朋友 学 手语,他 找 聋 人 朋友 学 手语,他 找 聋 人 朋友 学 手语
S001030_P0008_T00,学 手语 手机 按键 可以,学 手语 手机 可以,学 手语 手机 可以,学 手语 手机 可以,学 手语 手机 多,学 手语 按键 可以
S001035_P0000_T00,我 朋友 银行 工作 他 想 什么 贷款,朋友 银行 工作 他 想 什么 借款,朋友 银行 工作 他 想 什么 借款,朋友 银行 工作 他 想 什么 借款,朋友 银行 工作 他 想 什么 借款,朋友 银行 工作 他 想 什么 借款
S001051_P0000_T00,妈妈 同学 新 买 手表 我 想 买,妈妈 同学 新 买 手表 我 想 买,妈妈 同学 买 手表 我 想 买,妈妈 同学 新 买 手表 我 想 买,妈妈 同学 在 手表 我 看 买,妈妈 同学 买 手表 我 想 买
S001064_P0008_T00,爷爷 年龄 大 山 爬 他 喜欢,爷爷 年龄 大 山 爬 他 喜欢,爷爷 年龄 大 山 爬 他 喜欢,爷爷 年龄 大 山 爬 他 喜欢,弟弟 年龄 大 山 爬 多,爷爷 年龄 大 山 爬 他 喜欢
S001072_P0008_T00,介绍 他 我 乒乓球 老师,介绍 他 我 乒乓球 老师,介绍 他 我 乒乓球 老师,介绍 他 我 乒乓球 老师,介绍 他 我 乒乓球,从 他 我 乒乓球 老师
S001073_P0000_T00,工作 累 喝 咖啡,工作 累 喝 咖啡,工作 累 喝 咖啡,工作 累 喝 咖啡,工作 累 喝 咖啡,工作 累 喝 咖啡
S001081_P0000_T00,晚上 这 学校 到 房子 公交车 多 人 多,晚上 这 学校 去 房子 公交车 人 多,晚上 这 学校 去 房子 公交车 人 多,晚上 这 学校 去 房子 公交车 人 多,晚上 学校 房子 公交车 人 多,晚上 这 学校 去 房子 公交车 人 长 多
S001090_P0000_T00,蛋糕 糖 多 身体 害,蛋糕 糖 多 身体 害,蛋糕 糖 多 身体 害,蛋糕 糖 多 身体 害,蛋糕 糖 多 身体,蛋糕 糖 多 身体 害
S001091_P0000_T00,身份证 给 警察 要 检查,身份证 给 警察 要 检查,身份证 给 警察 要 检查,身份证 给 警察 要 检查,身份证 给 学 要 检查,身份证 给 警察 要 检查
S001095_P0008_T00,儿子 瘦 叫 他 在 学校 吃 多,儿子 瘦 叫 他 在 学校 吃 多,儿子 瘦 叫 他 在 学校 吃 多,儿子 瘦 叫 他 在 学校 吃 多,儿子 瘦 叫 他 在 学校 喝 多,儿子 瘦 叫 他 在 学校 吃 多
S001126_P0008_T00,今天 天气 好 爸爸 爷爷 去 跑步,今天 天气 好 爸爸 爷爷 去 跑步,今天 天气 好 爸爸 爷爷 去 跑步,今天 天气 好 爸爸 爷爷 去 跑步,今天 天气 好 爸爸 爷爷 跑步,今天 天气 好 爸爸 爷爷 去 跑步
S001142_P0000_T00,他 姐姐 老师 他 平时 驾驶 去 学校,他 姐姐 老师 平时 驾驶 去 学校,他 姐姐 老师 平时 驾驶 去 学校,他 姐姐 老师 平时 驾驶 去 学校,他 老师 平时 时间 驾驶 去 学校,他 姐姐 老师 平时 驾驶 去 学校
S001143_P0000_T00,我 护照 忘记 带 去 房子 拿,我 护照 忘记 带 去 房子 拿,我 护照 忘记 带 去 房子 拿,我 护照 忘记 带 去 房子 拿,我 护照 忘记 带 去 房子,我 护照 忘记 带 去 房子 拿
S001147_P0000_T00,我 爷爷 年龄 大 飞机 合适 不,我 爷爷 年龄 大 飞机 战争 不,我 爷爷 年龄 大 飞机 战争 不,我 爷爷 年龄 大 飞机 战争 不,我 妹妹 年龄 大 变化 战争,我 爷爷 年龄 大 飞机 战争 不
S001164_P0000_T00,买 去 1 票 不行 汽车 2 来往 不行,买 去 1 打折 不行 汽车 来 2,买 去 1 票 不行 车 来 2,买 去 1 票 不行 车 来 2,买 你 1 票 准备 1,买 去 1 票 不行 车 2
S001173_P0000_T00,驾驶 我 在 前 红 绿 灯 这 下,驾驶 我 指 红 绿 灯 下 过来,驾驶 我 你 红 绿 灯 过来,驾驶 我 指 红 绿 灯 下 过来,驾驶 我 看 绿 灯 出租车,工作 我 这 红 绿 灯 下
S001178_P0008_T00,因为 天气 不好 飞机 取消,因为 天气 不好 飞机 取消,因为 天气 不好 飞机 取消,因为 天气 不好 飞机 取消,因为 天气 好 去 2 租,因为 天气 不好 飞机 取消
S001186_P0000_T00,火车 卧铺 票 我 买 不行,火车 卧铺 票 我 买 不行,火车 卧铺 票 我 买 不行,火车 卧铺 票 我 买 不行,火车 卧铺 票 我 买 不行,火车 卧铺 票 我 买 不行
S001221_P0008_T00,我 在 房子 早 吃 中午 吃 我 在 学校 中午 吃,我 在 房子 早 吃 中午 吃 我 在 学校 中午 吃,我 在 房子 早 吃 中午 吃 我 在 学校 中午 吃,我 在 房子 早 吃 中午 吃 我 在 学校 中午 吃,我 在 房子 吃 中午 吃 我 在 学校 喝 吃,我 在 房子 早 吃 中午 吃 我 在 学校 中午 吃
S001222_P0004_T00,你 公司 中午 吃 味道 好不好,公司 中午 吃 味道,公司 中午 吃 味道 好不好,公司 中午 吃 味道 好不好,公司 中午 吃 味道 好不好,公司 中午 吃 味道 好不好
S001222_P0008_T00,你 公司 中午 吃 味道 好不好,你 公司 中午 吃 味道 好不好,你 公司 中午 吃 味道 好不好,你 公司 中午 吃 米 好不好,你 公司 中午 吃 糖 好不好,你 公司 中午 吃 米 好不好
S001227_P0000_T00,今天 菜 咸 我 想 喝 糖,今天 菜 咸 我 想 喝 糖,今天 菜 咸 我 想 喝 糖,今天 菜 咸 我 想 喝 糖,今天 菜 咸 我 想 喝 糖,今天 菜 咸 我 想 喝 糖
S001227_P0004_T00,今天 菜 咸 我 想 喝 糖,今天 菜 咸 我 想 喝 糖,今天 菜 咸 我 想 喝 糖,今天 菜 咸 我 想 喝 糖,今天 我 身体 我 想 喝 糖,今天 菜 咸 我 想 喝 糖
S001232_P0000_T00,这 菜 辣 多 要 喝 水,这 菜 辣 多 要 喝 水,这 菜 辣 多 要 喝 水,这 菜 辣 多 要 喝 水,这 钱 菜 辣 多 要 喝 水,这 菜 辣 多 要 喝 水
S001232_P0004_T00,这 菜 辣 多 要 喝 水,这 菜 辣 多 要 喝,这 菜 辣 多 要 喝,这 菜 辣 多 要 喝,这 菜 辣 1 喝,这 菜 爸爸 多 要 喝
S001236_P0004_T00,今天 妹妹 生日 我 炒 鱼,今天 妹妹 生日 我 炒 鱼,今天 妹妹 生日 我 炒 鱼,今天 妹妹 生日 我 炒 鱼,今天 红 生日 我 炒 鱼,今天 妹妹 生日 我 今天 鱼
S001236_P0008_T00,今天 妹妹 生日 我 炒 鱼,今天 妹妹 生日 我 炒 鱼,今天 妹妹 生日 我 炒 鱼,今天 妹妹 生日 我 炒 鱼,今天 妈妈 生日 我 炒 鱼,今天 妹妹 生日 我 炒 鱼
S001246_P0000_T00,服务 员工 厕所 在 什么,服务 员工 厕所 在 什么,服务 员工 厕所 在 什么,服务 员工 厕所 在 什么,服务 员工 厕所 在 什么,服务 员工 不 在 什么
S001246_P0008_T00,服务 员工 厕所 在 什么,服务 员工 厕所 在 哪,服务 员工 厕所 在 哪,服务 员工 厕所 在 哪,服务 员工 厕所 在 什么,服务 员工 厕所 在 哪
S001252_P0000_T00,我 妻子 感冒 我 驾驶 到 医院,我 妻子 感冒 我 驾驶 去 医院,我 妻子 感冒 我 驾驶 去 医院,我 妻子 感冒 我 驾驶 去 医院,我 妻子 想 感冒 我 驾驶 去 医院,我 妻子 感冒 我 驾驶 到 医院
S001260_P0000_T00,你 去 超市 买 伞 我 在 钱 这 等 你,你 去 超市 买 伞 我 在 钱 这 等 他,你 去 超市 买 伞 我 在 钱 这 等 他,你 去 超市 买 伞 我 在 钱 这 等 他,你 去 超市 买 伞 我 考试 这 等 看,你 去 超市 买 伞 我 在 这 等 你
S001260_P0004_T00,你 去 超市 买 伞 我 在 钱 这 等 你,你 去 超市 买 伞 我 在 这 等 你,你 去 超市 买 伞 我 在 这 等 你,你 去 超市 买 伞 我 在 这 等 你,你 去 超市 买 伞 我 在 什么 孩子 等,你 去 超市 买 伞 我 在 这 等
S001266_P0002_T00,我 工作 好了 去 超市 果汁 去 房子,我 工作 好了 去 超市 吃 果汁 去 房子,我 工作 好了 去 超市 全部 去 房子,我 工作 好了 去 超市 全部 去 房子,工作 好了 超市 买 全部 去 房子,我 工作 好了 去 超市 果汁 去 房子
S001268_P0000_T00,这 商店 水果 多 便宜 我 想 买 香蕉,这 商店 水果 多 便宜 我 想 买 香蕉,这 商店 水果 多 便宜 我 想 买 香蕉,这 商店 水果 多 便宜 我 想 买 香蕉,这 商店 水果 多 便宜 我 想 买 香蕉,这 商店 水果 多 便宜 我 想 买 节省
S001268_P0008_T00,这 商店 水果 多 便宜 我 想 买 香蕉,这 商店 水果 多 便宜 我 想 买 香蕉,这 商店 水果 多 便宜 我 想 买 香蕉,这 商店 水果 多 便宜 我 想 买 香蕉,这 商店 水果 多 买 我 想 买 香蕉,这 商店 水果 多 便宜 我 想 买 香蕉
S001292_P0004_T00,你 巧克力 吃 多 不 身体 不好,你 巧克力 吃 多 不 身体 不好,你 巧克力 吃 多 不 身体 不好,你 巧克力 吃 多 不 身体 不好,你 吃 不 身体 不好,你 巧克力 吃 多 不 身体 不好
S001292_P0008_T00,你 巧克力 吃 多 不 身体 不好,你 巧克力 吃 多 不 身体 不好,你 巧克力 吃 多 不 身体 不好,你 巧克力 吃 多 不 身体 不好,你 哥哥 衣服 吃 多 不 身体 不好,你 巧克力 吃 多 不 身体 不好
S001298_P0004_T00,爸爸 妈妈 生日 你 应该 早 起床 炒 早 吃,爸爸 妈妈 生日 应该 早 起床 炒 早 吃,爸爸 妈妈 生日 应该 早 起床 炒 早 吃,爸爸 妈妈 生日 应该 早 起床 炒 早 吃,爸爸 妈妈 生日 应该 你 写 炒 早 吃,爸爸 妈妈 生日 你 应该 早 去 炒 早 吃
S001308_P0000_T00,天气 冬天 我们 去 篮球,天气 冬天 我们 去 篮球,天气 冬天 我们 去 篮球,天气 冬天 我们 去 篮球,天气 冬天 我们 篮球,天气 冬天 我们 去 篮球
S001308_P0004_T00,天气 冬天 我们 去 篮球,天气 冬天 我们 篮球,天气 冬天 我们 篮球,天气 冬天 我们 篮球,天气 冬天 我们 篮球,天气 冬天 我们 篮球
S001315_P0004_T00,我 爷爷 手语 会 他 聋 人 朋友 多,我 爷爷 手语 会 他 女 朋友 多,我 爷爷 手语 会 他 女 朋友 多,我 爷爷 手语 会 他 女 朋友 多,我 爷爷 手语 会 他 女 朋友 越,我 爷爷 手语 会 他 女 朋友 多
S001324_P0000_T00,病 人 手术 出院 不行 护士 照顾 会,病 人 手术 出院 不行 护士 照顾 会,病 人 手术 出院 不行 护士 照顾 会,病 人 手术 出院 不行 护士 照顾 会,病 人 手术 出院 护士 榜样 会,病 人 手术 出院 不行 护士 照顾 会
S001324_P0004_T00,病 人 手术 出院 不行 护士 照顾 会,护士 病 人 手术 出院 不行 员工 照顾 会,护士 病 人 手术 出院 不行 员工 照顾 会,护士 病 人 手术 护照 出院 不行 员工 照顾 会,护士 病 人 手术 护照 少 服务 员工 照顾 会,护士 病 人 手术 护照 追 不行 员工 照顾 会
S001349_P0000_T00,我 今天 去 山 爬 晚上 后 去 房子 吃,我 今天 山 爬 晚上 去 房子 吃,我 今天 山 爬 晚上 去 房子 吃,我 今天 山 爬 晚上 去 房子 吃,我 今天 山 爬 晚上 去 房子 吃,我 今天 山 爬 晚上 去 房子 吃
S001354_P0000_T00,我 有 2 衣服 1 红 1 黄,我 有 2 衣服 红 1 黄,我 有 红 1 黄,我 有 2 衣服 红 1 黄,我 有 红 钱 多少,我 有 2 红 1
S001354_P0004_T00,我 有 2 衣服 1 红 1 黄,我 有 2 衣服 1 红 1 黄,我 有 2 衣服 1 红 黄,我 有 2 衣服 1 红 1 黄,我 多 衣服 喜欢 2,我 有 2 衣服 1 红 1 篮球
S001356_P0000_T00,黑 鞋子 这 男 我 男 朋友,鞋子 黑 这 男 我 男 朋友,鞋子 黑 男 我 男 朋友,鞋子 黑 这 男 我 男 朋友,鞋子 来 我 女 朋友,黑 男 我 男 朋友
S001356_P0008_T00,黑 鞋子 这 男 我 男 朋友,这 鞋子 黑 男 我 男 朋友,这 鞋子 黑 男 我 男 朋友,这 鞋子 黑 男 我 男 朋友,这 鞋子 知道 男 我 男 朋友,这 鞋子 黑 男 我 男 朋友
S001357_P0000_T00,我 女儿 手机 没有 我 只好 手机 发送 他 朋友,我 女儿 手机 没有 我 只好 手机 发送 他 朋友,我 女儿 手机 没有 我 只好 手机 发送 朋友,我 女儿 手机 没有 我 只好 手机 发送 他 朋友,我 女儿 知道 没有 我 不喜欢 手机 发送 限制,我 女儿 手机 没有 我 只好 手机 发送 朋友
S001357_P0008_T00,我 女儿 手机 没有 我 只好 手机 发送 他 朋友,我 女儿 手机 没有 我 只好 手机 发送 他 朋友,我 女儿 手机 没有 我 只好 手机 发送 他 朋友,我 女儿 手机 没有 我 只好 手机 发送 他 朋友,我 女儿 手机 没有 我 想 发送 他 朋友,我 女儿 手机 没有 我 只好 手机 发送 朋友
S001369_P0000_T00,过节 去 房子 多 吃 菜 小 吃 肉 胖 不,过节 去 房子 多 吃 菜 小 吃 肉 胖 不,过节 去 房子 多 吃 菜 吃 肉 胖 不,过节 去 房子 多 吃 菜 小 吃 肉 胖 不,祝福 我 去 房子 多 吃 粉 吃 学 我 胖,过节 去 房子 多 吃 菜 吃 学 胖 不
S001369_P0004_T00,过节 去 房子 多 吃 菜 小 吃 肉 胖 不,过节 去 房子 多 吃 菜 吃 晚 胖 不,祝福 去 房子 多 吃 菜 吃 肉 胖 不,祝福 去 房子 多 吃 菜 吃 肉 胖 不,祝福 去 房子 多 吃 胖 不,祝福 去 房子 多 吃 菜 吃 肉 胖 不
S001372_P0000_T00,明天 考试 要 带 笔 不 带 手机,明天 考试 要 带 什么 不 带 手机,明天 考试 要 带 没有 不 带 手机,明天 考试 要 带 没有 不 带 手机,明天 考试 我 带 没有 不 点 手机,明天 考试 要 带 没有 不 带 手机
S001372_P0008_T00,明天 考试 要 带 笔 不 带 手机,明天 考试 要 带 什么 不 带 手机,明天 考试 要 带 什么 不 带 手机,明天 考试 要 带 什么 不 带 手机,明天 考试 要 带 北京 不 带 手机,明天 考试 要 带 什么 不 带 手机
S001377_P0000_T00,中午 去 什么 吃 在 学校 饭店,中午 去 什么 吃 在 学校 饭店,中午 去 什么 吃 在 学校 饭店,中午 去 什么 吃 在 学校 饭店,如果 什么 吃 在 学校 饭店,中午 去 什么 吃 在 学校 饭店
S001377_P0008_T00,中午 去 什么 吃 在 学校 饭店,中午 去 什么 吃 在 学校 饭店,中午 去 什么 吃 在 学校 饭店,中午 去 什么 吃 在 学校 饭店,中午 去 要 吃 买 互相 饭店,中午 去 什么 吃 在 学校 饭店
S001401_P0008_T00,牛奶 咖啡 和 喝 可以,牛奶 咖啡 喝 可以,牛奶 咖啡 分别 喝 可以,牛奶 咖啡 喝 可以,牛奶 咖啡 分别 喝 可以,牛奶 咖啡 毕业 喝 可以
S001403_P0004_T00,老板 对 我 满意 高兴,老板 对 我 好 满足 高兴,老板 对 我 好 满足 高兴,老板 对 我 好 满足 高兴,老板 对 老师 好 满足 高兴,老板 对 我 好 满足 高兴
S001403_P0008_T00,老板 对 我 满意 高兴,老板 对 我 满足 高兴,老板 对 我 高兴,老板 对 我 满足 高兴,老板 对 我 老板 多 高兴,老板 对 我 高兴
S001409_P0000_T00,工作 时间 酒 不行 老板 也 不行,工作 时间 酒 不行 老板 不行,工作 时间 酒 不行 老板 不行,工作 时间 酒 不行 老板 不行,工作 时间 酒 不行 安全 不行,工作 时间 酒 不行 老板 不行
S001409_P0008_T00,工作 时间 酒 不行 老板 也 不行,工作 时间 酒 不行 老板 一样 不行,工作 时间 酒 不行 老板 不行,工作 时间 酒 不行 老板 改变 不行,工作 时间 酒 不行 老板 不行,工作 时间 酒 不行 老板 不行
S001414_P0008_T00,明天 过节 要 穿 新,明天 过节 要 衣服 新,明天 过节 要 穿 新,明天 过节 要 穿 新,明天 过节 要 穿 不行,明天 过节 要 穿 新
S001415_P0000_T00,穿 暖 没有 我 想 不 买,穿 暖 没有 我 想 不 买,穿 暖 没有 我 想 不 买,穿 暖 没有 我 想 不 买,穿 暖 没有 我 想 喝 不是,暖 没有 我 想 不 买
S001415_P0004_T00,穿 暖 没有 我 想 不 买,衣服 没有 我 想 不 买,衣服 没有 我 想 不 买,衣服 没有 我 想 不 买,衣服 没有 我 想 不 买,衣服 没有 我 想 不 买
S001417_P0004_T00,明天 考试 好了 放假 高兴,明天 考试 好了 放假 高兴,明天 考试 好了 放假 高兴,明天 考试 好了 放假 高兴,明天 考试 好了 放假 高兴,明天 考试 好了 绿 高兴
S001417_P0008_T00,明天 考试 好了 放假 高兴,明天 考试 好了 放假 高兴,明天 考试 好了 放假 高兴,明天 考试 好了 放假 高兴,明天 考试 好了 放假 高兴,明天 考试 好了 放假 高兴
S001423_P0000_T00,你 我 客户 我 应该 请客 你 吃,你 要 礼貌 我 应该 请客 你 吃,你 要 礼貌 我 应该 请客 你 吃,你 要 礼貌 我 应该 请客 你 吃,你 礼貌 我 应该 请客 可以 吃,你 要 礼貌 我 应该 请客 你 吃
S001423_P0004_T00,你 我 客户 我 应该 请客 你 吃,你 我 礼貌 我 应该 请客 你 吃,你 要 礼貌 我 应该 请客 吃,你 要 礼貌 我 应该 请客 你 吃,这 礼貌 我 应该 心 吃,你 我 客户 我 应该 请客 吃
S001425_P0000_T00,跳舞 是 1 种 运动 是 对 身体 好,跳舞 是 1 种 运动 是 对 身体 好,跳舞 是 1 种 运动 是 对 身体 好,跳舞 是 1 种 运动 是 对 身体 好,跳舞 像 1 种 运动 2 对 身体 走,跳舞 像 1 种 运动 是 对 身体 好
S001425_P0008_T00,跳舞 是 1 种 运动 是 对 身体 好,跳舞 是 1 种 运动 是 对 身体 好,跳舞 是 1 种 运动 是 对 身体 好,跳舞 是 1 种 运动 是 对 身体 好,跳舞 是 种 运动 是 对 身体 好,跳舞 是 1 种 运动 是 对 身体 好
S001430_P0008_T00,老板 邮件 我 叫 我 预定 去 公司 飞机,老板 发送 要 叫 要 预定 去 公司 飞机,老板 发送 要 叫 要 预定 去 公司 飞机,老板 发送 要 叫 要 预定 去 公司 飞机,老板 飞机 要 他 要 预定 公司 去,老板 发送 要 叫 要 预定 去 公司 飞机
S001432_P0004_T00,我 儿子 去 工作 你 有 事情 手机 发,我 儿子 去 工作 你 有 事情 手机 发送,我 儿子 去 工作 你 好 事情 手机 发送,我 儿子 去 工作 你 好 事情 手机 发送,我 儿子 工作 我 事情 发送,我 儿子 去 工作 你 好 事情 手机 发送
S001447_P0004_T00,十字路 有 狗 我 害怕 他 有 小,这 有 狗 我 这 小,十字路 有 狗 我 这 小,十字路 有 狗 我 这 小,真 这 坐 我 米,名字 有 点 狗 我 这 小
S001447_P0008_T00,十字路 有 狗 我 害怕 他 有 小,真 我 害怕 他 小,真 我 害怕 他 小,真 我 害怕 他 小,这 有 我 害怕 他,他 我 害怕 这 小
S001456_P0000_T00,下午 我 吃 水果 多 不 想 吃 晚上 吃,下午 我 吃 水果 多 不 想 吃 晚上 吃,下午 我 吃 水果 多 不 想 吃 晚上 吃,下午 我 吃 水果 多 不 想 吃 晚上 吃,下午 我 吃 水果 多 不 想 吃 晚上 吃,下午 我 吃 水果 多 不 想 吃 晚上 吃
S001489_P0004_T00,老板 邮件 我 看 没有 他 什么 时间 发,老板 发送 我 看 没有 他 什么 时间 发送,老板 邮件 我 看 没有 他 什么 时间 发送,老板 邮件 我 看 没有 他 什么 时间 发送,老板 发送 我 看 没有 他 什么 时间 发送,老板 邮件 我 看 没有 他 什么 时间 发送
S001489_P0008_T00,老板 邮件 我 看 没有 他 什么 时间 发,老板 发送 我 没有 看 他 什么 时间 发送,老板 发送 我 没有 看 他 什么 时间 发送,老板 邮件 我 没有 看 他 什么 时间 发送,老板 机场 我 没有 你 他 什么 时间 发送,老板 发送 我 没有 看 他 什么 时间 一样
S001507_P0004_T00,穿 裙子 蓝 跳舞 那 我 女儿,裙子 蓝 跳舞 他 我 女儿,裙子 蓝 跳舞 他 我 女儿,裙子 蓝 跳舞 他 我 女儿,裙子 发现 跳舞 他 我 女儿,裙子 蓝 在 他 我 女儿
S001507_P0008_T00,穿 裙子 蓝 跳舞 那 我 女儿,这 蓝 裙子 女 我 女儿,这 蓝 裙子 女 我 女儿,这 蓝 裙子 女 我 女儿,这 你 裙子 女 我 女儿,这 蓝 裙子 女 我 女儿
S001509_P0004_T00,今天 阴 大概 会 下雨,今天 阴 大概 会 下雨,今天 阴 大概 会 下雨,今天 阴 大概 会 下雨,今天 公交车 大概 今天 会 下雨,今天 阴 大概 会 下雨
S001515_P0004_T00,在 房子 看 电视 不用 去 踢足球,在 房子 看 电视 不用 去 踢足球,在 房子 看 电视 不用 去 踢足球,在 房子 看 电视 不用 去 踢足球,在 房子 看 电视 不用 小 踢足球,在 房子 看 电视 不用 去 踢足球
S001515_P0008_T00,在 房子 看 电视 不用 去 踢足球,在 房子 看 电视 去 踢足球,在 房子 看 电视 去 踢足球,在 房子 看 电视 去 踢足球,在 房子 看 电视 一样 踢足球,在 房子 看 电视 去 踢足球
S001517_P0000_T00,椅子 衣服 1 这 谁,桌子 衣服 1 这 谁,桌子 衣服 1 这 谁,桌子 衣服 1 这 谁,桌子 衣服 1 怎么 谁,桌子 衣服 1 这 谁
S001517_P0004_T00,椅子 衣服 1 这 谁,桌子 衣服 1 这 谁,桌子 衣服 1 这 谁,桌子 衣服 1 这 谁,桌子 不行 这 谁,桌子 衣服 1 这 谁
S001568_P0004_T00,合肥 降 骑车 课 应该 冬天,合肥 降 课 应该 冬天,合肥 降 课 应该 冬天,合肥 降 课 肯定 冬天,合肥 降 我 课 录取 冷,合肥 降 骑车 课 冬天
S001568_P0008_T00,合肥 降 骑车 课 应该 冬天,合肥 降 骑车 课 应该 冬天,合肥 降 骑车 课 应该 冬天,合肥 降 骑车 课 肯定 冬天,合肥 降 骑车 能力 重要 冬天,合肥 降 骑车 课 种 冬天
S001574_P0004_T00,我 丈夫 在 美国 中国 菜 喜欢,我 丈夫 在 美国 中国 菜 喜欢,我 丈夫 在 美国 中国 菜 喜欢,我 丈夫 在 美国 中国 菜 喜欢,我 妻子 美国 中国 菜 喜欢,我 丈夫 在 美国 中国 菜 喜欢
S001574_P0008_T00,我 丈夫 在 美国 中国 菜 喜欢,我 丈夫 在 美国 中国 菜 喜欢,我 丈夫 在 美国 中国 菜 喜欢,我 丈夫 在 美国 中国 菜 喜欢,我 丈夫 在 美国 中国 菜 喜欢,我 丈夫 在 美国 中国 菜 喜欢
S001610_P0004_T00,服务 员工 说 黑 帽子 适合 我,明天 帽子 战争 我 服务 说,明天 帽子 战争 我 服务 说,明天 帽子 战 我 服务 说,明天 战争 我 服务,明天 战争 我 服务 说
S001610_P0005_T00,服务 员工 说 黑 帽子 适合 我,想 帽子 合适 我 服务 员工 说,黑 帽子 合适 我 服务 员工 说,黑 帽子 合适 我 服务 员工 说,天 学 我 服务 员工 说,黑 帽子 战 我 服务 员工 说
S001625_P0005_T00,我 明天 超市 买 面包 给 爷爷,我 明天 超市 买 面包 给 爷爷,我 明天 超市 买 面包 给 爷爷,我 明天 超市 买 面包 给 爷爷,我 想 超市 买 面包 给 弟弟,我 明天 超市 买 蛋糕 给 爷爷
S001641_P0000_T00,人 身体 身体 癌 变 大概 会,人 身体 癌 会 变 大概 会,人 身体 癌 会 变 大概 会,人 身体 癌 会 变 大概 会,人 身体 癌 会 变 大概 会,人 身体 癌 会 变 大概 会
S001641_P0004_T00,人 身体 身体 癌 变 大概 会,人 身体 癌 会 变 大概 会 不,人 身体 癌 会 变 大概 会,人 身体 癌 会 变 大概 会 不,人 身体 癌 后 大概 会,人 身体 癌 会 大概 会 不
S001656_P0004_T00,治疗 白内障 治疗 效果 好 是 手术,艾滋 病 效果 手术,艾滋 病 效果 手术,艾滋 病 效果 手术,艾滋 病 是 病 手术,艾滋 病 治疗 小 病 效果 手术
S001656_P0005_T00,治疗 白内障 治疗 效果 好 是 手术,治疗 白内障 治疗 效果 是 手术,治疗 白内障 治疗 效果 是 手术,治疗 白内障 治疗 效果 是 手术,治疗 白内障 治疗 喜欢 是 手术,堵车 白内障 治疗 效果 是 手术
S001667_P0000_T00,忙 晚上 进 睡觉 前 书 看 看 完成,忙 晚上 睡觉 前 书 看 完成,忙 晚上 睡觉 前 书 文章 完成,忙 晚上 去 睡觉 前 书 文章 完成,晚上 去 睡觉 书,忙 晚上 睡觉 前 书 检查 完成
S001667_P0005_T00,忙 晚上 进 睡觉 前 书 看 看 完成,忙 晚上 玩 睡觉 前 书 看 完成,忙 晚上 去 睡觉 前 书 完成,忙 晚上 去 睡觉 前 书 文章 完成,白天 晚上 去 睡觉 钱 书 会 负责,忙 晚上 到 睡觉 前 书 检查 完成
S001685_P0000_T00,老 人 路 斑马线 慢 走 慢 走 慢 走 车 按 按 按,老 人 路 斑马线 慢 走 慢 走 汽车 不,老 人 路 斑马线 慢 走 汽车,老 人 路 斑马线 慢 走 汽车,老 人 路 斑马线 慢 走 汽车,老 人 路 斑马线 慢 走 汽车 预防 防止
S001687_P0000_T00,走 斑马线 条 条 是 安全,走 斑马线 条 安全,走 斑马线 条 安全,走 斑马线 条 安全,走 斑马线 条 安全,走 斑马线 条 安全
S001687_P0005_T00,走 斑马线 条 条 是 安全,走 斑马线 条 安全,走 斑马线 条 安全,走 斑马线 条 安全,走 斑马线 安全,走 斑马线 条 安全
S001702_P0000_T00,笔记本 电脑 多 全部 配 配 蓝牙,笔记本 电脑 多 全部 配合 蓝牙,笔记本 电脑 多 全部 配合 蓝牙,笔记本 电脑 多 全部 配合 蓝牙,笔记本 电脑 多 全部 配合 是 蓝牙,笔记本 电脑 多 全部 配合 蓝牙
S001702_P0004_T00,笔记本 电脑 多 全部 配 配 蓝牙,笔记本 电脑 多 全部 配合 是 蓝牙,笔记本 电脑 多 一起 配合 蓝牙,笔记本 电脑 多 一起 配合 蓝牙,笔记本 电脑 不行 一起 配合 蓝牙,笔记本 电脑 多 一起 配合 蓝牙
S001705_P0004_T00,研究 蓝牙 技术 原来 理 和 什么 实践 过程 老师 介绍 介绍,研究 蓝牙 技术 原来 他 和 什么 过程 老师 介绍,研究 蓝牙 技术 原来 1 和 什么 过程 介绍,研究 蓝牙 技术 原来 1 和 什么 过程 老师 介绍,蓝牙 技术 改变 1 和 找 过程,研究 蓝牙 技术 原来 1 和 什么 试 过程 老师 介绍
S001705_P0005_T00,研究 蓝牙 技术 原来 理 和 什么 实践 过程 老师 介绍 介绍,研究 蓝牙 技术 原来 痛 和 什么 海 过程 要 介绍,研究 蓝牙 技术 原来 痛 和 什么 实践 过程 介绍,研究 蓝牙 技术 原来 痛 和 什么 实践 过程 要 介绍,研究 蓝牙 技术 高 1 和 过程 介绍,研究 蓝牙 技术 原来 1 和 什么 试 实践 过程 看
S001711_P0000_T00,这 公司 在 这 蓝牙 设计 秘密 改变 改变 安全,这 公司 在 蓝牙 设计 秘密 变 安全,这 公司 在 蓝牙 设计 秘密 变 安全,这 公司 在 蓝牙 设计 秘密 变 安全,这 公司 在 蓝牙 设计 秘密 走 安全 好,这 公司 在 蓝牙 设计 秘密 变 安全
S001711_P0005_T00,这 公司 在 这 蓝牙 设计 秘密 改变 改变 安全,这 公司 在 蓝牙 设计 悄悄 变 安全,这 公司 在 设计 变 安全,这 公司 在 蓝牙 设计 吸烟 变 安全,这 公司 在 设计 水 走 身体 安全,这 公司 在 设计 像 变 安全
S001717_P0000_T00,程序 不用 关闭 关闭 可以 帮助 我 节省 流量,过程 不用 关闭 可以 帮助 我 节省 流量,经过 程序 不用 关闭 可以 帮助 我 节省 流量,经过 程序 不用 关闭 可以 帮助 我 节省 流量,经过 全部 可以 帮助 我 节省 我,经过 过程 不用 关闭 关门 可以 帮助 我 节省 流量
S001717_P0005_T00,程序 不用 关闭 关闭 可以 帮助 我 节省 流量,过程 不 关门 可以 帮助 我们 节省 流量,过程 不 可以 帮助 我们 节省 流量,程序 不 可以 帮助 我们 节省 流量,过程 没有 达到 帮助 我 节省 水,过程 增加 可以 帮助 我们 节省 流量
S001735_P0004_T00,医生 温度 脉搏 检查 身体,医生 温度 病 检查 身体,医生 温度 病 检查 身体,医生 温度 病 检查 身体,学 缺少 脉搏 检查 身体,医生 病 身体
S001735_P0005_T00,医生 温度 脉搏 检查 身体,医生 温度 脉搏 检查 身体,医生 温度 脉搏 检查 身体,医生 温度 病 检查 身体,医生 温度 脉搏 检查 身体,医生 温度 病 检查 身体
S001743_P0000_T00,上海 公司 法 人 拍照 身份证 复印 6,上海 公司 人 拍照 身份证 复印 好不好,上海 公司 人 拍照 身份证 复印 多,上海 公司 人 拍照 身份证 复印 玩,上海 公司 人 表示 身份证 多,上海 公司 人 表示 身份证 复印 好不好
S001743_P0004_T00,上海 公司 法 人 拍照 身份证 复印 6,上海 公司 可以 人 表示 身份证 复印 玩,上海 公司 可以 人 表示 身份证 玩,上海 公司 可以 人 表示 身份证 复印 玩,上海 公司 多 人 表示 身份证 过期,上海 公司 可以 人 表示 身份证 茶叶
S001747_P0000_T00,每 人 在 生活 会 遇 感动 事情,每 人 在 生活 会 遇 感动 事情,每 人 在 生活 会 遇 感动 事情,每 人 在 生活 会 遇 感动 事情,每 人 在 生活 会 处罚 感动 事情,每 人 在 生活 会 遇 感动 事情
S001747_P0004_T00,每 人 在 生活 会 遇 感动 事情,每 人 在 生活 会 遇 感动 事情,每 人 在 生活 会 遇 感动 事情,每 人 在 生活 会 遇 感动 事情,每 人 在 生活 遇 感动 事情,每 人 在 生活 遇 感动 事情
S001754_P0000_T00,难 运动 员工 勤奋 运动 运动 不是 我们 榜样 学,难 运动 员工 努力 运动 不是 我们 榜样,难 运动 员工 努力 运动 不是 我们 榜样,难 运动 员工 努力 运动 不是 我们 榜样,奶奶 运动 员工 努力 冠军 运动 不是 我们 榜样,难 运动 员工 努力 运动 不是 我们 榜样
S001754_P0004_T00,难 运动 员工 勤奋 运动 运动 不是 我们 榜样 学,难 运动 员工 努力 运动 不是 我们 榜样 学,难 运动 员工 努力 警察 运动 不是 我们 榜样 学,难 运动 员工 努力 运动 不是 我们 榜样 学,想 运动 员工 努力 警察 运动 不是 我们 榜样 学,难 运动 员工 努力 学 运动 不是 我们 榜样 学
S001759_P0005_T00,你 不 给 榜样 学 坏 不,你 不 给 榜样 学 不行 不,你 不 给 榜样 学 不行 不,你 不 给 榜样 学 不行 不,你 不 给 榜样 学 快,这 不 给 榜样 学 不行 不
S001769_P0004_T00,这样 做 最 保险,情况 做 最 保险,情况 工作 最 保险,情况 工作 最 保险,情况 工作 时间 保险,这样 工作 最 保险
S001769_P0005_T00,这样 做 最 保险,情况 工作 最 保险,情况 工作 最 保险,情况 工作 最 保险,情况 工作 最 保险,情况 工作 最 保险
S001788_P0000_T00,看 病 床 这 儿子 身体 包 绷带 绷带 看 心跳,看 病 观众 儿子 身体 包 绷带 看 感动,看 病 儿子 身体 包 绷带 看 感动,看 病 观众 儿子 身体 包 绷带 看 感动,你 看 病 儿子 身体 包 绷带 看 感动,看 病 儿子 身体 包 绷带 看 感动
S001788_P0005_T00,看 病 床 这 儿子 身体 包 绷带 绷带 看 心跳,看 病 儿子 身体 包 绷带 看 感动,看 病 房子 儿子 身体 包 绷带 看 感动,看 病 儿子 身体 包 绷带 看 感动,看 病 联系 生 身体 包 绷带 感动,看 病 房子 儿子 身体 包 绷带 看 感动
S001798_P0000_T00,他 电脑 笔记本 中 毒 开 不,他 电脑 笔记本 妈妈 做 开 不行,他 电脑 笔记本 妈妈 做 开 不行,他 电脑 笔记本 妈妈 做 开 不行,他 电脑 笔记本 工作 开,他 电脑 笔记本 中 做 开 不行
S001798_P0005_T00,他 电脑 笔记本 中 毒 开 不,他 电脑 笔记本 中 做 开 不行,他 电脑 笔记本 中 做 开,他 电脑 笔记本 中 做 开 不行,他 电脑 笔记本 开,他 电脑 笔记本 中 开 不行
S001808_P0000_T00,他 对 自己 标准 严格 高 要求,他 对 自己 准确 多 严格 高 年龄,他 对 自己 准确 多 年龄,他 对 自己 准确 多 严格 年龄,他 对 自己 正确 阑尾 祝福,他 对 自己 社会 多 祝福
S001813_P0000_T00,你 声音 标准 没有 你 还 练习 练习,这 标准 没有 你 还 练习,他 标准 没有 你 还 锻炼,他 标准 没有 你 还 锻炼,你 自己 标准 没有 你 还 锻炼,你 标准 没有 你 还 锻炼
S001813_P0005_T00,你 声音 标准 没有 你 还 练习 练习,你 标准 没有 你 还 练习,你 标准 没有 你 还 练习,你 标准 没有 你 还 练习,你 抱怨 标准 没有 你 还 练习,你 标准 没有 你 还 生气
S001815_P0000_T00,王 老师 做 做 产品 标准 升 升 升 好,王 老师 工作 产品 品 标准 升 好,王 老师 工作 产品 标准 升 好,王 老师 工作 产品 品 标准 升 好,王 老师 工作 产品 品 标准 日期 升 好,王 老师 工作 产品 标准 好
S001822_P0000_T00,他 我 找 夫妻 标准 他 符合,他 我 找 结婚 标准 他 合适,他 我 找 结婚 标准 他 合适,他 我 找 结婚 标准 他 合适,他 我 找 结婚 标准 他 合适,他 我 找 结婚 标准 他 合适
S001822_P0004_T00,他 我 找 夫妻 标准 他 符合,他 我 看 夫妻 标准 他 适合,他 我 看 夫妻 标准 他 适合,他 我 看 夫妻 标准 他 适合,他 我 想 结婚 标准 他 合适,他 我 看 夫妻 标准 他 了解
S001841_P0004_T00,伤 恢复 没有 不 感染,受伤 恢复 今天 没有 不 影响,受伤 恢复 没有 不 影响,受伤 恢复 今天 没有 不 影响,酒 恢复 没有 要 影响,受伤 恢复 没有 不 影响
S001841_P0005_T00,伤 恢复 没有 不 感染,受伤 恢复 没有 不 影响,受伤 恢复 没有 不 影响,受伤 恢复 没有 不 影响,机会 恢复 没有 不 影响,受伤 恢复 没有 不 影响
S001851_P0005_T00,祖国 到处 情况 变 变 变 新,北京 样子 变 新,祖国 样子 变 新,祖国 样子 变 新,我们 情况 八宝粥 新,国 旅游 情况 变 新
S001874_P0000_T00,文化 交流 是 目的 沟通 各 国家 文化 交流 桥,文化 交流 是 目的 沟通 各种 国家 文化 交流,文化 交流 是 目的 沟通 各种 国家 文化 交流,文化 交流 是 目的 沟通 各种 国家 文化 交流,文化 交流 是 目标 沟通 各种 国家 会 交流,文化 交流 是 目的 沟通 各种 国家 文化 交流
S001874_P0004_T00,文化 交流 是 目的 沟通 各 国家 文化 交流 桥,文化 交流 按照 沟通 各种 国家 文化 交流,文化 交流 按照 沟通 各种 国家 文化 交流,文化 交流 按照 沟通 各种 国家 文化 交流 桥,这 交流 目标 沟通 各种 房子 交流 桥,这 菜 交流 挂 沟通 各种 国家 交流 桥
S001882_P0004_T00,让 我 休息 好 可以 天气 变 变 变 我 估计 要 下雨,让 我 休息 好 天气 变化 我 估计 要 下雨,请 我 休息 好 可以 天气 改变 我 估计 要 下雨,请 我 休息 好 可以 天气 改变 我 估计 要 下雨,请 休息 天气 改变 我 打算 估计 解决,请 我 休息 可以 天气 改变 我 估计 要 下雨
S001882_P0005_T00,让 我 休息 好 可以 天气 变 变 变 我 估计 要 下雨,让 我 休息 好 可以 天气 改变 我 估计 下雨,让 我 休息 好 可以 天气 改变 我 估计 下雨,让 我 休息 好 可以 天气 改变 我 估计 下雨,请 让 我 休息 力量 不行 天气 改变 我 估计 下雨,让 我 负责 好 可以 天气 改变 我 估计 下雨
S001891_P0000_T00,跳舞 书 这 阶段 安排 必须 不 变,跳舞 书 这 处理 肯定 不 变,跳舞 书 这 处理 肯定 不 变,跳舞 书 这 处理 肯定 不 变,跳舞 时间 书 他 处理 肯定 不 一样,跳舞 书 这 预报 处理 肯定 不
S001891_P0004_T00,跳舞 书 这 阶段 安排 必须 不 变,跳舞 书 这 阶段 处理 应该 不 变,跳舞 书 这 段 处理 应该 不 变,跳舞 书 这 段 处理 应该 不 变,跳舞 身份证 书 我 处理 坐 一样 变,跳舞 书 这 处理 肯定 不 改变
S001894_P0000_T00,我 课 教室 固定 没有 今天 这 变 明天 那,我 课 教室 固定 没有 今天 这 变 感觉 看 他,我 课 教室 固定 没有 今天 这 变 感觉 他,我 课 教室 固定 没有 今天 这 变 感觉 他,我 课 教室 学校 决定 没有 今天 感觉 痛,我 课 教室 房子 固定 没有 今天 这 变 错误 他
S001894_P0004_T00,我 课 教室 固定 没有 今天 这 变 明天 那,我 课 教 房子 固定 没有 今天 这 修 这 明天 他,我 课 教 房子 固定 没有 今天 这 明天 他,我 课 教室 房子 固定 没有 今天 这 修 这 明天 他,我 哥哥 教 房子 固定 没有 今天 出租车 知道,我 课 教室 房子 固定 没有 今天 这 找 这 明天 他
S001900_P0004_T00,我 捡 交通 卡 这 卡 早 丢 挂,我 卡 这 早 丢 挂,我 交通 卡 这 早 丢 挂,我 交通 卡 这 早 丢 挂,孩子 交通 卡 但是 吃 预定,我 这 早 丢 挂
S001900_P0005_T00,我 捡 交通 卡 这 卡 早 丢 挂,我 成长 交通 卡 这 早 丢 挂,我 成长 交通 卡 这 早 丢 挂,我 成长 交通 卡 这 早 丢 挂,我 孩子 交通 卡 这 早 丢 挂,我 车 卡 这 少 早 丢 挂
S001902_P0000_T00,请 你 看 写 项目 写 丢 挂 要求 表格 这 好了 我 核对,请 你 看 题目 写 丢 挂 要 要求 写 表格 这 好了 我 核对,请 你 看 题目 写 丢 挂 要 要求 写 表格 这 好了 我 核对,请 你 看 题目 写 丢 挂 要 要求 写 表格 这 好了 我 核对,请 你 看 题目 写 丢 挂 要求 写 表格 要 好了 我 核对,请 你 看 题目 写 丢 挂 要 要求 写 表 这 好了 我 核对
S001902_P0005_T00,请 你 看 写 项目 写 丢 挂 要求 表格 这 好了 我 核对,请 你 看 项目 写 丢 挂 要求 写 表格 这 好了 我 核对,请 你 看 题目 写 丢 挂 要求 写 表格 好了 我 核对,请 你 看 题目 写 丢 挂 要求 写 表格 好了 我 核对,请 你 看 丢 挂 要 要求 写 表格 好了 我 核对,请 你 看 写 丢 挂 写 表格 好了 我 炒
S001923_P0004_T00,我 喜欢 听 紧张 故事 我 喜欢 有 时间 会 心跳 害怕,我 喜欢 听 紧张 过程 我 喜欢 有 时间 会 感动 害怕,我 喜欢 听 紧张 过程 我 喜欢 有 时间 会 感动 害怕,我 喜欢 听 紧张 过程 我 喜欢 有 时间 会 感动 害怕,我 喜欢 男 紧张 队 我 有 时间 会 感动,我 喜欢 听 紧张 果汁 我 喜欢 有 时间 会 感动 害怕
S001923_P0005_T00,我 喜欢 听 紧张 故事 我 喜欢 有 时间 会 心跳 害怕,我 喜欢 听 紧张 过程 我 喜欢 有 时间 会 感动 害怕,我 喜欢 听 紧张 过程 我 喜欢 有 时间 会 感动 害怕,我 喜欢 听 紧张 过程 我 喜欢 有 时间 会 感动 害怕,我 喜欢 哥哥 我 喜欢 有 时间 会 感动 孩子,我 喜欢 听 紧张 过程 我 喜欢 有 时间 会 感动 害怕
S001927_P0000_T00,我 害怕 走 办公室 害怕 老板 骂 骂 骂,我 害怕 走 办理 办公室 房子 我 老板,我 害怕 走 办理 办公室 房子 我 老板,我 害怕 走 办理 办公室 房子 老板,我 要 办理 办公室 房子 我 来,我 害怕 走 办公室 我 老板
S001927_P0005_T00,我 害怕 走 办公室 害怕 老板 骂 骂 骂,我 害怕 走 办理 办公室 房子 中心 老板,我 害怕 走 办理 办公室 房子 害怕 老板,我 害怕 走 办理 办公室 房子 害怕 老板,我 害怕 走 办理 办公室 房子 害怕 老板,我 害怕 走 办公室 害怕 老板
S001954_P0000_T00,这 段 时间 我 集中 好 时间 复习 中 段 考试,这 报告 时间 我 集中 好 时间 复习 报告 考试,这 阶段 时间 我 集中 好 时间 复习 中 报告 考试,这 报告 时间 我 集中 好 时间 复习 报告 考试,他 阶段 时间 我 集中 好 时间 应该 报告 考试,这 阶段 时间 我 集中 好 时间 复习 中 报告 考试
S001954_P0004_T00,这 段 时间 我 集中 好 时间 复习 中 段 考试,他 时间 我 组 好 时间 复习 中 考试,他 房子 时间 我 组 好 时间 复习 妈妈 考试,他 房子 时间 我 集中 好 时间 复习 妈妈 考试,这 时间 组 不行 时间 复习 考试,他 房子 时间 我 组 好 时间 复习 妈妈 考试
