name,ref,body_gls_hyp,ensemble_last_gls_hyp,fuse_gls_hyp,left_gls_hyp,right_gls_hyp
S001960_P0004_T00,中国 人们 解放军 在 形势 危险 集中 力量 战 消灭 敌人,中国 人们 解放 学 盖章 危险 合作 力量 战争 消灭 敌人,中国 人们 解放 学 盖章 危险 合作 力量 战争 消灭 敌人 人,中国 人们 解放 学 盖章 危险 集中 合作 努力 战争 消灭 敌人 人,中国 人们 解放 学 不是 合作 力量 战争 敌人 人,中国 人们 解放 学 做 大 危险 集中 力量 战争 消灭 敌人 人
S001960_P0005_T00,中国 人们 解放军 在 形势 危险 集中 力量 战 消灭 敌人,中国 人们 解放 学 在 担心 危险 集中 能力 战争 敌人 人,中 国 人们 解放 解放军 军 在 处理 危险 集中 能力 战争 敌人,中 国 人们 解放 解放军 在 处理 危险 集中 能力 战争 敌人,有 国 人们 解放 军 在 处理 月 集中 能力 战争 消灭 敌人,中国 国 人们 解放 解放军 军 在 处理 危险 集中 力量 战 灭 敌人 人
S001965_P0000_T00,政府 改革 人 废 变 少 一样 还 重复 房间 机器 房间 变 少,政府 改变 改革 人 废 变 少 一样 还 重复 房子 教室 改变 少,政府 改变 老 人 废 变 少 一样 还 重复 房子 机器 少,政府 改变 人 废 变 少 小 一样 还 重复 房子 急诊 改变 少,政府 哥哥 老 人 废 变 他 重复 房子 机器 方便,政府 变 改革 人 废 变 少 一样 还 重复 房子 办公室 少
S001965_P0005_T00,政府 改革 人 废 变 少 一样 还 重复 房间 机器 房间 变 少,政府 改变 改革 人 废 变 少 一样 还 重复 房子 机构 改变 少,政府 改变 改革 人 废 变 少 一样 又 重复 房子 机构 改变 少,政府 改变 改革 人 废 变 少 一样 又 包 房子 机构 改变 少,政府 他 原来 人 房子 没有 一样 到 重复 房子 机构 少,政府 改变 改革 人 废 变 少 一样 又 包 房子 修
S001969_P0000_T00,我 国 今天 年 进 口 越 少,我 国 今天 年 进 口 越 少,我 国 今天 年 进 口 越 少,我 国 今天 年 进 口 越 少,我们 今天 年 口 越 少,我 国 今天 年 进 口 越 少
S001975_P0000_T00,房子 生活 好 奶奶 仍然 节省 好 习惯,房子 生活 好 奶奶 仍然 节省 好 存 习惯,房子 生活 好 奶奶 仍然 节省 好 存 习惯,房子 生活 好 奶奶 仍然 节省 好 存 习惯,房子 生活 好 奶奶 仍然 节省 痛 电 习惯,房子 生活 好 奶奶 仍然 节省 好 存 习惯
S001975_P0004_T00,房子 生活 好 奶奶 仍然 节省 好 习惯,房子 生活 好 奶奶 仍然 节省 好 存 习惯,房子 生活 好 奶奶 仍然 节省 好 习惯,房子 生活 好 奶奶 仍然 节省 好 习惯,房子 生活 好 奶奶 吃 节省 电,房子 生活 好 奶奶 仍然 节省 好 习惯
S001978_P0000_T00,水 资源 是 贵 我们 要 节省 水,水 东西 是 贵 我们 要 节省 水,水 东西 是 贵 我们 要 节省 水,水 资源 是 贵 我们 要 节省 水,水 东西 是 贵 我们 要 节省 水,水 资源 是 贵 我们 要 节省 水
S001978_P0005_T00,水 资源 是 贵 我们 要 节省 水,水 钱 东西 是 贵 我们 要 节省 水,水 经常 东西 是 贵 我们 要 节省 水,水 武器 是 贵 我们 要 节省 水,风 走 东西 你 贵 我们 要 节省 纸,水 经常 资源 是 贵 我们 要 节省 水
S001981_P0000_T00,他 妈妈 节省 钱 存 存 养 长大,他 爸爸 妈妈 节省 钱 养 成长,他 爸爸 妈妈 节省 钱 养 高,他 爸爸 妈妈 节省 钱 节省 养 高,他 爸爸 妈妈 节省 局部 距离 养 高,他 爸爸 妈妈 节省 钱 养
S001996_P0004_T00,风 正好 顺利 船 应该 顺利 但是 风 大 船 抵挡 不行,期 顺利 船 肯定 顺利 但是 大 抵挡 不行,窗 帮助 顺利 船 肯定 顺利 但是 大 抵挡 不行,男 期 顺利 船 肯定 好 但是 大 抵挡 不行,我 帮助 承认 船 外国 但是 大 抵挡 不行,窗 正好 给 应该 好 但是 风 大 炒 抵挡 不行
S001996_P0005_T00,风 正好 顺利 船 应该 顺利 但是 风 大 船 抵挡 不行,风 期 船 必须 但是 风 大 抵挡 不行,风 期 顺利 船 应该 但是 大 抵挡 不行,风 顺利 船 应该 但是 大 抵挡 不行,期 正好 承认 画画 应该 外国 但是 大 抵挡 不行,风 顺利 路 应该 但是 风 大 抵挡 不行
S002001_P0007_T00,说 应该 信 行为 应该 陪 改变 行为 禁止 这 是 我们 学校 老师 学生 应该 服从 规律,说 应该 信 行为 应该 回答 改变 行为 禁止 这 是 我们 学校 老师 学生 应该 遵守 纪律,说 应该 信 活动 应该 对 改变 行为 禁止 是 我们 学校 老师 学生 应该 遵守 纪律,说 应该 信 活动 应该 对 改变 行为 禁止 是 我们 学校 老师 学生 应该 遵守 纪律,说 老师 应该 信 活动 应该 对 改变 行为 禁止 改变 学校 老师 学生 应该 遵守 纪律,说 应该 信 活动 应该 对 改变 动 行为 禁止 是 我们 学校 老师 学生 应该 遵守 纪律
S002004_P0000_T00,军 队 没有 行为 禁止 或者 纪律 是 不行,学 队 没有 活动 禁止 或者 记录 看 不行,学 队 没有 行为 禁止 或者 记录 不行,学 队 没有 行为 禁止 或者 法律 是 不行,学 队 没有 行为 禁止 或者 记录 不行,学 队 没有 活动 行为 禁止 或者 记录 不行
S002004_P0005_T00,军 队 没有 行为 禁止 或者 纪律 是 不行,学 队 没有 行为 禁止 或者 记录 不行,学 队 没有 行为 禁止 或者 记录 是 不行,学 队 没有 行为 禁止 或者 记录 是 不行,军 队 没有 行为 禁止 回答 记得 记录 可以 方便 不行,学 队 没有 活动 禁止 或者 记录 是 不行
S002007_P0000_T00,公 场所 吸烟 禁止,公 场所 吸烟 禁止,公 场所 吸烟 禁止,公 场所 吸烟 禁止,公 场所 吸烟 禁止,公 场所 吸烟 禁止
S002007_P0007_T00,公 场所 吸烟 禁止,公 场所 吸烟 停止,公 场所 吸烟 禁止,公 场所 吸烟 禁止,公 场所 吸烟 禁止,公 场所 吸烟 禁止
S002009_P0000_T00,别 人 心 好 批评 我们 不行 拒绝,别 人 心 好 批评 我们 不行 拒绝,别 人 心 好 批评 我们 不行 拒绝,别 人 心 好 批评 我们 不行 拒绝,别 外 人 心 骗 我们 拒绝,别 人 心 好 批评 我们 不行 拒绝
S002009_P0005_T00,别 人 心 好 批评 我们 不行 拒绝,别 人 心 批评 我们 不行 拒绝,别 人 好 心 批评 我们 不行 拒绝,别 人 好 心 批评 我们 不行 拒绝,别 人 感动 骗 我们 严格 拒绝,别 人 好 心 批评 我们 不行 拒绝
S002018_P0005_T00,准确 他 爱-1 深 他 1 个 人 不 拒绝 不会 是,他 爱护 1 人 不 拒绝 不会 是,他 爱护 1 人 不 拒绝 不会 是,他 爱护 1 人 不 拒绝 不会 是,他 爱-1 进 自己 人 不 拒绝 不会,准确 他 下 1 人 不 拒绝 不会 是
S002025_P0000_T00,下雨 快 来 防止 洪水 工作 开始,下雨 快 来 防 洪水 工作 开始,下雨 快 来 防 洪水 工作 开始,下雨 快 来 防 洪水 工作 开始,下雨 快 来 防 洪水 工作 开始,下雨 快 来 防 洪水 工作 开始
S002025_P0005_T00,下雨 快 来 防止 洪水 工作 开始,下雨 快 来 防 洪水 工作 开始,下雨 快 来 防 洪水 工作 开始,下雨 快 来 防 洪水 工作 开始,下雨 快 防 洪水 工作 开始,下雨 快 来 防 洪水 工作 开始
S002026_P0000_T00,毕业 他 参加 军 开始 什么 军 旅游 成长,毕业 他 参加 军 开始 什么 学 旅游 高,毕业 他 参加 军 开始 什么 学 旅游 高,毕业 他 参加 军 开始 什么 学 旅游 高,毕业 他 参加 军 开始 怎么 什么 学 旅游 丢 成长 长大,毕业 他 参加 军 开始 什么 学 旅游 高
S002026_P0005_T00,毕业 他 参加 军 开始 什么 军 旅游 成长,毕业 后 他 参加 军 开始 旅游 人 生,毕业 后 他 参加 军 开始 旅游 人 生,毕业 后 他 参加 军 开始 旅游 人 女儿,毕业 后 他 最 军 开始 想 旅游 人 和,毕业 后 他 参加 军 开始 旅游 说 矛盾
S002043_P0000_T00,2 人 离婚 但是 感情 放 2 人 恢复 结婚 可以,人 了解 但是 感情 2 人 恢复 结婚 可以,人 离婚 但是 感情 2 人 恢复 结婚 可以,人 离婚 但是 感情 2 人 恢复 结婚 可以,人 了解 但是 感情 恢复 结婚 可以,人 离婚 但是 感情 病 2 人 恢复 结婚 可以
S002043_P0007_T00,2 人 离婚 但是 感情 放 2 人 恢复 结婚 可以,2 夫妻 离婚 复习 感情 放 2 互相 结婚 可以,2 夫妻 离婚 复习 感情 放 2 恢复 结婚 可以,2 夫妻 离婚 复习 感情 放 2 互相 结婚 可以,2 夫妻 离婚 印刷 感情 放 2 恢复 结婚 可以,2 夫妻 离婚 复习 感情 放 2 恢复 结婚 可以
S002053_P0005_T00,如果 人 们 互相 理解 不会 什么 他们 怎么样 学会 默默 互相 尊重,如果 人们 互相 理解 不会 什么 他们 样子 会 吃 互相 尊重,如果 人们 互相 理解 不会 什么 他们 情况 会 吃 互相 尊重,如果 人们 互相 理解 不会 什么 他们 这样子 会 吃 互相 尊重,如果 人们 互相 理解 不会 什么 情况 会 吃 互相 尊重,如果 人们 互相 理解 不会 什么 他们 情况 会 吃 互相 尊重
S002053_P0007_T00,如果 人 们 互相 理解 不会 什么 他们 怎么样 学会 默默 互相 尊重,如果 人们 互相 理解 会 有 什么 他们 学 秘密 互相 尊重,如果 人们 互相 理解 会 有 什么 他们 学 秘密 互相 尊重,如果 人们 互相 理解 会 有 什么 他们 怎么样 学 秘密 互相 尊重,如果 人们 互相 理解 会 有 什么 学 是 互相 尊重,如果 人们 互相 理解 会 有 什么 他们 情况 学 保密 互相 尊重
S002062_P0000_T00,宽容 可以 让 我们 互相 理解 互相 爱-1 互相 尊重,宽容 可以 让 我们 互相 理解 互相 安慰 互相 尊重,宽容 可以 让 我们 互相 理解 互相 安慰 互相 尊重,宽容 可以 让 我们 互相 理解 互相 安慰 互相 尊重,宽容 可以 让 我们 互相 理解 互相 可爱 互相 尊重,宽容 可以 让 我们 互相 理解 互相 爱-1 互相 尊重
S002062_P0007_T00,宽容 可以 让 我们 互相 理解 互相 爱-1 互相 尊重,路 可以 让 我们 互相 理解 互相 可爱 互相 尊重,路 可以 让 我们 互相 理解 互相 可爱 互相 尊重,路 可以 让 我们 互相 理解 互相 可爱 互相 尊重,路 可以 让 老板 互相 理解 互相 可爱 互相 游戏,路 可以 让 我们 互相 理解 互相 安慰 互相 尊重
S002063_P0000_T00,你们 离婚 好了 这 联系 可以,你们 离婚 好了 你 联系 可以,你们 离婚 好了 你 联系 可以,你们 离婚 好了 你 联系 可以,你们 了解 好了 你 联系 可以,你们 外 好了 你 联系 可以
S002067_P0000_T00,作文 上 下 联系 1 必须 要 注意,写 作文 上 联系 必须 要 注意,作业 作文 上 联系 必须 要 注意,写 作文 上 联系 必须 要 注意,表格 作文 拿 联系 必须 要 注意,作业 文章 上 下 联系 必须 要 注意
S002067_P0007_T00,作文 上 下 联系 1 必须 要 注意,做 联系 1 必须 要 注意,做 后 联系 1 必须 要 注意,做 找 联系 1 必须 要 注意,工作 后 记得 联系 你 必须 要 老板 注意,工作 文 领导 联系 1 必须 要 注意
S002085_P0005_T00,他 书 书 喜欢 书 书 从 古 字典 文 学 到 流行 小 说,这 书 喜欢 书 从 每天 晚上 到 流行 说,这 书 喜欢 书 从 酒 晚上 到 流行 说,这 书 喜欢 书 从 按键 晚上 到 流行 说,他 书 从 酒 反应 学 说,这 书 喜欢 书 从 古 卡 晚上 到 流行 说
S002085_P0007_T00,他 书 书 喜欢 书 书 从 古 字典 文 学 到 流行 小 说,他 书 喜欢 书 古 学 流量 小 说,他 书 喜欢 书 古 学 流行 说,他 书 喜欢 书 从 古 学 流行 说,他 书 各种 从 给 学 来 流行 还 说,他 书 喜欢 书 古 字典 学 后 流行 说
S002086_P0005_T00,为 学校 环境 带 不同 流行 新闻,为 学校 房子 圈 拿 不是 流量 新闻,为 学校 房子 周围 拿 不是 流行 新闻,为 学校 房子 圈 拿 不是 流行 新闻,为 学校 房子 周围 不是 不 新闻,为 房子 周围 拿 不是 流行 新闻
S002086_P0007_T00,为 学校 环境 带 不同 流行 新闻,为 学校 圈 带 不同 流行 新闻,为 学校 圈 带 不是 流行 新闻,为 学校 圈 带 不同 流行 新闻,为 学校 圈 带 不是 过去 新闻,为 学校 校园 圈 带 不是 流行 新闻
S002092_P0000_T00,听 自己 录取 成功 心 兴奋 兴奋,听 自己 录取 成功 心 高兴,听 自己 录取 成功 心 高兴,听 自己 录取 成功 心 高兴,把 自己 录取 成功 心 高兴,听 自己 录取 成功 心 高兴
S002092_P0007_T00,听 自己 录取 成功 心 兴奋 兴奋,晚上 自己 选择 成功 心 高兴,把 自己 选择 成功 心 高兴,把 自己 录取 成功 他 心 高兴,每 自己 选择 成功 心 兴奋 高兴,把 自己 选择 成功 他 心 高兴
S002093_P0005_T00,哥哥 收 书 清楚 华 大学 录取 成功 心 兴奋,哥哥 接受 书 清楚 大学 录取 成功 高兴,哥哥 接受 清楚 花 大学 录取 成功 高兴,哥哥 收 清楚 花 大学 录取 成功 高兴,哥哥 收 欢迎 大学 录取 成功 高兴,哥哥 接受 送 清楚 花 大学 录取 成功 高兴
S002093_P0007_T00,哥哥 收 书 清楚 华 大学 录取 成功 心 兴奋,哥哥 接受 书 清楚 华 大学 录取 成功 高兴,哥哥 接受 书 干净 大学 录取 成功 高兴,哥哥 接受 书 干净 大学 录取 成功 高兴,哥哥 接受 书 大学 录取 成功 高兴,哥哥 接受 书 干净 大学 录取 成功 心 高兴
S002118_P0000_T00,犯罪 人 带 钱 逃 想 计划 成功 没有,犯罪 人 带 钱 逃跑 计划 成功 没有,犯罪 人 带 钱 碰 计划 成功 没有,犯罪 人 带 钱 碰 想 计划 成功 没有,犯罪 人 带 钱 年 计划 成功 没有,得罪 犯罪 人 带 真 碰 计划 成功 没有
S002118_P0005_T00,犯罪 人 带 钱 逃 想 计划 成功 没有,犯罪 人 带 钱 失败 想 计划 成功 没有,犯罪 人 带 钱 逃 想 计划 成功 没有,犯罪 人 带 钱 失败 感觉 计划 赢 没有,犯罪 人 带 钱 进 作弊 计划 成功 没有,犯罪 人 带 其实 逃 想 计划 成功 没有
S002122_P0005_T00,他 知道 1 天 做 做 做 机器 半 小 时间 没有 他 好,他 知道 想 工作 机器 小时 1 没有 他 好,他 知道 想 工作 机器 1 小时 没有 他 好,他 知道 想 工作 机器 1 小时 没有 他 好,他 最近 想 工作 机器 旅游 没有,看 知道 想 工作 机器 1 小时 没有 他 好
S002122_P0007_T00,他 知道 1 天 做 做 做 机器 半 小 时间 没有 他 好,他 知道 明天 工作 机器 小时 没有 他 好,他 知道 明天 工作 机器 1 小时 没有 他 好,他 知道 明天 工作 机器 1 小时 没有 他 好,他 工作 机器 1 他 好,他 知道 明天 工作 急 1 小时 没有 他 好
S002128_P0000_T00,妈妈 回 房子 做 这 做 那 休息 时间 没有,妈妈 去 房子 做 这 做 他 休息 时间 没有,妈妈 去 房子 做 这 做 他 休息 时间 没有,妈妈 去 房子 做 这 做 他 休息 时间 没有,妈妈 去 房子 工作 这 工作 不好 休息 没有,妈妈 去 房子 做 这 做 他 休息 时间 没有
S002128_P0005_T00,妈妈 回 房子 做 这 做 那 休息 时间 没有,妈妈 去 房子 工作 这 做 这 休息 时间 没有,妈妈 去 房子 工作 这 做 这 休息 时间 没有,妈妈 去 房子 工作 这 工作 这 休息 时间 没有,妈妈 去 房子 工作 他 做 不好 休息 时间 没有,妈妈 去 房子 工作 这 休息 时间 没有
S002132_P0005_T00,他 喜欢 著名 星星 唱歌 模仿 模仿 模仿 还 模仿 像,他 喜欢 感觉 星星 音乐 模仿 还 模仿 比如,他 喜欢 明星 星星 音乐 模仿 还 模仿 像,他 喜欢 明星 星星 音乐 模仿 还 模仿 像,他 喜欢 明星 每天 模仿 还 模仿 不喜欢,他 喜欢 明星 星星 音乐 模仿 还 模仿 像
S002132_P0007_T00,他 喜欢 著名 星星 唱歌 模仿 模仿 模仿 还 模仿 像,他 喜欢 著名 星星 音乐 模仿 还 模仿 像,他 喜欢 著名 星星 音乐 模仿 还 模仿,他 喜欢 著名 星星 音乐 模仿 还 模仿,他 喜欢 高 课 模仿 什么 模仿,他 喜欢 明星 星星 音乐 模仿 还 模仿 像
S002133_P0000_T00,大 人 动作 孩子 喜欢 一直 模仿,孩子 喜欢 大人 人 活 一直 模仿,孩子 喜欢 大人 人 活动 一直 模仿,孩子 喜欢 大人 人 活动 一直 模仿,孩子 喜欢 经常 人 动 一直 模仿,孩子 喜欢 大人 人 行为 一直 模仿
S002133_P0005_T00,大 人 动作 孩子 喜欢 一直 模仿,大人 动作 做 孩子 喜欢 一直 模仿,大人 人 动作 做 孩子 喜欢 一直 模仿,大人 人 动作 做 孩子 喜欢 一直 模仿,这 大人 人 动作 做 孩子 喜欢 一直 要 模仿,大人 人 动作 做 孩子 喜欢 一直 模仿
S002143_P0000_T00,学 努力 不 比较 弱,学 努力 不 比赛 降,学 努力 不 称赞 降,学 努力 不 称赞 降,学 不 降,学 努力 不 称赞 降
S002143_P0007_T00,学 努力 不 比较 弱,学 努力 不 弱,学 努力 不 弱,学 努力 不 弱,晚上 努力 想 了解 扫,学 努力 不 弱
S002149_P0000_T00,哥哥 接受 到 经理 看 重 他 增加 努力,哥哥 接受 到 经理 看 重要 他 增加 努力,哥哥 接受 到 经理 看 重要 他 增加 努力,哥哥 接受 到 经理 看 重要 他 增加 努力,哥哥 接受 经济 多 就 他 增加 努力,哥哥 接受 到 经理 看 严重 他 增加 努力
S002149_P0005_T00,哥哥 接受 到 经理 看 重 他 增加 努力,哥哥 接受 经济 经理 看 重要 增加 努力,哥哥 接受 经济 经理 看 重要 增加 努力,哥哥 接受 经济 经理 看 重要 增加 努力,你 哥哥 接受 经济 不是 增加 努力,哥哥 接受 经济 经理 看 重要 增加 努力
S002150_P0000_T00,这 项目 是 你 们 努力 成功 争取,这 项目 是 他们 努力 成功,这 项目 是 他们 努力 成功,这 项目 是 他们 努力 成功,这 项目 是 你们 努力 成功,这 项目 是 他们 努力 成功
S002150_P0005_T00,这 项目 是 你 们 努力 成功 争取,这 项目 是 大家 努力 成功 得,这 项目 你们 努力 成功 得,这 项目 你们 努力 成功 得,这 项目 你们 努力 成功,这 项目 你们 努力 成功 得
S002162_P0000_T00,因为 配合 默契 2 2 2 乒乓球 抢 冠军,因为 配合 默契 改变 得 冠军,因为 配合 默契 科学 乒乓球 得 冠军,因为 配合 默契 改变 乒乓球 得 冠军,因为 配合 默契 符合 科学 乒乓球 考试 冠军,因为 配合 默契 改变 电视 得 冠军
S002162_P0007_T00,因为 配合 默契 2 2 2 乒乓球 抢 冠军,因为 配合 要 符合 争取 冠军,因为 配合 要 符合 服务 争取,因为 配合 要 乒乓球 争取 冠军,因为 配合 是 默契 见面 团结 拿 高,因为 配合 要 符合 吃 和 服务 争取
S002164_P0000_T00,我 班级 干 部 心 一样 工作 互相 配合,我 班级 干 干部 心 一样 工作 互相 配合,我 班级 干部 心 一样 工作 互相 配合,我 班级 干部 心 一样 工作 配合,我 班级 干部 心 死 工作 教 配合,我 班级 干部 心 一样 工作 互相 配合
S002164_P0007_T00,我 班级 干 部 心 一样 工作 互相 配合,我 班级 干 干部 心 一样 工作 互相 配合,我 班级 干 干部 心 一样 工作 互相 配合,我 班级 干 干部 心 一样 工作 互相 配合,我 班级 干 干部 心 这 工作 互相 配合,我 班级 干 干部 心 也 工作 互相 配合
S002167_P0000_T00,生活 中 爸爸 妈妈 配合 好 我们 房子 幸福,生活 中 爸爸 妈妈 配合 好 我们 房子,生活 中 爸爸 妈妈 配合 好 我们 房子,生活 中 爸爸 妈妈 配合 好 我们 房子,生活 中 爸爸 妈妈 配 好 我们 房子,生活 中 爸爸 妈妈 配合 好 我们 房子 幸福
S002167_P0007_T00,生活 中 爸爸 妈妈 配合 好 我们 房子 幸福,生活 中 爸爸 妈妈 配合 好 我们 房子 幸福,生活 中 爸爸 妈妈 配合 我们 房子 幸福,生活 中 爸爸 妈妈 配合 好 我们 房子 幸福,生活 爸爸 妈妈 配合 我们 房子 幸福,生活 中 爸爸 妈妈 配合 我们 房子 幸福
S002176_P0000_T00,学生 高 欺负 小 学生 不,学生 高 欺负 小 学生 不,学校 学生 高 欺负 小 学生 不,学校 学生 高 欺负 小 学生 不,学校 学生 高 欺负 小 不,学校 学生 高 欺负 小 学生 不
S002176_P0005_T00,学生 高 欺负 小 学生 不,学校 同学 高 欺负 小 学生 不,学校 同学 高 欺负 小 学生 不,学校 学生 高 欺负 小 学生 不,学校 学生 欺负 小 学生 不,学校 同学 孩子 欺负 小 学生 不
S002198_P0000_T00,申请 报告 写 要 内 简单 申请 报告 人 或 负责 人 签名,申 报告 写 要 深 简单 别 人 或者 负责 人 签名,申请 写 要 深 简单 别 人 或者 负责 人 签名,申请 报告 写 要 深 简单 别 人 或者 负责 人 签名,申请 写 简单 别 人 负责 人 签名,申请 写 要 深 简单 人 或者 负责 人 签名
S002198_P0005_T00,申请 报告 写 要 内 简单 申请 报告 人 或 负责 人 签名,申请 请 写 内容 简单 别 人 或者 负责 人 签名,申请 请 写 内容 简单 别 人 或者 负责 人 签名,申 请 写 内容 简单 别 人 或者 负责 人 签名,申请 请 写 外 简单 别 人 或者 负责 人 签名,申请 请 写 环境 简单 别 人 或者 负责 人 签名
S002199_P0005_T00,他 把 文件 带 回家 给 爸爸 签名,他 把 文章 东西 带 同学 给 爸爸 签名,他 把 东西 带 同学 给 爸爸 签名,他 把 东西 带 同学 房子 给 爸爸 签名,他 把 白内障 东西 带 外 同学 会 给 爸爸 妈妈 签名,他 把 查询 文件 带 同学 房子 给 爸爸 签名
S002199_P0007_T00,他 把 文件 带 回家 给 爸爸 签名,他 把 作文 带 回家 让 爸爸 签名,他 把 带 去 请 爸爸 签名,他 把 带 爸爸 签名,他 把 带 去 在 签名,他们 把 带 去 房子 请 爸爸 签名
S002202_P0005_T00,我 一直 努力 强调 自己 养 努力 但是 不 防止 外 支持,我 一直 努力 强调 自己 养 努力 但是 预防 支持 没有,我 一直 努力 强调 自己 养 努力 但是 帮助 支持 没有,我 一直 努力 强调 自己 养 努力 但是 帮助 支持 没有,我 一直 努力 强调 自己 做 努力 但是 帮助 保险 没有,我 一直 努力 强调 自己 养 努力 但是 预防 通知 没有
S002202_P0007_T00,我 一直 努力 强调 自己 养 努力 但是 不 防止 外 支持,我 一直 努力 强调 自己 养 努力 但是 不 预防 外,我 一直 努力 强调 自己 养 努力 但是 不 预防 外,我 一直 努力 强调 自己 养 努力 但是 不 预防 外,我 一直 努力 强调 自己 养 努力 但是 防止 预防,我 一直 努力 强调 自己 养 努力 但是 不 防止 外
S002208_P0000_T00,强调 市场 还 强调 运行 组 强,强调 市场 强调 大家 组,强调 地方 强调 大家 组,强调 还 强调 各种 组,到 放 小 组,强调 大家 一起
S002208_P0005_T00,强调 市场 还 强调 运行 组 强,强 环境 市场 还 强 环境 运 组 强,强 环境 市场 还 强 转 运 组 强,强 环境 市场 还 强 环境 运 组 强,驾驶 内 市场 快 强 转 组 强,强 环境 场合 还 强 组 强
S002210_P0005_T00,你们 全部 工作 应该 互相 支持 支持 同 一样 小 删除,他们 全部 工作 应该 预防 互相 支持 同 一样 小 删除,他们 全部 工作 应该 预防 互相 支持 同 一样 小 删除,他们 全部 工作 应该 预防 互相 支持 同 一样 取消,他们 全部 工作 肯定 帮助 互相 支持 强调 1 删除,全部 工作 应该 帮助 互相 支持 增加 一样 小 删除
S002210_P0007_T00,你们 全部 工作 应该 互相 支持 支持 同 一样 小 删除,大家 全部 工作 应该 互相 支持 小 删除,他们 全部 工作 应该 互相 支持 同 小 清楚,他们 一起 工作 应该 互相 支持 小 删除,他们 全部 工作 应该 互相 支持 钱 清楚,你们 全部 工作 应该 互相 支持 同 参加 小 没
S002217_P0000_T00,爸爸 妈妈 肯定 看 如果 你 孩子 生病 公司 可以 批准 你 请假,爸爸 妈妈 必须 看 如果 你 孩子 病 公司 可以 批准 你 请假,爸爸 妈妈 必须 看 如果 你 孩子 病 公司 可以 批准 你 请假,爸爸 妈妈 必须 看 如果 你 孩子 病 公司 可以 批准 你 请假,爸爸 妈妈 走 水 孩子 病 公司 是 给 你 请假,爸爸 妈妈 决定 看 如果 你 孩子 病 公司 可以 批准 你 请假
S002217_P0005_T00,爸爸 妈妈 肯定 看 如果 你 孩子 生病 公司 可以 批准 你 请假,爸爸 妈妈 看 你 孩子 病 公司 可以 批准 你 请假,爸爸 妈妈 应该 看 你 孩子 病 公司 可以 批准 你 请假,爸爸 妈妈 应该 看 你 孩子 病 公司 可以 批准 你 请假,爸爸 妈妈 应该 什么 病 公司 同意 请假,爸爸 妈妈 应该 看 如果 孩子 病 公司 可以 批准 你 请假
S002228_P0000_T00,他 年轻 人 缺少 灵活 他 给 感觉 无聊,他 年轻 人 缺少 灵活 他 给 感觉 无聊,他 年轻 人 缺少 灵活 他 给 感觉 无聊,他 年轻 人 缺少 灵活 他 给 感觉 无聊,他 2 人 队 久 他 给 感觉 吃亏,他 年轻 人 缺少 灵活 他 给 感觉 乏味 无聊
S002228_P0005_T00,他 年轻 人 缺少 灵活 他 给 感觉 无聊,年轻 人 缺少 活 他 给 感觉 乏味,请假 人 缺少 活 这 给 感觉 无聊,请假 人 缺少 活 这 给 感觉 无聊,请假 人 缺少 这 给 感觉 不,请假 人 缺少 活 这 给 想 乏味
S002239_P0005_T00,在 快乐 朋友 见 我们 难 我们 见 朋友,在 玩 朋友 见面 我们 难 我们 朋友,在 玩 朋友 见面 我们 难 我们 见面 朋友,在 玩 朋友 见面 我们 难 我们 见面 朋友,坐 互相 朋友 见面 我们 难 我们 见面 朋友,在 玩 朋友 见面 我们 难 我们 禁止 朋友
S002240_P0000_T00,人生 最 难 是 什么 认识 自己,人生 最 难 是 什么 认识 自己,人生 最 难 是 什么 认识 自己,人生 最 难 是 什么 认识 自己,人生 最 难 是 什么 认识 自己,人 人生 最 难 是 什么 认识 自己
S002240_P0005_T00,人生 最 难 是 什么 认识 自己,人 废 最 难 是 什么 人 认识 自己,人 人生 最 难 是 什么 人 认识 自己,人 人生 最 难 是 什么 认识 自己,人 最 难 是 百 认识 自己,人 人生 最 难 是 什么 人 认识 自己
S002245_P0000_T00,环境 不好 环境 正确 认识 自己 全部 自己 是 多 重要 事情,环境 不好 环境 正确 认识 自己 全部 自己 是 重要 事情,环境 不好 环境 正确 认识 自己 全部 自己 是 重要 事情,环境 不好 环境 正确 认识 自己 全部 自己 是 重要 事情,环境 准确 正确 认识 自己 全部 自己 后悔 什么 事情,环境 不好 环境 正确 认识 自己 全部 自己 是 重要 事情
S002245_P0007_T00,环境 不好 环境 正确 认识 自己 全部 自己 是 多 重要 事情,环境 不好 环境 好 认识 自己 全部 自己 是 重要 事情,环境 不好 环境 好 认识 自己 全部 自己 是 重要 事情,环境 不好 环境 好 认识 自己 全部 自己 是 重要 事情,环境 认识 自己 全部 自己 重要 事情,环境 不好 环境 好 认识 自己 全部 自己 是 重要 事情
S002256_P0005_T00,我们 从 成功 吸取 经验 从 失败 吸取 教训,我们 成功 吸取 经验 科学 失败 会 教训,我们 成功 经验 失败 会 教训,我们 成功 经验 失败 领导 教训,我们 成功 经验 肯定 会 教训,我们 成功 经验 和 失败 得 教训
S002256_P0007_T00,我们 从 成功 吸取 经验 从 失败 吸取 教训,我们 观众 成功 吸取 经验 从 失败 吸取 教训,我们 成功 吸取 经验 从 失败 教训,我们 认识 成功 吸取 经验 从 失败 教训,我们 城市 成功 自己 经验 从 失败,我们 认识 成功 吸取 经验 从 失败 教训
S002261_P0007_T00,做 老师 最 失败 是 什么 学生 课 看 无聊,做 老师 最 失败 是 什么 学生 课 看 乏味,做 老师 增加 失败 是 什么 学生 课 看 乏味,做 老师 增加 失败 是 什么 学生 课 看 乏味,老师 增加 决定 是 什么 学生 看 失望,老师 失败 是 什么 学生 课 看
S002264_P0000_T00,失败 1 2 3 4 5 多少 找 成功 大家 高兴 喊 喊 喊,失败 找 成功 大家 高兴,失败 找 成功 大家 高兴,失败 找 成功 大家 高兴,失败 早 成功 大家 高兴,失败 多少 找 成功 大家 高兴 喊
S002264_P0007_T00,失败 1 2 3 4 5 多少 找 成功 大家 高兴 喊 喊 喊,失败 多少 找 录取 成功 你们 高兴 喊,失败 多少 找 录取 成功 你们 高兴,失败 多少 找 录取 成功 你们 高兴 喊,失败 多少 找 录取 成功 你们 高兴,失败 多少 找 录取 成功 大家 高兴 玩
S002269_P0000_T00,分析 输液 管子 事情 发生 或者 怎么 处理 对,分析 输液 管子 事情 发生 或者 什么 处理 好,分 输液 管子 事情 发生 或者 什么 处理 好,分 输液 管子 事情 发生 或 什么 处理 好,分 输液 管子 事情 发生 或者 什么 处理,班级 输液 管子 事情 事故 或者 什么 处理 好
S002269_P0005_T00,分析 输液 管子 事情 发生 或者 怎么 处理 对,考试 输液 管子 办理 发生 或者 什么 处理 好,考试 输液 管子 发生 或 什么 处理 好,考试 输液 管子 事情 发生 或 什么 处理 好,在 输液 管子 事物 发生 或 什么 处理 好,汽车 输液 管子 发生 或 什么 处理 好
S002274_P0005_T00,孩子 输液 害怕 哭 哭 哭,孩子 输液 我 哭,孩子 输液 我 哭,孩子 输液 舒服 害怕 哭,孩子 输液 我 哭,孩子 输液 害怕 苦
S002274_P0007_T00,孩子 输液 害怕 哭 哭 哭,孩子 输液 我 哭,孩子 输液 我 哭,孩子 输液 我 哭,孩子 输液 我 哭,孩子 输液 我 哭
S002295_P0005_T00,发展 生产 目的 是 提高 人 生活,发展 生产 目标 是 提高 人 生活,发展 生产 目标 是 提高 人 生活,发展 生产 目标 是 提高 人 生活,生产 准确 是 提高 人 生活,发展 生产 目标 是 提高 人 生活
S002299_P0000_T00,这 在 字典 我们 可 提前 复习 陌生 字,这 在 我们 可以 提前 复习 陌生,这 在 我们 可以 提前 复习 陌生,这 在 我们 可以 提前 复习 陌生,你 写 我们 可以 提前 高 不是 陌生,你 在 我们 可以 提前 复习 票
S002303_P0005_T00,今天 年 生产 计划 工厂 提前 完成,今 年 生产 计划 工厂 提前 完成,今 年 生产 计划 工厂 提前 完成,今 年 生产 计划 工厂 提前 完成,今 年 生产 计划 工厂 提前 完成,今 年 生产 计划 工厂 提前 完成
S002307_P0005_T00,为 提前 完成 他们 通宵 做,为 提前 完成 大家 通宵 工作,为 提高 完成 大家 通宵 工作,为 提高 完成 大家 通宵 工作,为 提高 完成 大家 通宵 工作,为 提高 完成 大家 通宵 工作
S002307_P0007_T00,为 提前 完成 他们 通宵 做,为 提前 完成 大家 通宵 工作,为 提前 完成 他们 通宵 工作,为 提前 完成 他们 通宵 工作,为 提前 完成 他们 通宵 工作,为 提前 完成 他们 通宵 工作
S002316_P0005_T00,过去 旧 黑 白 电影 我 喜欢,以前 黑 电影 我 喜欢,以前 旧 黑 电影 我 喜欢,以前 旧 黑 白 电影 我 喜欢,昨天 黑 电影 我 喜欢,以前 旧 黑 白 电影 我 喜欢
S002316_P0007_T00,过去 旧 黑 白 电影 我 喜欢,过去 黑 白 电影 脏 我 喜欢,过去 以前 黑 白 电影 脏 我 喜欢,过去 以前 黑 白 电影 旧 我 喜欢,昨天 以前 黑 电影 这 我 喜欢,过去 黑 白 电影 脏 我 喜欢
S002330_P0000_T00,早 回家 我 选择 动车 快 去,早 去 房子 我 超市 动车 高铁 去,早 去 房子 我 动车 高铁 去,早 去 房子 我 选择 动车 快 去,中国 去 房子 选择 高铁 走,早 去 回家 我 动车 高铁 快 去
S002339_P0000_T00,我 打 电话 不 方便 短信息 发送 能,我 电话 不 方便 短信息 发送 可以,我 电话 不 方便 短信息 发送 可以,我 电话 不 方便 短信息 发送 可以,我 想 不 方便 不行 短信息 发送,我 电话 不 方便 短信息 发送 可以
S002339_P0007_T00,我 打 电话 不 方便 短信息 发送 能,我 手机 不 简单 短信息 发送 可以,我 手机 不 简单 短信息 发送 可以,我 手机 不 简单 短信息 发送 可以,我 想 不 简单 短信息 发送 可以,我 手机 不 简单 短信息 发送 可以
S002347_P0000_T00,天天 我 帮助 你 介绍 找 对象 不 不,明天 我 帮助 你 找 对象 不,明天 我 帮助 你 找 对象 不,明天 我 帮助 你 找 对象 不,听 我 帮助 找 对象 不,我 帮助 你 找 对象 不
S002370_P0000_T00,他 扫 二维码 可以 拿 红包,他 二维码 可以 拿 红包,他 二维码 拿 红包,他 二维码 拿 红包,他 二维码 这 红包,他 二维码 拿 红包
S002370_P0005_T00,他 扫 二维码 可以 拿 红包,他 二维码 可以 红包,他 二维码 可以 红包,他 二维码 可以 红包,他 二维码 是 红包,他 扫 二维码 可以 红包
S002376_P0005_T00,二维码 圆 圆 颜色 东西 变 变,二维码 照片 东西,二维码 照片 东西,二维码 照片 东西,二维码 里 东西,二维码 照片 这 东西 变
S002376_P0007_T00,二维码 圆 圆 颜色 东西 变 变,二维码 圆 东西 改变 变化,二维码 圆 东西 改变,二维码 圆 东西 变 变化 变,二维码 月 钱 东西 变,二维码 东西 改变
S002380_P0007_T00,二维码 真 发明 精彩,二维码 月 真 发明 好,二维码 真 发明 好,二维码 真 发明 好,二维码 每 发明 好,二维码 真 发明 比赛
S002390_P0000_T00,法律 缺少 这 有 在,法律 缺少 这 有 位置,法律 缺少 这 有 位置,法律 缺少 这 有 位置,法律 缺少 钱 有 贵,法律 缺少 这 有 坐
S002397_P0005_T00,我们 会 通过 短信息 方式 来 通知,我们 会 通过 短信息 方式 通知 前,我们 会 通过 短信息 方式 通知 你,我们 会 通过 短信息 方式 通知 前,我们 会 通过 短信息 方式,我们 会 通过 短信息 方式 通知 你
S002397_P0007_T00,我们 会 通过 短信息 方式 来 通知,我们 会 通过 短信息 方式 得 通知,我们 会 通过 短信息 方式 得 通知,我们 会 通过 短信息 方式 得 通知,我们 会 通过 短信息 方法 通知,我们 会 通过 短信息 方式 来 可以 通知
S002403_P0007_T00,我 通过 写 信 方式 告诉 他 好 消息,我 通过 写 信 方式 直 他 好 消息,我 通过 写 信 方式 告诉 你 好 新闻,我 通过 写 信 方式 告诉 你 好 消息,我 通过 信 方式 效果 你 好 新闻,我 通过 信 写 信 方式 告诉 你 好 新闻
S002410_P0000_T00,我们 用 选择 检查 方式 来 调查,我们 用 选择 检查 方式 来 查询,我们 用 选择 检查 方式 来 查询,我们 用 选择 查询 方式 来 查询,我们 用 选择 检查 方式 来 找,我们 用 选择 查询 方式 来 查询
S002410_P0007_T00,我们 用 选择 检查 方式 来 调查,我们 用 选择 检查 方式 来 找 调查,我们 用 选择 检查 方式 来 找,我们 用 选择 检查 方式 来 找,我们 用 选择 检查 方式 来,我们 用 选择 检查 方式 来 找
S002420_P0005_T00,我 跟 这 指 方向 指 我 看 没有,我 跟 这 方向 他 我 看 没有,我 跟 这 方向 我 看 没有,我 跟 这 方向 我 看 没有,我 跟 这 方向 走,我 在 这 那 方向 那 我 看 没有
S002421_P0005_T00,这 火车 直 方向 北京 方向,这 火车 方向 北京 到 方向,这 火车 方向 北京 方向,这 火车 方向 北京 方向,你 火车 这 方向 我们 努力 方向,这 火车 方向 北京 路 方向
S002430_P0005_T00,他 原来 几 分钟 秒 写 写 写,原来 5 分钟 秒 作业,原来 几 分钟 秒 作业,原来 5 分钟 秒 写,1 分钟 秒 道理,原来 几 分钟 秒 1
S002430_P0007_T00,他 原来 几 分钟 秒 写 写 写,他 原来 还有 成绩 分钟 秒 写,他 原来 还有 成绩 秒 写,这 原来 还有 5 成绩 分钟 秒 写,他 原来 还有 5 分钟 后悔,他 原来 还有 道理 增加 写
S002432_P0005_T00,我 会 工作 坚持 到 最后 1 分钟,我 会 工作 一直 到 1,我 会 工作 一直 到 1,我 会 工作 一直 到 1,工作 说,我 会 工作 一直 在 1 分钟
S002432_P0007_T00,我 会 工作 坚持 到 最后 1 分钟,我 会 工作 坚持 最后 1 分钟,我 会 工作 坚持 最后 1 分钟,我 会 工作 坚持 最后 1 分钟,我 会 工作 一直 最后,我 会 工作 坚持 问题 分钟 发送
S002439_P0005_T00,他 说 可以 耐心 几 分钟,他 说 可以 安静 分钟,他 说 可以 安静 分钟,他 说 可以 安静 分钟,他 说 可以 我 分钟,他 说 可以 安静 分钟
S002441_P0007_T00,2 分钟 内 我 要 他 知道 全部,分钟 我 要 他 知道 全部,分钟 我 要 他 知道 全部,分钟 我 要 他 知道 全部,酒 我 他 想 全部 一起,邮件 我 要 他 知道 全部
S002443_P0007_T00,八宝粥 存 不 超 2 个月,八宝粥 存 超过 2,八宝粥 存 超过,八宝粥 存 超过 2,我们 八宝粥 存 超 1 工资,八宝粥 不 超过
S002449_P0000_T00,他 演讲 听 结束 我们 看 呆 难,他 演讲 听 结束 我们 看 难,他 演讲 晚上 结束 我们 看 难,他 演讲 晚上 结束 我们 看 难,他 演讲 不 结束 我们 看 难,他 演讲 结束 我们 看 难
S002449_P0005_T00,他 演讲 听 结束 我们 看 呆 难,演讲 听 结束 我 看 难,演讲 听 结束 我 看 难,演讲 听 结束 我 看 笑 难,演讲 明天 结束 我 看 知道,演讲 听 结束 我 看 难
S002454_P0000_T00,小 王 平时 自由 好 这 时间 他 害羞,小 王 平时 自由 好 这 时间 他 害羞,小 王 平时 自由 好 这 时间 他 害羞,小 王 平时 自由 好 这 时间 他 害羞,小 王 平时 时间 自由 课 时间 一样 天,小 王 平时 自由 好 这 时间 你 害羞
S002454_P0007_T00,小 王 平时 自由 好 这 时间 他 害羞,小 王 平时 好 你 时间 他 害羞,小 王 平时 好 你 时间 他 害羞,小 王 平时 好 你 时间 他 害羞,小 王 平时 时间 好 你 时间 他 害羞 多少,小 王 平时 好 你 时间 他 害羞
S002461_P0007_T00,因为 住 1 天 简单 宾馆 1 马虎,因为 崇拜 方便 宾馆 房子,因为 天 宾馆,因为 队 1 方便 宾馆,因为 宾馆 不 药,因为 1 天 方便 宾馆 房子 马虎
S002470_P0007_T00,贵 贵 东西 你 最 好 放 宾馆 不,贵 东西 你 最 好 放 宾馆 不,贵 东西 你 最 好 放 宾馆 不,贵 东西 你 最 好 放 宾馆 不,考试 东西 最 好 放 宾馆 时间 不,贵 东西 你 最 好 放 宾馆 不
S002476_P0005_T00,住院 病 卡 放 30 年 可以,医院 住院 病历 卡 年 可以,医院 住院 病历 卡 年 缺少 可以,医院 住院 病历 卡 年 可以,警察 住院 病历 卡 缺少 可以,医生 住院 病历 卡 年 时间 可以
S002476_P0007_T00,住院 病 卡 放 30 年 可以,住院 病 病历 卡 放 年 0,住院 病 病历 卡 放,住院 病 病历 卡 放 可以,夹 病 卡 就 小,住院 病 病历 卡 放 这 可以
S002479_P0005_T00,病历 写 改变 不行,病历 卡 写 改变 不行,病 卡 写 改变 不行,病 卡 写 改变 不行,病 病历 卡 发送 不,病 卡 写 改变 不行
S002486_P0000_T00,穷 观众 增加 贴 今天 年 政府 增加 强 涨,明天 观众 增加 贴 今天 年 政府 增加 强 涨,穷 观众 增加 贴 今天 年 政府 增加 强 涨,穷 观众 增加 贴 今天 年 政府 增加 强 涨,老 观众 增加 今天 年 政府 增加 涨,穷 观众 增加 贴 今天 年 政府 增加 涨
S002486_P0005_T00,穷 观众 增加 贴 今天 年 政府 增加 强 涨,想 观众 增加 贴 今天 年 政府 增加 强 涨,明天 观众 增加 贴 今天 年 政府 增加 强 涨,穷 观众 增加 贴 今天 年 政府 增加 强 涨,明天 观众 联系 增加 今天 在 政府 增加 强 涨,穷 观众 增加 贴 准备 增加 强 涨
S002495_P0000_T00,危险 发生 时间 生命 重要 东西 这 重要 不,危险 发生 时间 身体 重要 东西 这 重要,危险 发生 时间 身体 重要 东西 这 重要,危险 发生 时间 身体 重要 东西 这 重要,危险 发生 时间 身体 重要 东西 你 不是,危险 发生 时间 身体 重要 东西 这 重要
S002500_P0005_T00,房子 人 他 放弃 房子 里 钱 东西 自己 带 逃跑,房子 人 1 放弃 房子 里 东西 自己 带 逃跑,房子 人 放弃 房子 里 钱 东西 自己 带 逃跑,房子 人 放弃 房子 里 钱 东西 自己 带 逃跑,房子 人 放弃 房子 里 东西 自己 带 逃,房子 人 放弃 房子 里 钱 东西 自己 带 逃跑
S002500_P0007_T00,房子 人 他 放弃 房子 里 钱 东西 自己 带 逃跑,房子 人 放弃 房子 里 东西 钱 东西 他 带,房子 人 放弃 房子 里 东西 钱 东西 他 带,房子 人 放弃 房子 里 东西 钱 东西 他 带,房子 人 前 房子 钱 东西 电 带,房子 人 房子 里 东西 钱 东西 他 带
S002504_P0005_T00,餐巾 纸 纸 多 全部 印刷 美丽 美丽 花 花,餐巾 纸 多 全部 美丽 点,餐巾 纸 多 全部 飞机 美丽,餐巾 纸 多 全部 老鼠 美丽,餐巾 这 多 全部 飞机 笔 翻 起床,餐巾 纸 张 多 全部 写 美丽
S002504_P0007_T00,餐巾 纸 纸 多 全部 印刷 美丽 美丽 花 花,餐巾 纸 多 全部 写 美丽 小,餐巾 纸 多 全部 印刷 美丽 点,餐巾 纸 多 全部 印刷 美丽 点,早 纸 多 全部 印刷,餐巾 纸 多 全部 印刷 美丽 点
S002520_P0005_T00,钥匙 你 又 忘记 没办法 你 等 我 到,你 还 忘记 没有 方法 你 等 到,你 还 忘记 没有 方法 你 等 到,这 你 还 忘记 没有 方法 你 等 到,中 快 晚 方法 今天 你 我 少,这 你 还 忘记 别 方法 你 等 到
S002520_P0007_T00,钥匙 你 又 忘记 没办法 你 等 我 到,钥匙 你 还 忘记 不 方法 你 等 我 到,钥匙 你 还 忘记 方法 你 等 我 到,钥匙 你 又 忘记 不 方法 你 等 我 到,这 快 忘记 方法 是 等 我,钥匙 你 还 忘记 方法 你 等 我 到
S002529_P0000_T00,有 什么 方法 快 说 沉默 不,有 什么 方法 快 说 沉默 不,有 什么 方法 快 说 沉默 不,有 什么 方法 快 说 沉默 不,你 什么 方法 比 说 沉默 不,有 什么 方法 快 说 嘲笑 不
S002533_P0005_T00,这 做 除了 我 还 有 其他 方法,这 工作 除了 我 还有 其他 方法,这 工作 除了 我 还有 有 地方 方法,这 工作 除了 我 还有 有 地方 方法,这 工作 除了 我 还有 有 别 方法,这 工作 除了 我 还有 有 地方 方法
S002533_P0007_T00,这 做 除了 我 还 有 其他 方法,这 做 除了 我 还 有 别 方法,这 做 除了 我 还 别 方法,这 做 除了 我 还 方法,这 工作 除了 我 还 外 方法,这 做 除了 我 还 方法
S002550_P0000_T00,这 比赛 不 公平,你 比赛 不,他 比赛 不,他 比赛 不 一般,他 平,你 比赛 不
S002550_P0007_T00,这 比赛 不 公平,这 比赛 不 一般,这 比赛 不 公平,这 比赛 不 公平,他 比赛 去 一般,这 比赛 不 公平
S002562_P0005_T00,今 晚上 前 必须 写 完 表格,今天 晚上 必须 写 完成 表格,今天 晚上 必须 写 完成 表格,今天 晚上 前 必须 写 完成 表格,今天 晚上 钱 卖 写 上网,今天 晚上 特别 必须 写 完成 咖啡
S002578_P0000_T00,这 玻璃 做 房子 这 历史 年 百,这 做 房子 这 传统 年 1,这 做 房子 这 传统 年 1,这 做 房子 这 历史 年 1,这 做 房子 传统 年 1,这 做 房子 这 历史 年 1
S002578_P0005_T00,这 玻璃 做 房子 这 历史 年 百,这 工作 房子 这 传统 决定,这 工作 房子 这 传统 决定 1,这 工作 房子 这 传统 决定,这 否认 做 房子 这 传统 肯定 1,这 学校 工作 房子 这 传统 规定 1
S002580_P0000_T00,孩子 我们 喜欢 玻璃 球 玻璃 球,孩子 我们 喜欢 会 粉,孩子 我们 喜欢 会 小,孩子 我们 喜欢 会,孩子 我们 喜欢 会 给 小,孩子 我们 喜欢 会 玻璃
S002592_P0005_T00,部分 部分 算 分开 不是 连,部分 流行,部分,部分 考试,感冒 部分 联系,部分 计算 请 络绎不绝
S002595_P0000_T00,彩票 我 中,彩票 我 不同意,彩票 我 喝,彩票 我 惊讶,彩票 我 喝,彩票 我 血压
S002595_P0007_T00,彩票 我 中,彩票 我 妈妈,彩票 我 妈妈,彩票 我 秘密,弟弟 彩票 我 是,彩票 我 妈妈
S002607_P0000_T00,有 人 做 房子 写 不 演讲 演讲,有 人 写 房子 作业 不,有 人 在 房子 写 不 演讲,有 人 写 房子 写 不,有 人 在 房子 写 我,有 人 在 房子 写 不 演讲
S002607_P0002_T00,有 人 做 房子 写 不 演讲 演讲,有 人 说 作业 房子 写 不,有 人 说 清楚 房子 写 不,有 人 说 作业 房子 写 不,有 人 说 清楚 房子 写 没有 不会,有 人 说 房子 写 不
S002608_P0000_T00,你 你 说谎 写 草稿 没有,你 写 草稿 没有,你 写 草稿 没有,你 等 写 草稿 没有,你 说 写 人 不,你 说谎 写 草稿 没有 你
S002608_P0002_T00,你 你 说谎 写 草稿 没有,你 如果 写 草稿 没有,你 说谎 写 草稿 没有,你 说谎 写 草稿 没有,你 说谎 写 草稿 有,你 自己 说谎 写 草稿 没有
S002646_P0000_T00,公 这 场合 我 注意 行动 文明,公 这 场合 我 注意 行为 文明,公 这 场合 我 注意 行动 文明,公 这 场合 我 注意 行动 知识,公 这 场合 我 在 行动 文明,公 这 地方 场合 我 注意 行为 聪明
S002656_P0002_T00,你 重复 重复 检查 还 提供 回答,你 重复 检查 还 送 回答,你 重复 检查 还 交 回答,你 重复 检查 还 交 回答,你 重复 检查 交 答案,你 重复 检查 还 给 回答
S002660_P0002_T00,对 生活 情况 不同 人 就 会 有 什么 不同 回答,对 生活 情况 不是 人 就 会 有 什么 不同 回答,对 生活 情况 不是 人 就 会 有 什么 不同 回答,对 生活 情况 不是 人 就 会 有 什么 不同 回答 答案,对 生活 情况 重要 人 在 会 有 什么 不是 回答,对 生活 情况 不是 人 会 有 什么 不是 回答
S002668_P0002_T00,题目 看 回答 简单 里 深,这 题目 回答 简单 里 深,这 题目 回答 简单 里 深,这 题目 回答 简单 里 深,这 项目 回答 简单 减,题目 回答 简单 里 深
S002677_P0000_T00,大雨 心 不好,大雨 心 不好,大雨 心 不好,大雨 心 不好,大雨 多,大雨 心 不好
S002687_P0002_T00,正好 我 住 近,正好 我 睡觉 近,正 我 睡觉 近,正 我 睡觉 近,我 近,正 我 睡觉 近
S002689_P0002_T00,你 没有 找 到 洗 衣服 店 找 到 近,你 没有 找 到 洗 衣服 商店 看 点 近,你 没有 找 到 洗 衣服 店 看 到 近,你 没有 找 到 洗 衣服 商店 看 到 近,他 没有 到 病 衣服 店 纸 有 小,你 没有 找 到 洗 衣服 商店 看 到 近
S002702_P0002_T00,希望 每 客 人 可以 得 我们 优秀 服务,希望 每 客 人 可以 拿 我们 服务,希望 每 客 人 可以 拿 我们 服务,希望 每 客 人 可以 拿 我们 服务,希望 们 客 人 我们 要 负责,希望 每 客 人 可以 拿 我们 优秀 服务
S002706_P0002_T00,我们 最近 新 菜 不 接受 客 人 欢迎,我们 刚才 不 接受 客 人 欢迎,我们 刚才 新 不 接受 客 人 欢迎,我们 刚才 新 出现 不 接受 客 人 欢迎,我们 几 4 接受 客 人 取消,我们 刚才 新 发生 不 接受 客 人 欢迎
S002709_P0002_T00,选 买 有 各种 可以 让 客 人 选择 选,超市 有 各种 可以 客 人 选择 买,超市 有 各种 可以 客 人 选择 买,超市 有 各种 可以 客 人 选择 买,超市 少 各种 客 人 选择 买,超市 有 各种 可以 客 人 选择 超市 买
S002710_P0002_T00,这 店 上市 东西 合适 客 人 要求,这 店 出台 东西 适合 客 人 要求,这 店 出台 东西 客 人 要求,这 店 出台 东西 符合 客 人 要 要求,这 店 一般 东西 客 人 要求,这 店 上市 东西 算 客 人 要求
S002744_P0002_T00,各种 人 他 接触 好了 所以 他 自己 发明 最 好 作品,各种 人 他 接触 好了 所以 他 自己 发明 最 好 做 品,各种 人 他 接触 好了 所以 他 自己 发明 最 好 做 品,各种 人 他 接触 好了 所以 他 自己 发明 最 好 做 品,各种 人 那 接触 好了 所以 自己 最 好 做 品,各种 人 他 接触 好了 最后 他 自己 发明 最 好 做 品
S002762_P0000_T00,建设 1 金融 王 国 他 梦想,重复 1 金融 国 他 梦想,重复 1 金融 王 国 他 梦想,重复 1 金融 王 国 他 梦想,重复 1 金融 王 他 梦想,重复 1 金融 国 他 梦想
S002763_P0002_T00,他 金融 市场 赚 钱,他 金融 市场 赚 钱,他 金融 市场 赚 钱,他 金融 市场 赚 钱,他 金融 市场 赚,他 金融 市场 赚 钱
S002764_P0002_T00,金融 大家 要 注意 骗 上当 自己 贪 不,金融 大家 要 注意 骗 自己 贪 不,金融 大家 要 注意 骗 上当 自己 贪 不,金融 大家 要 注意 骗 上当 自己 贪 不,你 金融 要 注意 保护 自己 好 不,金融 我们 要 注意 骗 上当 自己 贪 不
S002785_P0002_T00,他 决赛 看 精彩,决赛 他 精彩,决赛 他 精彩,决赛 看 精彩,决赛 他 安静,决赛 看 精彩
S002790_P0002_T00,他 在 决赛 中 错,他 在 决赛 妈妈 错,他 在 决赛 妈妈 错,他 在 决赛 妈妈 错,他 进 决赛 先 晕,他 在 决赛 妈妈 看
S002794_P0000_T00,这 肯德基 开 年 十,这 肯德基 开 年 十,这 肯德基 开 年 十,这 肯德基 开 年 十,这 肯德基 开 年 2,这 肯德基 开 年 十
S002804_P0000_T00,我 房子 楼 下 肯德基 人 流 好,我 房子 楼 肯德基 人 人流 好,我 房子 楼 肯德基 人 人流 好,我 房子 楼 肯德基 人 人流 好,国家 楼 每 人 人流 好,我 肯德基 人 人流 好
S002810_P0002_T00,他 老师 教 水平 高,他 老师 教 水平 高,他 老师 教 水平 高,他 老师 教 水平 高,他 老师 教 我们 个月 二维码,他 老师 教 水平 阶段
S002820_P0002_T00,学生 认真 读书 老师 看 喜欢,学生 认真 读书 老师 看 喜欢,学生 认真 读书 老师 看 喜欢,学生 认真 读书 老师 看 喜欢,认真 读书 是 委屈,学生 认真 读书 老师 看 喜欢
S002824_P0002_T00,老师 们 每 周 星期 5 会议,老师 们 每 周 5 会议,老师 们 每 周 会议,老师 们 每 周 会议,老师 们 每 周 会议,老师 们 每 周 会议
S002828_P0000_T00,你 礼物 不 你 心 我 知道,这 礼物 不 你 心 我 懂,这 礼物 不 你 心 我 懂,这 礼物 不 你 心 我 懂,礼物 没有 你 心 我 懂,这 礼物 不 你 心 我 懂
S002848_P0000_T00,他 宣布 论文 多,他 宣布 论文 多,他 宣布 多,他 宣布 多,宣布 文 多,这 宣布 多
S002852_P0002_T00,这 论文 看 好 评价 高,论文 好 评价 高,论文 好 评价 高,论文 看 好 评价 高,论文 好 评价,论文 看 好 评价 高
S002862_P0000_T00,老板 发现 他 工作 打 手机,老板 发现 他 工作 手机 钱,老板 发现 他 工作 手机 钱,老板 发现 他 工作 手机 钱,老板 发现 工作 你 钱,老板 发现 他 工作 手机 钱
S002864_P0002_T00,他 醒 发现 自己 在 医院,他 醒 发现 自己 在 医院,他 醒 发现 自己 在 医院,他 醒 发现 自己 在 医院,他 醒 发现 自己 在 医院,他 醒 发现 自己 在 医院
S002878_P0002_T00,我 中国 经济 快 进步 发展,我们 中国 经济 快 进步 发展,我们 中国 经济 快 进步 发展,我们 中国 经济 快 进步 发展,我 中国 经济 快 进步 发展,我们 中国 经济 快 进步 发展
S002886_P0002_T00,你 玩 游戏 我 不 反对 但是 控制 好 时间,他 玩 游戏 我 不 反对 但是 权利 好 时间,他 玩 游戏 我 不 反对 但是 有 时间,他 玩 游戏 我 不 反对 但是 控制 好 时间,他 玩 游戏 我 反对 但是 有 时间,他 玩 游戏 我 不 反对 但是 权利 好 时间
S002898_P0002_T00,你 学会 听 反对 声音 应该,你 学 会 听 反对 声音 必须,你 学 会 听 反对 声音 必须,你 学 会 听 反对 声音 必须,你 学会 听 反对 声音 必须,你 学 会 听 反对 声音 必须
S002899_P0002_T00,我 建议 否认,我 建议 否认,我 你 否认,我 否认,我 喜欢 你 否认,我 2 否认
S002909_P0002_T00,自己 否认 要 多 大 勇敢,自己 否认 要 多 大 关心,自己 否认 要 多 关心,自己 否认 要 多 关心,你 否认 要 勇敢,自己 否认 要 多 勇敢
S002937_P0000_T00,有 人 说 反调 是 正常,有 人 说 反调 正常,有 人 说 反调 正常,有 人 说 反调 正常,人 说 反调 正常,有 人 说 反调 正常
S002942_P0000_T00,你 知道 反调 从 来 没有 好 提 意见,你 知道 反调 没有 好 2,你 知道 反调 没有 好 2,你 知道 反调 从 好 没有 好 2,你 想 反调 没有 问题 好 钱,你 想 知道 反调 见面 没有 好 2
S002947_P0002_T00,这 游戏 有 防 沉迷 系统,这 游戏 有 帮助 沉迷 系统,这 游戏 有 帮助 沉迷 系统,这 游戏 有 帮助 沉迷 系统,这 游戏 有 帮助 上市 系统,这 游戏 有 帮助 沉迷 系统
S002951_P0002_T00,自己 他 电脑 电脑 游戏 沉迷 读书 退步,你 自己 电脑 游戏 沉迷,你 自己 电脑 游戏 沉迷,你 自己 电脑 游戏 沉迷,农村 自己 电脑 游戏 沉迷 抽血,他 自己 电脑 来往 沉迷 不同
S002958_P0002_T00,参观 美丽 我 看 沉迷,热 吃 美丽 我 看 沉迷,热 美丽 我 看 沉迷,热 美丽 我 看 沉迷,热 美丽 我 看 沉迷,美丽 我 看 沉迷
S002970_P0002_T00,老师 终于 承认 我 说 好,老师 最后 承认 我 说 好,老师 最后 承认 我 说 好,老师 最后 承认 我 说 好,老师 最后 承认 说,老师 最后 承认 我 说 好
S002991_P0002_T00,我 手 受伤 好了 拿 吃不消,我 准备 车站 好了 裤子,我 准备 好了 裤子,我 准备 好了,我 准备 地方 受伤 好了,我 准备 好了 裤子
S002998_P0002_T00,第一 见面 迟到 人 印象 不好,第一 见面 迟到 人 印象,第一 见面 迟到 人 印象,第一 见面 迟到 人 印象,因为 见面 迟到 人 印象,第一 见面 迟到 人 印象
S003002_P0000_T00,你 迟到 3 分钟 好 酒 惩罚 3 喝,你 迟到 分钟 好 酒 惩罚 3 喝,你 迟到 分钟 好 酒 水 喝,你 迟到 分钟 好 酒 惩罚 水 喝,你 1 分钟 记得 迟到 点 菜 喝,你 名字 好 酒 水 喝
S003016_P0000_T00,打扮 前 后 脸 差别,打扮 这 脸 差别,打扮 这 脸 差别,打扮 这 脸 差别,打扮 这 忘记 差别,打扮 这 脸
S003026_P0000_T00,自己 想 得罪 多 人 没有,自己 想 得罪 多 人 没有,自己 想 得罪 多 人 没有,自己 想 得罪 多 人 没有,自己 想 得罪 多 人 没有,自己 想 得罪 多 人 没有
S003031_P0000_T00,下雨 他 跑 到 超市 躲,下雨 他 跑步 到 超市 躲,下雨 他 跑步 到 超市 躲,下雨 他 跑 到 超市 躲,下雨 跑步 超市 躲,下雨 他 跑 在 超市 鱼
S003033_P0000_T00,你 难 你 没办法 躲 还是 解决 他,你 难 你 方法 没办法 潜伏 还是 解决 他,你 难 你 没办法 潜伏 还是 解决 他,你 难 你 方法 潜伏 还是 解决 他,这 难 没办法 多 解决 你,你 难 你 方法 鱼 还是 解决 他
S003036_P0000_T00,灯 我 低头 躲 灯 5,灯 我 饺子,灯 我 记得,灯 我 记得,天 我 记得 榜样 分钟 小时,灯 我 低头 层
S003046_P0000_T00,你 不 逼 我 急 我 会 翻脸,你 逼 我 着急 会 翻脸,你 不 逼 我 着急 我 会 翻脸,你 不 逼 我 急 我 会 翻脸,你 因为 我 急 会 翻脸,你 不 逼 我 着急 我 会 翻脸
S003065_P0000_T00,他 是 你 儿子 怪不得 脸 熟悉,他 你 儿子 脸,他 你 儿子 脸,他 你 儿子 脸,他 你们 生日 脸,他 是 儿子 脸 熟悉
S003076_P0000_T00,八宝粥 过期 味道 不好吃,八宝粥 过期 效果 不好吃,八宝粥 过期 效果 不好吃,八宝粥 过期 效果 不好吃,八宝粥 过期 方便,多 八宝粥 过期 喜欢 不好吃
S003078_P0002_T00,楼 路 旁边 火 消灭 机器 过期,楼 路 旁边 火 灭 机器 过期,楼 路 旁边 火 灭 机器 过期,楼 路 旁边 火 灭 机器 过期,做 路 旁边 火 灭 机器 过期,楼 路 旁边 火 灭 机器 过期
S003092_P0002_T00,爷爷 每天 报纸 国家 大 事情 了解,爷爷 每天 书 国家 事情 了解,爷爷 每天 书 国家 房子 大 事情 了解,爷爷 每天 书 我 国家 大 事情 了解,爷爷 每天 报纸 请 我 房子 大 事情 了解,爷爷 每天 书 国家 大 了解
S003101_P0000_T00,这 东西 长 吸取 会 简单 打胎,这 东西 吸取 会 简单 打胎,这 东西 吸取 会 简单 打胎,这 东西 吸取 会 简单 打胎,这 东西 会 简单 打胎,这 东西 吸取 会 简单 打胎
S003131_P0001_T00,我 看 你 想 呕吐,我 看 想 呕吐,我 看 想 呕吐,我 看 想 呕吐,我 看 想 去,我 看 想 呕吐
S003131_P0002_T00,我 看 你 想 呕吐,我 看 你 想 呕吐,我 看 你 想 呕吐,我 看 你 想 呕吐,我 看 你 想 呕吐,我 看 你 想 吃
S003140_P0000_T00,脸 想 恶心 快 转,脸 恶心 不,脸,脸 惭愧,脸 不知道,脸 吃
S003146_P0000_T00,网络 上 付 方便 多 年轻 喜欢,网 上 方便 多 年轻 喜欢,网 上 方便 多 年轻 喜欢,网 上 方便 多 年轻 喜欢,网 多 喜欢,网 上 方便 多 年轻 喜欢
S003146_P0002_T00,网络 上 付 方便 多 年轻 喜欢,网 付 多 年轻 喜欢,网 1 付 多 年轻 喜欢,网 1 付 多 年轻 喜欢,网 上 有 喜欢,网 1 付 多 年轻 喜欢
S003151_P0000_T00,平 电脑 好 什么 方便 带,道理 好 什么 方便 带,道理 好 什么 方便 带,道理 好 什么 方便 带,道理 是 什么 变 北京 带,道理 好 什么 方便 带
S003151_P0002_T00,平 电脑 好 什么 方便 带,道理 什么 方便 带,道理 有 什么 方便 带,道理 有 什么 方便 带,什么 带,有 什么 方便 带
S003154_P0000_T00,继续 方便 给 自己 难,一直 给 自己 难,一直 给 自己 难,一直 给 自己 难,一直 给 听 难,继续 给 自己 难
S003154_P0001_T00,继续 方便 给 自己 难,一直 方便 给 自己 难,一直 方便 给 自己 难,一直 方便 给 自己 难,一直 发 自己 难,通过 方便 给 自己 难
S003157_P0000_T00,你们 2 分别 得 第一 第二,他 2 得 第一 第二,他 2 得 第一 第二,他 2 得 第一 第二,每 1 手 贴 研究 第一,这 2 十 第一 第二
S003159_P0001_T00,事情 性 不同 要 分别 对,事情 性 不同 要 给 他,事情 性 不是 要 对,事情 性 不同 要 他,事情 性 必须 要 分 对,事情 性 不是 要 对
S003159_P0002_T00,事情 性 不同 要 分别 对,事情 性 不同 我 给 对,事情 性 不同 我 给 对,事情 性 不同 我 他 对象,事情 对 必须 不同 大概 对,事情 不是 我 要 大概 对
S003162_P0000_T00,事情 分别 有 什么 好 好处,事情 分别 有 什么 好 好处,事情 分别 有 什么 好 我,事情 分别 有 什么 好 害怕,事情 有 什么 我 委屈,事情 分别 有 什么 好 我
S003170_P0001_T00,人 人 高 有 钱 富贵 穷 没有 分别,人们 高 有 富贵 穷 没有 分别,人们 成长 有 富贵 穷 没有 分别,人们 成长 有 富贵 穷 没有 分别,人们 经常 有 钱 富贵 会 活 分别,人们 成长 有 富贵 穷 没有 分别
S003181_P0001_T00,妈妈 看 期待 看 我 惭愧,爸爸 妈妈 希望 看 我 惭愧,爸爸 妈妈 希望 看 我 惭愧,爸爸 妈妈 希望 看 我 惭愧,爸爸 妈妈 希望 我 惭愧,爸爸 妈妈 希望 看 我 惭愧
S003181_P0002_T00,妈妈 看 期待 看 我 惭愧,妈妈 希望 看 我 惭愧,妈妈 希望 看 我 惭愧,妈妈 希望 看 我 惭愧,妈妈 希望 我 惭愧,妈妈 希望 看 我 惭愧
S003186_P0001_T00,他 努力 让 我们 感觉 惭愧 比,他 努力 让 我 感觉 惭愧 点,他 努力 让 我 感觉 惭愧,他 努力 让 我 感觉 惭愧 点,他 最近 大概 我 感觉 多,他 努力 让 我 感觉 惭愧
S003192_P0000_T00,这 失败 我 彻底 失败,这 失败 我 彻底 失败,这 失败 我 彻底 失败,这 失败 我 彻底 失败,他 在 我 彻底 失败,这 失败 我 彻底 失败
S003206_P0000_T00,我 有 大概 计划 详细 没有 定,我 有 大概 计划 仔细 没有 决定,我 有 大概 计划 仔细 没有 应该,我 有 大概 计划 仔细 没有 应该,我 多 学校 仔细 要 决定,我 有 大概 计划 仔细 没有 应该
S003206_P0001_T00,我 有 大概 计划 详细 没有 定,我 有 设计 仔细 没有 决定,我 有 计划 仔细 没有 决定,我 有 计划 仔细 没有 决定,我 有 大概 车 仔细 我 惩罚,我 有 计划 仔细 没有 决定
S003219_P0000_T00,他 社会 经验 小 他 简单,他 社会 经验 他 简单,他 社会 经验 小 他 简单,他 社会 经验 小 他 简单,到 社会 经验 好 简单,他 社会 经验 小 他 简单
S003219_P0002_T00,他 社会 经验 小 他 简单,他 社会 经验 他 简单,他 社会 经验 他 简单,他 社会 经验 他 简单,他 社会 经验 好 简单,他 社会 经验 他 简单
S003225_P0000_T00,他 手机 号码 写 餐巾 纸 写 给 我,他 电话 号码 写 餐巾 纸 写 给,他 手机 号码 写 餐巾 纸 写 给,他 电话 写 餐巾 纸 写 给,他 手机 号码 餐巾 纸 给 收 我,他 手机 电话 号码 写 餐巾 纸 写 给
S003237_P0002_T00,我 到 车站 发现 我 自己 票 忘记 放 房子,到 车站 发现 我 自己 为 忘记 放 房子,到 车站 发现 我 自己 忘记 放 房子,到 车站 发现 我 自己 为 忘记 放 房子,到 进 车站 把 我 自己 票 忘记 放 房子,到 车站 发现 我 自己 忘记 放 房子
S003244_P0000_T00,成绩 好 是 他 自己 每天 一直 积累 学 结果,成绩 好 是 他 自己 每天 一直 学 结果,成绩 好 是 他 自己 每天 一直 学 结果,成绩 好 是 他 自己 每天 一直 学 结果,成绩 这 是 他 自己 一直 会 效果,成绩 好 是 他 自己 每天 一直 学 结果
S003246_P0002_T00,他 读书 好 但是 性格 不好 全部 不喜欢 他,如果 努力 不 怎么样 得 好 成绩,如果 努力 不 怎么样 得 好 成绩,如果 努力 不 怎么样 得 好 成绩,如果 力量 不 怎么样 得 成绩,如果 努力 不 怎么样 得 好 成绩
S003248_P0002_T00,看 我 成绩 单 指 妈妈 脸 严肃,看 我 成绩 他 妈妈 脸 甜,看 我 成绩 他 妈妈 脸,看 我 成绩 下 他 妈妈 脸,看 我 成绩 指 下 差不多 妈妈 脸,看 我 成绩 下载 他 妈妈 脸
S003250_P0000_T00,领导 充分 肯定 他 工作 中 得 成绩,领导 充分 应该 他 工作 妈妈 得 成绩,领导 充分 应该 他 工作 妈妈 得 成绩,领导 充分 应该 他 工作 中 得 成绩,辛苦 足够 应该 他 工作 妈妈 得 成绩,领导 充分 应该 他 工作 妈妈 中奖 成绩
S003256_P0002_T00,你 必须 要 靠 生产 程序 来 工作,你 必须 要 靠 生 程序 来 工作,你 必须 要 靠 生 程序 来 工作,你 必须 要 靠 生产 程序 来 工作,你 必须 决赛 生产 过程 工作,你 必须 要 靠 生 故事 来 工作
S003258_P0002_T00,我们 公司 有 1 套 严格 事情 程序,我们 公司 有 1 套 硬 过程,我们 公司 有 1 套 过程,我们 公司 有 1 套 严格 过程,我们 公司 有 1 特别 分 过程,我们 公司 有 1 套 书 过程
S003267_P0002_T00,中国 货 外国 东西 多,中国 快递 东西 多,中国 快递 东西 多,中国 快递 东西 多,中国 快递 有 东西 多,中国 快递 外国 东西 多
S003269_P0002_T00,博物 房子 出 在 哪,买 博物 房子 去 什么,买 博物 房子 去 什么,买 博物 房子 去 什么,博物 房子,买 博物 房子 出 到 什么
S003276_P0002_T00,农村 产品 国 出 多,农村 产品 我 出 多,农村 产品 我 出 多,农村 产品 我 出 多,农村 产品 我 出 多,农村 产品 多
S003289_P0002_T00,处方 上 药 名字 他 写 错误 他 发生 大 麻烦,处方 上 写 名字 他 写 他 发生 大 吃亏,处方 上 名字 他 写 他 发生 麻烦,处方 上 名字 他 写 他 发生 麻烦,处方 上 写 表格 写 会 他 发生 麻烦,处方 上 处方 他 写 他 发生 麻烦
S003294_P0002_T00,我 读书 是 学 知识 不是 想 简单 兴趣 不,我 学校 学 知识 不是 想 简单 不,我 学校 学 知识 不是 想 简单 不,我 学校 是 学 知识 不是 想 简单 不,我 同学 学 知识 不是 难 简单,我 学校 是 学 知识 不是 想 简单 味道 不
S003323_P0000_T00,生活 淡 乏味 他 不喜欢,生活 乏味 他 不喜欢,生活 乏味 他 不喜欢,生活 乏味 他 不喜欢,生活 乏味 他 不喜欢,生活 淡 乏味 人 不喜欢
S003338_P0000_T00,刚才 名字 王 电话 他,刚才 名字 电话 他,刚才 名字 电话 他,刚才 名字 电话 他,刚才 表格 名字 电话 他,刚才 迟到 王 手机 他
S003340_P0002_T00,刚才 说 矛盾 大家 奇怪,刚才 说 矛盾 你们 快,刚才 说 矛盾,刚才 说 矛盾 问题,刚才 说 矛盾 有 找,刚才 说 矛盾 你们 奇怪
S003353_P0000_T00,你 越 感觉 害羞 要 克服,你 越 多 懂 害羞 要 只好 克服,你 越 感觉 害羞 要 委屈 克服,你 越 感觉 害羞 要 委屈 克服,你 越 难 害羞 要 有 红 克服,你 越 感觉 害羞 要 克服
S003371_P0002_T00,你 快 抓住 你 成功,快 拿 你 成功,快 抓住 你 成功,快 拿 你 成功,快 没有 问题 你 成功,快 抓住 你 成功
S003381_P0000_T00,他 知道 这 是 犯罪 但是 心理 想 侥幸 最后 还是 犯罪,他 知道 这 是 犯罪 但是 心 想 侥幸 最后 还 做,他 知道 这 是 犯罪 但是 心 想 侥幸 最后 还 做,他 知道 这 是 犯罪 但是 心 想 侥幸 最后 还 做,他 到 去 工作 但是 心 想 最后 去 做,他 知道 这 是 犯罪 但是 心 想 侥幸 王 还是 在
S003382_P0002_T00,谦虚 不 你 成功 不是 侥幸,客气 不 你 成功 不是 侥幸,客气 不 你 成功 不是 侥幸,客气 不 他 成功 不是 侥幸,礼貌 问 老师 要 成功 不是 侥幸,不 他 成功 不是 幸运
S003385_P0000_T00,距离 远 这 侥幸 不 在,路 远 这 侥幸 不是,距离 远 这 侥幸 不是 在,路 远 这 侥幸 不是 在,我 远 他 侥幸 便宜,距离 远 这 侥幸 在
S003402_P0000_T00,老师 看 他们 茫然 改变 讨论 简单 简单,老师 看 你们 茫然 变 讨论 简单,老师 看 你们 茫然 变 讨论 简单,老师 看 你们 茫然 变 讨论 简单,老师 你们 茫然 讨论 简单,老师 看 你们 茫然 变 讨论 简单
S003406_P0002_T00,这 问题 一直 茫然 突然 想 通,你 一直 沉迷 大家 想 报复,你 一直 热 突然 想 通过,你 一直 热 突然 想 通过,他 一直 哭 脸 自然 通过,他 一直 热 突然 通过
S003410_P0002_T00,老板 工作 开除 他 安慰 我,老板 工作 开除 他 我,老板 工作 开除 他 我,老板 工作 开除 他 爱 我,老板 工作 开除 他 我,老板 工作 让 他 害怕 我
S003418_P0002_T00,老师 安慰 时间 长 你 哭 停止,老师 安慰 时间 长 他 哭 停止,老师 安慰 时间 长 他 哭 停止,老师 安慰 时间 长 他 哭 停止,老师 安慰 时间 长 黑 最,老师 安慰 时间 长 他 哭 停止
S003424_P0000_T00,设备 安装 完成 可以 用,设备 安装 完成 可以 用,设备 安装 完成 可以 用,设备 安装 完成 可以 用,计划 设备 安装 完成 可以 用,设备 安装 完成 可以 用
S003455_P0000_T00,只 有 他 了解 互相 了解 有 把握 成功,只 有 他 了解 互相 了解 把握 成功,只 有 他 了解 互相 了解 把握 成功,他 有 他 了解 互相 了解 把握 成功,他 了解 互相 打胎 把握 成功,这 他 了解 互相 了解 把握 成功
S003469_P0002_T00,他们 房子 搬 吵架 吵架,他 房子 搬 联系,他 房子 搬 吵架,他 房子 搬 吵架,房子 搬 我 吵架,他 房子 搬 见面
S003471_P0002_T00,他 烦 烦 邻居 想 他 房子 搬,他 不幸 邻居 想 他 房子 搬,他 不幸 邻居 想 房子 搬,他 星级 邻居 想 他 房子 搬,这 医生 警察 邻居 想 房子 搬,他 不幸 邻居 想 他们 房子 搬
S003491_P0002_T00,对 学 差 同学 我们 肯定 帮助,学 不好 同学 我们 肯定 帮助,学 不好 同学 我们 肯定 帮助,学 不好 同学 我们 肯定 帮助,学 不行 同学 我们 帮助,学 不好 同学 我们 肯定 帮助
S003494_P0000_T00,我们 教 系统 包括 职业 教 基础 教 各种,我们 教 系统 包括 做 职业 教 政府 教 各种,我们 教 系统 包括 职业 教 政府 教 各种,我们 教 系统 包括 职业 教 基础 教 各种,我们 教 系统 包括 工作 职业 教 政府 教 各种,我们 教 系统 包括 做 职业 教 基础 教 各种
S003500_P0002_T00,今天 年 谁 不 包装 打扮 自己,今天 年 谁 不 装 自己,今天 年 谁 不 装 自己,今天 年 谁 不 装 自己,今天 年 变化 装,今天 年 谁 不 装 自己
S003515_P0002_T00,报名 表格 可以 到处 各 学 院 拿,报名 表格 可以 到 各种 会,报名 表格 可以 到 各种 会,报名 表格 可以 到 各种 会,报名 表格 北京 学 医院,报名 表格 可以 到 到处 各种 会
S003518_P0002_T00,我们 不想 毕业,我们 不 想 毕业,我们 不想 毕业,我们 不想 毕业,我们 不想 毕业,我们 不想 毕业
S003524_P0000_T00,姐姐 毕业 后 到 山 区 教 工作,姐姐 毕业 后 到 区 教 工作,姐姐 毕业 后 到 区 教 工作,姐姐 毕业 后 到 区 教 工作,姐姐 毕业 后 课 区 教 工作,姐姐 毕业 后 到 区 教 工作
S003537_P0000_T00,有 人 说 药 要 预防 怀孕 药 多 对 女 人 身体 不好,有 人 说 药 要 避孕 药 多 对 女 人 身体 不好,有 人 说 药 要 避孕 药 多 对 女 人 身体 不好,有 人 说 药 要 避孕 药 多 对 女 人 身体 不好,有 人 说 药 有 预防 避孕 看 有 对 女 人 身体 不好,有 人 说 药 要 避孕 药 多 对 女 人 身体 不好
S003537_P0001_T00,有 人 说 药 要 预防 怀孕 药 多 对 女 人 身体 不好,有 人 说 药 要 避孕 药 多 对 女 人 身体 不好,有 人 说 药 要 避孕 药 多 对 女 人 身体 不好,有 人 说 药 要 帮助 避孕 药 多 对 女 人 身体 不好,老 人 说 避孕 看 有 对 人 不,有 人 说 药 要 避孕 药 多 对 女 身体 不好
S003545_P0002_T00,年 50 中国 变化 大,年 1 中国 变 大,年 1 中国 变 大,年 1 中国 变 大,年 1 中国 我 变 大,病 1 中国 我 变 大
S003551_P0000_T00,性格 不是 稳定 不是 点 变化 没有 是 活动 变化,性格 不同 固定 不是 小 变化 没有 是 活 变,性格 不同 固定 不是 小 变化 没有 是 活,性格 不同 固定 不是 小 变化 没有 是 活,不同 决定 不是 小 变化 没有 活 多,封面 不同 固定 不是 小 变化 没有 是 活 变
S003551_P0001_T00,性格 不是 稳定 不是 点 变化 没有 是 活动 变化,性格 不同 固定 不是 小 改变 没有 是 活 改变,性格 不同 固定 不是 小 改变 没有 是 活 改变,性格 不同 固定 不是 小 改变 没有 是 活 改变,性格 买 年 不是 什么 没有,性格 不同 固定 不是 小 变化 没有 是 行为 活
S003572_P0002_T00,对 竞争 我们 躲 不行,竞争 我们 进 不行,竞争 我们 潜伏 不行,竞争 我们 潜伏 不行,竞争 我们 开除,竞争 我们 潜伏 不行
S003579_P0002_T00,他 说 我们 不行 理解,他 说 我们 想 不行,他 说 我们 不行,他 说 我们 不行,他 说 我 不会 但是,他 说 我们 不行 理解
S003594_P0000_T00,看 眼睛 神 我 不喜欢,感冒 眼睛 神 我 不喜欢,爸爸 眼睛 神 我 不喜欢,爸爸 眼睛 神 我 不喜欢,爸爸 眼睛 我 不喜欢,他 眼睛 神 我 不喜欢
S003605_P0000_T00,这 孩子 1 天 玩 玩 让 人 操心,他 孩子 1 日 玩 快乐 让 人 担心,他 孩子 黑 日 玩 让 人 担心,他 孩子 黑 日 玩 让 人 担心,他 孩子 玩 客 人 担心,他 孩子 天 日 玩 让 人 担心
S003605_P0001_T00,这 孩子 1 天 玩 玩 让 人 操心,他 孩子 想 日 玩 让 人 担心,他 孩子 想 日 玩 让 人 担心,他 孩子 想 日 玩 让 人 担心,他 孩子 每天 玩 让 人 急,他 孩子 想 日 快乐 让 人 担心
S003619_P0000_T00,学生 可以 到 学 院 查询 自己 考试 分数,学生 可以 到 医院 查询 自己 考试 分数,学生 可以 到 医院 查询 自己 考试 分数,学生 可以 到 医院 查询 自己 考试 分数,学生 刚才 到 医院 查询 自己 考试 成绩,学生 可以 到 学 医院 查询 自己 考试 分数
S003621_P0001_T00,第一 人 摔倒 后 超过,第一 人 在 后 超过,第一 人 失败 后 超,第一 人 失败 后 超,第一 人 失败 超,人 进 后 超
S003621_P0002_T00,第一 人 摔倒 后 超过,第一 人 进 后 超,第一 人 在 后 超,第一 人 失败 后 超,人 在 高 超过,第一 后 超
S003633_P0000_T00,老师 同学 们 统一 称赞 小 王 是 好 学生,老师 同学 们 称赞 小 王 好 学生,老师 同学 们 称赞 小 王 好 学生,老师 同学 们 称赞 小 王 好 学生,老师 同学 们 要 称赞 小 王 学生,老师 同学 们 好 小 王 是 好 学生
S003633_P0001_T00,老师 同学 们 统一 称赞 小 王 是 好 学生,老师 同学 们 每 好 小 王 好 学生,老师 同学 们 统一 称赞 小 王 好 学生,老师 同学 们 统一 称赞 小 王 好 学生,老师 同学 们 统一 推荐 王 到 学生,老师 同学 们 统一 好 小 王 是 好 学生
S003637_P0001_T00,公园 我 看 多 花 看 称赞 称赞,公 公园 看 多 花 看 称赞,公 公园 看 多 花 看 称赞,公 公园 看 多 花 看 称赞,公司 会 多 完成 像 称赞,公 公园 看 多 花 看 称赞
S003645_P0000_T00,他们 统一 称赞 老师 付出 教 事业,他们 称赞 老师 付出 教 事业,他们 称赞 老师 付出 教 事业,他们 称赞 老师 付出 教 事业,他们 榜样 老师 付出 教 事业,他们 人 称赞 老师 付出 教 事业
S003645_P0002_T00,他们 统一 称赞 老师 付出 教 事业,他们 弹幕 好 称赞 老师 付出 教 事业,他们 称赞 老师 付出 教 事业,他们 统一 称赞 老师 付出 教 事业,他们 努力 称赞 老师 付出 教 事业,他们 称赞 老师 付出 教 事业
S003651_P0001_T00,我们 承包 要 合同 保证 工作 完成,我们 承包 给 合同 保证 帮助 工作 完成,我们 承包 合同 保证 帮助 工作 完成,我们 承包 合同 保证 帮助 工作 完成,大家 承包 合同 帮助 做 好,我们 承包 合同 保证 工作 完成
S003669_P0000_T00,他 盲 崇拜 模仿,他 气 模仿,他 气 最 模仿,他 气 崇拜 模仿,他 气 最,他 盲 崇拜 十
S003669_P0001_T00,他 盲 崇拜 模仿,他 错误 崇拜,他 盲 崇拜,他 盲 崇拜,他 美丽 过,他 盲 崇拜 圆
S003679_P0000_T00,病 人 空 肚子 去 抽血 2 天 拿 报告,这 肚子 去 抽血 2 天 拿 报告,人 肚子 去 抽血 2 拿 报告,这 人 肚子 去 抽血 意见 天 拿 报告,老板 要 抽血 报告,人 肚子 去 抽血 经常 拿 报告
S003680_P0000_T00,我 抽血 不行 看 血 晕,我 抽血 不行 看 血 晕,我 抽血 不行 看 系统 晕,我 抽血 不行 看 系统 晕,我 抽血 系统,我 抽血 不行 看 晕
S003680_P0002_T00,我 抽血 不行 看 血 晕,我 抽血 不行 看 聪明,我 抽血 不行 看 血,我 抽血 不行 看,我 抽血 他 楼 热 倒霉,我 抽血 不行 看 血
S003692_P0000_T00,妈妈 去 工作 奶奶 负责 照顾,去 工作 奶奶 负责 照顾,去 工作 奶奶 负责 照顾,去 工作 奶奶 负责 照顾,他 去 工作 奶奶 负责 照顾,去 工作 奶奶 负责 照顾
S003692_P0001_T00,妈妈 去 工作 奶奶 负责 照顾,去 工作 奶奶 负责 照顾,去 工作 奶奶 负责 照顾,去 工作 奶奶 负责 照顾,去 工作 法 被 支持,去 工作 奶奶 负责 照顾
S003697_P0000_T00,我 去 南 去 工作 收 大,我 去 朋友 去 工作 接受 大,我 去 朋友 去 工作 接受 大,我 去 朋友 去 工作 接受 大,我 去 朋友 去 工作 收 大,我 去 工作 接受 大
S003721_P0000_T00,对 事情 不行 改变 除了 听 还有 没有 别 方法,我 对 事情 不行 变 除了 听 还 没有 别 方法,我 对 事情 不行 改变 除了 听 还 有 没有 别 方法,我 对 事情 不行 改变 除了 听 还 没有 别 方法,对 事情 除了 听 还有 有 没有 别 方法,我 对 事情 不行 修 除了 听 还 有 没有 别 方法
S003721_P0002_T00,对 事情 不行 改变 除了 听 还有 没有 别 方法,我 对 事情 不行 改变 除了 听 还 有 没有 别 人 方法,我 对 事情 不行 改变 除了 听 还有 有 没有 别 人 方法,我 对 事情 不行 改变 除了 听 还有 没有 别 人 方法,我 对 事情 除了 听 还有 有 没有 别 人 方法,我 对 事情 不好 但是 除了 听 还 有 没有 别 人 方法
S003731_P0000_T00,热 虫 全部 传染 力,热 部分 全部 传染 力,热 部分 全部 传染 力,热 部分 全部 传染 力,热 不知道 全部 快,热 部分 全部 力
S003731_P0001_T00,热 虫 全部 传染 力,热 全部 传染 快,热 全部 传染 快,热 全部 传染 快,天才 全部 我,热 全部 传染 力
S003743_P0001_T00,观众 意见 那 要 好 好 处理 要 帮助 社会 安 定,观众 你 要 好 处理 要 帮助 场合 我 必须,观众 你 要 好 处理 要 帮助 社会 我 必须,观众 你 要 好 处理 要 帮助 社会 我 必须,观众 这 要 好 处理 可以 帮助 社会 必须,观众 你 要 好 处理 要 社会 我 定
S003747_P0000_T00,处理 垃圾 问题 我们 每 人 生活 有 联系,钢琴 刚才 问题 我们 每 人 生活 有 联系,处罚 刚才 问题 我们 每 人 生活 好 联系,处罚 问题 我们 每 人 生活 有 联系,处罚 来 问题 我们 每 人 生活 多 联系,文件 刚才 问题 我们 每 人 生活 好 联系
S003747_P0001_T00,处理 垃圾 问题 我们 每 人 生活 有 联系,以前 问题 我们 每 人 生活 有 联系,处罚 问题 我们 每 人 生活 有 联系,处理 垃圾 问题 我们 每 人 生活 有 联系,处理 可以 问题 我 我们 每 人 生活 多 联系,处罚 刚才 问题 我们 每 人 生活 有 联系
S003753_P0001_T00,压力 吃不消 辞职,爱-1 吃不消 不行 辞职,孩子 吃不消 不行 辞职,孩子 吃不消 辞职,先 不行 辞职,孩子 吃不消 不行 辞职
S003758_P0000_T00,辞职 还是 继续 工作 考虑,辞职 还是 工作 想,辞职 还是 工作 想,辞职 还是 工作 想,我 辞职 我 工作 难,辞职 还是 工作 感觉
S003758_P0002_T00,辞职 还是 继续 工作 考虑,辞职 还 还是 工作 1,辞职 还是 工作 1,辞职 还是 工作 1,辞职 后 工作,辞职 还 还是 工作 想
S003759_P0000_T00,我 想 离开 时间 是 这 交 辞职 信,我 想 离开 时间 是 这 交 辞职 信,我 想 离开 时间 是 这 交 信,我 想 离开 时间 是 这 交 信,我 想 宾馆 时间 要 看 交 信,我 想 前 时间 是 这 交 信
S003764_P0000_T00,机器 慢 慢 代替 笨 劳动,机器 慢 为 劳动,机器 慢 为 劳动,机器 慢 代替 为 医生 行为 劳动,机器 可以 为 班长 运动 劳动,机器 慢 为 运动
S003764_P0001_T00,机器 慢 慢 代替 笨 劳动,精神 慢 代替 笨 劳动,机器 慢 代替 笨 劳动,机器 慢 代替 笨 劳动,机器 方便 代替 医生 劳动,蛋糕 慢 代替 笨 行为 劳动
S003765_P0000_T00,小学 孩子 写 爸爸 妈妈 代替 写 不行,小 孩子 写 爸爸 妈妈 为 写 不行,小 孩子 写 爸爸 妈妈 为 写 不行,小 孩子 写 爸爸 妈妈 为 写 不行,我 写 爸爸 妈妈 为 要,孩子 写 爸爸 妈妈 为 写 不行
S003776_P0001_T00,语言 代替 不行 行动 行动 是 最 早 语言,说 代替 不行 行为 是 最 早 说,说 代替 不行 行为 是 最 早 说,说 代替 不行 行动 是 最 早 说,一直 代替 可以 行为 时间 还 说,说 代替 不行 行为 是 最 好 说
S003778_P0000_T00,他 向 国家 借款 承包 1 山 山,向 国家 借款 承包 远,向 国家 借款 承包 远,向 国家 借款 承包 远,他 到 国家 房子 快 承包 多,这 向 国家 借款 承包 远
S003778_P0001_T00,他 向 国家 借款 承包 1 山 山,他 他们 国家 借款 承包 每,他 他们 国家 借款 承包 每,他 他们 国家 借款 承包 每,向 国家 承包 你们,他 向 国家 借款 承包 每
S003786_P0001_T00,公司 给 工作 员工 1 借款 利息 钱 不,公司 给 工作 员工 他 借款 来 利息 钱 不,公司 给 工作 员工 你 借款 来 钱 不,公司 给 工作 员工 你 借款 来 钱 不,公司 给 工作 害怕 你 借款 这 就 不,公司 给 工作 员工 1 借款 来 钱 不
S003792_P0000_T00,我们 走 安全 不 老师 担心 每天 保护 送,我们 走 安全 不 老师 担心 每天 保护 送,我们 走 安全 不 老师 担心 每天 保护 送,我们 走 安全 不 老师 担心 每天 保护 送,我们 安全 不 要 担心 每天 保护,我们 走 安全 不 老师 担心 每天 保护 送
S003792_P0001_T00,我们 走 安全 不 老师 担心 每天 保护 送,我们 走 身体 不 老师 担心 经常 保护 送,我们 走 身体 不 老师 担心 经常 保护 送,我们 走 身体 不 老师 担心 经常 保护 送,我们 身体 不 老师 担心 想 经常 保护 送,我们 走 安全 不 老师 担心 经常 保护 送
S003804_P0001_T00,以前 人 看 到 星星 他们 担心 会 爆炸,以前 人 看 他们 担心 会 爆炸,以前 人 看 他们 担心 会 爆炸,以前 人 看 天 他们 担心 会 爆炸,以前 男 人 字幕 担心 会 爆炸,以前 人 看 星星 他们 担心 会 爆炸
S003813_P0001_T00,利用 他 星星 来 导航,他 天 来 导航,他 医生 来 导航,用 他 医生 来 导航,用 他 脸 导航,他 医生 来 导航
S003813_P0002_T00,利用 他 星星 来 导航,用 他 来 导航,用 他 来 导航,用 他 骄傲 来 导航,请客 看 弹幕 可以 关节,用 他 医生 来 导航
S003821_P0001_T00,每 电 表 这 限制 人 5 登记,每 1 秒 这 人 多 登记,每 1 这 人 多 登记,每 1 秒 这 人 多 登记,每 一样 这 人 多,每 周 这 人 多少 签名
S003826_P0000_T00,登记 必须 写 表格,签名 必须 写 表格,签名 必须 写 表格,签名 必须 写 表格,签名 必须 写 表格,签名 必须 写 表格
S003826_P0001_T00,登记 必须 写 表格,签名 决定 表格,癌 必须 表格,癌 必须 写 表格,事情 必须 买,癌 必须 写 表格
S003831_P0000_T00,早 定居 这 生活 人 苦 吃 东西 不,早 定居 这 生活 人 苦 东西 经常 吃 满足 不,早 定居 这 生活 人 苦 东西 经常 吃 满足 不,早 定居 这 生活 人 苦 东西 经常 吃 满足 不,早 这 生活 人 苦 东西 经常 药 足够 不,早 定居 这 生活 人 苦 东西 经常 吃 满足 不
S003831_P0002_T00,早 定居 这 生活 人 苦 吃 东西 不,早 定居 生活 人 东西 经常 钱 满足 不,早 定居 生活 人 东西 经常 钱 满足 不,早 必须 生活 人 东西 经常 钱 满足 不,早 必须 每天 生活 人 东西 找 没有,早 定居 生活 人 东西 经常 吃 满足 不
S003842_P0000_T00,堵车 这 时间 久 什么 方法 你 认为 方法 好,堵车 这 时间 长 远 什么 方法 你 认为 方法 好,堵车 这 时间 长 什么 方法 你 认为 方法 好,堵车 这 时间 长 远 什么 方法 你 认为 方法 好,堵车 时间 长 什么 想 方法 认为 蓝牙 方法,堵车 这 时间 长 方法 你 认为 方法 好
S003850_P0001_T00,请 保持 安静,一直 安静,一直 安静,一直 安静,一直 安静,一直 安静
S003860_P0000_T00,这 路 多 安静 人 呼吸 声音 听 可以,路 多 安静 人 呼吸 声音 听,路 多 安静 人 呼吸 声音 听 可以,路 多 安静 人 呼吸 声音 听 可以,路 新 人 呼吸 声音 听 可以,路 多 安静 人 呼吸 声音 听 可以
S003860_P0002_T00,这 路 多 安静 人 呼吸 声音 听 可以,这 路 多 安静 人 呼吸 声音 听 可以,这 路 多 安静 人 呼吸 声音 听 可以,这 路 多 安静 人 呼吸 听 可以,河 人 多 新,冬天 这 路 安静 人 呼吸 声音 听
S003880_P0002_T00,对不起 这 吃 不 饱 还 给 1,对不起 这 吃 不 饱 给 1,对不起 这 吃 不 饱 给 你,对不起 这 吃 不 饱 给 你,对不起 你 不 饱 不行 给 你,对不起 这 吃 不 饱 还 给 你
S003886_P0000_T00,年龄 到 他 孩子 必须 去 读书 接受 年 9 教,年龄 到 这 孩子 必须 去 读书 接受 年 9 教,年龄 到 他 孩子 必须 去 读书 接受 年 9 教,年龄 到 他 孩子 必须 去 读书 接受 年 9 教,年龄 这 孩子 必须 读书 接受 年 教,年龄 到 那 孩子 决定 去 读书 毕业 接受 年 9 教
S003886_P0002_T00,年龄 到 他 孩子 必须 去 读书 接受 年 9 教,年龄 到 他 孩子 必须 去 读书 接受 年 9 教,年龄 到 他 孩子 必须 去 读书 接受 年 教,年龄 到 他 孩子 必须 去 读书 接受 年 1 教,年龄 不行 他 孩子 必须 读书 接 重要 教,年龄 到 好了 他 孩子 必须 去 读书 接受 年 1 教
S003894_P0002_T00,红 灯 停止 绿 灯 走 人 人 必须 遵守,红 灯 停止 灯 走 人 必须 遵守,红 灯 停止 灯 走 人 必须 遵守,红 灯 停止 灯 走 人 必须 遵守,要 学 找 是 人 必须 遵守,红 灯 停止 灯 走 人 必须 遵守
S003896_P0001_T00,我 今天 考试 没有 好 为什么 是 不够 复习 还是 不够 认真,我 今天 考试 没有 好 为什么 什么 是 不够 复习 还是 是 帮助,我 今天 考试 没有 好 为什么 什么 是 不够 复习 还是 是 帮助,我 今天 考试 没有 好 为什么 什么 是 不够 复习 还是 是 帮助,这 我 今天 考试 没有 为什么 什么 不够 复习 不行 帮助,我 今天 考试 没有 好 为什么 什么 是 不够 复习 还是 是 不够 帮助
S003896_P0002_T00,我 今天 考试 没有 好 为什么 是 不够 复习 还是 不够 认真,我 今天 考试 没有 好 是 不 不够 复习 还 还是 不够 认真,我 今天 考试 没有 好 年 是 不够 复习 还 还是 不够 认真,我 今天 考试 没有 好 年 是 不 不够 复习 还 还是 不够 认真,今天 年 多 年 不 买 纸 拒绝 认真,我 今天 考试 没有 好 病 是 不够 复习 还 还是 不够 认真
S003903_P0000_T00,别 人 让 你 生气 你 是 自己 修 养 不够,别 人 你 生气 你 自己 养 不 不够,别 人 你 生气 你 自己 养 不够,别 人 你 生气 你 自己 养 不够,别 人 给 自己 是 养 方便,别 人 让 你 生气 你 自己 养 不够
S003903_P0002_T00,别 人 让 你 生气 你 是 自己 修 养 不够,别 人 让 你 生气 你 自己 养 不,别 人 让 你 生气 你 自己 养 不,别 人 让 你 生气 你 自己 变 养 不 不够,别 人 你 他 自己 成绩 不,别 人 让 你 生气 你 自己 变 养 不够
S003907_P0000_T00,身体 高 差不多 1 米 8,身体 高 看 蓝牙,身体 高 看 蓝牙,身体 高 看 蓝牙 有,身体 高 看 翻脸,身体 高 看 蓝牙 多
S003907_P0001_T00,身体 高 差不多 1 米 8,身体 会 观点 蓝牙,身体 高 差不多 蓝牙,身体 高 认为 蓝牙,身体 差不多 妹妹,身体 高 差不多 蓝牙
S003911_P0002_T00,楼 高 高 百 米 差不多,楼 高 差不多,楼 高 差不多,楼 高 差不多,楼 到 高 奇怪,楼 高 百 米 差不多
S003913_P0001_T00,2 人 东西 看 差不多 但是 东西 质量 不同,2 人 东西 看 差不多 但是 东西 性 不是,2 人 东西 看 差不多 但是 东西 性 不是,2 人 东西 看 差不多 但是 东西 性 不是,2 东西 他 差不多 但是 东西 性 不同,2 人 东西 看 差不多 但是 东西 质量 不是
S003913_P0002_T00,2 人 东西 看 差不多 但是 东西 质量 不同,2 东西 发现 看 但是 东西 性 不同,2 东西 发现 差不多 但是 东西 质量 不同,2 东西 看 但是 东西 质量 不同,2 东西 发现 差不多 但是 东西 不同,2 东西 发现 差不多 但是 东西 质量 电视
S003926_P0002_T00,他 坐 飞机 事故 差点 死 差点,他 在 飞机 事情 发生 不好 倒霉,他 在 飞机 事情 发生 什么 倒霉,他 坐 飞机 事情 发生 不好 倒霉,他 在 没有 事情 发生 什么 会,他 在 飞机 事情 发生 到 烦
S003933_P0002_T00,晚上 他 经常 回忆 过去,晚上 他 经常 回忆 过去,晚上 他 经常 回忆 过去,晚上 他 经常 回忆 过去,晚上 他 经常 回忆 过去,晚上 他 经常 回忆 过去
S003936_P0001_T00,休息 王 叔叔 经常 到 我 房子 聊天,休息 名字 到 我 房子 聊天,休息 王 到 我 房子 聊天,休息 名字 到 我 房子 聊天,休息 王 论文 奶奶 我 房子,休息 工厂 借款 经常 到 我 房子 聊天
S003936_P0002_T00,休息 王 叔叔 经常 到 我 房子 聊天,休息 王 经常 到 我 房子 聊天,休息 王 经常 到 我 房子 聊天,休息 王 经常 到 我 房子 聊天,王 来 我 房子 家具,休息 王 经常 到 我 房子 聊天
S003944_P0001_T00,处方 单 给 我 我 帮助 你 买 药,处方 单 给 我 帮助 你 买 药,处方 单 给 我 帮助 你 买 药,处方 单 给 我 帮助 你 买 药,处方 单 给 我 帮助 买 药,处方 写 单 给 我 帮助 你 买 药
S003947_P0000_T00,电子 处方 今天 医生 多 用 用,电子 处方 今天 医生 多 用,电子 处方 今天 医生 多 用,电子 处方 今天 医生 多 用,电 处方 今天 医生 有 用,电子 处方 今天 医生 多 用
S003947_P0001_T00,电子 处方 今天 医生 多 用 用,电子 处方 今天 医生 多 用,电子 处方 今天 医生 用,电子 处方 今天 医生 多 用,他 处方 今天 医院 用,电子 处方 今天 医生 多 用
S003950_P0000_T00,错误 没关系 要 快 改变,错误 没关系 要 快 改变,错误 没关系 要 快 改变,错误 没关系 要 快 改变,错误 没关系 要,错误 没关系 要 改变
S003961_P0000_T00,我 希望 你 后 还 一样 错误 不,我 希望 你 后 还 一样 错误 不,我 希望 你 后 还 一样 错误 不,我 希望 你 后 还 一样 错误 不,我 希望 你 害羞 还 一样 错误 不,我 希望 你 后 还 一样 错误 不
S003961_P0002_T00,我 希望 你 后 还 一样 错误 不,我 希望 你 后 还 错误 不,我 希望 你 后 还 错误 不,我 希望 你 后 还 错误 不,我 希望 你 后 还 不行 错误 不行,我 希望 你 后 还 错误 不
S003962_P0000_T00,这 错误 观点 全部 反对,这 错误 一起 反对,这 错误 一起 反对,这 错误 一起 反对,他 错误 像 是 崇拜,这 错误 翻脸 一起 反对
S003976_P0001_T00,这 存折 密码 你 知道 不是 本 人 没关系 去 拿 可以,这 存折 像 知道 不是 今天 房子 人 去 拿 可以,这 存折 知道 不是 房子 人 没关系 去 拿 可以,这 存折 知道 不是 今天 房子 人 没关系 拿 可以,这 存折 爸爸 知道 不是 人 妈妈 看,这 存折 秘密 知道 不是 人 没关系 去 拿 可以
S003976_P0002_T00,这 存折 密码 你 知道 不是 本 人 没关系 去 拿 可以,这 存折 没有 你 知道 不是 买 人 如果 去 拿 可以,这 存折 没有 你 知道 不是 人 去 拿 可以,这 存折 看 你 懂 不是 人 去 拿 可以,这 存折 没有 到 不是 人 我 拿,这 存折 还 你 知道 不是 买 人 去 拿
S003985_P0000_T00,你 要 准备 好 最 坏 打算,你 要 准备 最 坏 打算,你 要 准备 最 坏 打算,你 要 准备 最 坏 打算,你 要 准备 最 有 打算,你 要 准备 最 坏 打算
S003985_P0002_T00,你 要 准备 好 最 坏 打算,你 要 准备 最 打算,这 要 准备 最 打算,这 要 准备 最 打算,这 要 准备 放 最 好 打算,你 要 准备 最 时间 打算
S003987_P0001_T00,明天 他 生日 你 打算 给 他 什么 东西,明天 生日 打算 给 他 什么 东西,明天 生日 打算 给 他 什么 东西,明天 生日 打算 给 他 什么 东西,明天 生日 打算 什么 东西,明天 生日 那 打算 算 给 他 什么 东西
S003997_P0000_T00,我 爸爸 以前 考 大学 差点 进,老师 过去 进 大学 差点 坐,爸爸 以前 考 大学 差点 坐,爸爸 以前 考 大学 差点 坐,爸爸 早 以前 年 大学 在,爸爸 过去 考试 大学 差点 坐
S003997_P0002_T00,我 爸爸 以前 考 大学 差点 进,爸爸 刚才 以前 年 大学,爸爸 刚才 以前 进 大学,爸爸 刚才 以前 考 大学 差点 进,爸爸 进 大学 重要,爸爸 刚才 以前 年 差点 追
S003998_P0000_T00,他 著名 大学 毕业,他 著名 大学 毕业,他 著名 大学 毕业,他 著名 大学 毕业,他 风 著名 大学 毕业,他 著名 大学 毕业
S004009_P0001_T00,我 看 有 人 救 成功 担架,我 看 有 人 救 成功 担架,我 看 有 人 救 成功 担架,我 看 有 人 救 成功 担架,我 看 有 人 股票 成功,我 看 有 人 正确 成功 担架
S004018_P0000_T00,生活 锻炼 他 孩子 变 成熟,生活 他 孩子 变 成熟,生活 他 孩子 变 成熟,生活 他 孩子 变 成熟,生活 他 变 成熟,生活 他 孩子 变 成熟
S004029_P0001_T00,青春 期 是 身体 成熟 时间 期,青春 是 安全 成熟 时间 期,年轻 青春 是 安全 成熟 时间 期,年轻 青春 是 安全 成熟 时间 期,弟弟 青春 是 安全 成熟 期,年轻 青春 你 身体 成熟 时间 期
S004029_P0002_T00,青春 期 是 身体 成熟 时间 期,青春 期 成熟 时间 期,青春 期 成熟 时间 期,青春 期 成熟 时间 期,青春 期 成熟 最 期,青春 期 成熟 时间 期
S004032_P0001_T00,重点 老师 重复 说,重要 老师 重复 说,重要 重点 老师 重复 说,重要 重点 老师 重复 说,重点 要 重复 多,重要 重点 老师 重复 说
S004036_P0001_T00,问题 我 重复 他 懂,他 我 重复 感觉 懂,他 我 重复 感觉 懂,他 我 重复 感觉 懂,看 我 重复 他 懂,你 我 重复 感觉 懂
S004036_P0002_T00,问题 我 重复 他 懂,问题 我 重复 你 懂,问题 我 重复 你 懂,问题 我 重复 你 懂,你 我 重复,问题 我 重复 你 懂
S004037_P0000_T00,看 我 不相信 我 还 重复,我 不相信 我 还 重复,我 信 我 还 重复,我 不相信 我 还 重复,我 微信 信 我 重复,我 还 重复
S004037_P0002_T00,看 我 不相信 我 还 重复,我 不相信 我 还 重复,我 不相信 我 不喜欢 重复,我 不相信 我 不喜欢 重复,我们 我 不喜欢 重复,我 不 我 不喜欢 重复
S004040_P0002_T00,想 写 好 文章 用 词语 最 好 重复 不,想 写 文章 用 最 好 重复 不,想 写 文章 用 最 好 重复 不,想 写 文章 用 最 好 重复 不,1 写 用 最 不行 重复 不用,想 写 好 文章 用 最 好 重复 不
S004043_P0000_T00,有 能力 人 重复 会 找 有趣 生活,有 一些 人 建造 会 找 生活,有 一些 人 建造 会 找 生活,有 一些 人 建造 会 找 生活,有 一些 人 重复 会 脸 好 生活,有 一些 人 建造 会 找 日子
S004043_P0001_T00,有 能力 人 重复 会 找 有趣 生活,有 人 会 找 生活,有 人 会 找 生活,有 人 重复 会 找 生活,我 一些 人 重复 会 找 生活,有 人 会 找 生活
S004044_P0001_T00,他 把 自己 装 聪明,他 把 自己 打扮 聪明,他 把 自己 打扮 聪明,他 把 自己 打扮 聪明,他 把 自己 打扮 聪明,他 把 自己 打扮 聪明
S004052_P0000_T00,他们 好 好 好 他 聪明 老实 好,他 称赞 他 聪明,他 称赞 他 聪明,他们 称赞 他 聪明,他 称赞 聪明,他们 称赞 他 聪明 好
S004053_P0000_T00,多 人 聪明 股票 失败,多 人 聪明 股票 失败,多 人 聪明 股票 失败,多 人 聪明 股票 失败,多 人 聪明 好 股票 便宜,多 人 聪明 股票 失败
S004053_P0001_T00,多 人 聪明 股票 失败,有 人 聪明 股票,有 人 聪明 股票,有 人 聪明 股票,有 人 聪明 股票,有 人 聪明 股票 失败
S004060_P0000_T00,他们 对 他 大概 礼貌,你们 对 这 大概,你们 对 他 大概,你们 对 他 大概,你们 对 你 大概,他们 对 他 大概 礼貌
S004060_P0002_T00,他们 对 他 大概 礼貌,他们 你们 对 他 大概 礼貌,他们 你们 对 他 大概 礼貌,你们 对 他 大概 礼貌,每 对 大概 礼貌,他们 对 他 大概 礼貌
S004062_P0001_T00,我 大概 1 个月 下 还 来,我 大概 1 个月 下 还 来,我 大概 1 下 还 来,我 大概 1 下 还 来,我 大概 借款 拿,我 大概 1 个月 下 还 来
S004062_P0002_T00,我 大概 1 个月 下 还 来,我 大概 月 下 还 来,我 大概 月 下 还 来,我 大概 1 个月 下 还 来,我 特别 月 拿,我 大概 1 个月 下 还 来
S004079_P0002_T00,知道 他们 骗 我 但是 我 原谅,知道 他们 骗 我 但是 我 原谅,知道 他们 骗 我 但是 我 吃,知道 他们 骗 我 但是 我 吃,你 要 做 但是 小,知道 他们 骗 我 但是 我 吃
S004089_P0000_T00,我 当面 这 说谎,当面 说,当面 说,当面 说,当面 说 说谎,当面 说 乏味
S004091_P0000_T00,我 要 自己 当面 感谢 这 好 心 人,我 自己 当面 感谢 这 好 人,我 自己 当面 感谢 这 好 人,我 自己 当面 感谢 这 好 人,自己 感谢 这 人,我 自己 进 好 这 好 人
S004091_P0002_T00,我 要 自己 当面 感谢 这 好 心 人,我 自己 当面 感谢 好 心 人,我 自己 当面 好 心 人,我 自己 当面 称赞 好 心 人,我 自己 好 心 人,我 自己 当面 好 心 人
S004097_P0000_T00,有 话 当面 最 好 背后 不,说 来往 最 好 不,说 相处 最 好 不,说 相处 最 好 不,说 遇 增加 好 算 不,说 要求 最 好 不
S004098_P0000_T00,今天 出门 手机 忘记 倒霉,今天 去 手机 忘记 倒霉,今天 手机 忘记 倒霉,今天 出门 手机 忘记 倒霉,路 我们 手机 忘记 倒霉,今天 手机 忘记 倒霉
S004098_P0002_T00,今天 出门 手机 忘记 倒霉,要 去 手机 忘记 倒霉,要 去 手机 忘记 倒霉,要 去 手机 忘记 倒霉,老师 努力 忘记,要 去 手机 忘记
S004099_P0000_T00,我 最近 倒霉,我 最近 倒霉,我 最近 倒霉,我 刚才 倒霉,我 经常 倒霉,我 最近 倒霉
S004103_P0001_T00,倒霉 快 破 记录,倒霉 快 破 纪律,倒霉 快 破 纪律,倒霉 快 破 纪律,倒霉 快 破 批准,倒霉 快 破 纪律
S004133_P0001_T00,除了 手语 和 聋 人 交流 还有 可以 用 身体 交流,手 手语 和 聋 交流 还 可以 身体 交流,手 和 聋 交流 可以 身体 交流,手 手语 和 聋 交流 可以 身体 交流,除了 和 交流 还有 可以 大家 交流,社会 租 聋 交流 可以 身体 交流
S004133_P0002_T00,除了 手语 和 聋 人 交流 还有 可以 用 身体 交流,手 手语 和 聋 交流 还 可以 我 身体,手 手语 和 聋 交流 还 可以 身体,手 手语 和 交流 还 可以 我 身体,手语 和 交流 还有 我 大家 交流,除了 系统 和 坏 交流 还 可以 身体
S004139_P0001_T00,不 吃饭 自然 会 饿,不 吃 自然 会 饿,不 吃 自然 会 饿,不 吃 自然 会 饿,不 吃 自然 会 饿,不 吃 自然 会 饿
S004139_P0002_T00,不 吃饭 自然 会 饿,不 吃 自然 会,不 吃 自然 会,不 吃 自然 会,不 吃 自然 会,不 吃 自然 会
S004149_P0000_T00,根据 你 条件 可以 申请 经济 房子,根据 你 题目 可以 申请 经济 房子,根据 你 题目 可以 申请 经济 房子,根据 你 题目 可以 申请 经济 房子,根据 小 题目 是 申请 养 房子,根据 你 题目 可以 申请 请 不喜欢 房子
S004159_P0001_T00,妹妹 多 贪 吃 还 抱怨 自己 胖,妹妹 多 羡慕 抱怨 胖,妹妹 多 吃 抱怨 自己 胖,妹妹 多 吃 抱怨 自己 胖,妹妹 粉 吃 抱怨 自己 胖,妹妹 多 羡慕 吃 抱怨 自己
S004161_P0000_T00,朋友 抱怨 他 妈妈 唠叨,朋友 抱怨 他 说 唠叨,朋友 抱怨 他 说,朋友 抱怨 他 说,朋友 抱怨 他 骄傲 多,朋友 抱怨 他 中 吃不消
S004161_P0002_T00,朋友 抱怨 他 妈妈 唠叨,朋友 抱怨 他 说 口,朋友 抱怨 他 妈妈 中国,朋友 抱怨 这 妈妈 口,朋友 抱怨 他 问 中国,朋友 抱怨 这 妈妈 红包
S004172_P0000_T00,1 点 水 我 联想 到 大 海 大,1 点 水 我 感觉 联想 到 大 飞,1 点 水 我 感觉 联想 到 海 飞,1 点 水 我 感觉 联想 到 海 飞,1 点 没有 我 感觉 联想 到 海 大,1 迟到 水 我 感觉 联想 到 海 飞
S004175_P0000_T00,我 对 未来 发展 事情 联想 到 多,我 对 未来 发展 事情 联想 到 多,我 对 未来 发展 事情 联想 到 多,我 对 未来 发展 事情 联想 到 多,我 对 明天 事情 可以 联想 感觉,我 对 未来 发展 事情 联想 到 多
S004175_P0002_T00,我 对 未来 发展 事情 联想 到 多,我 对 未来 发展 事情 联想 到 多,我 对 未来 发展 事情 联想 到 多,我 对 未来 发展 事情 联想 到 多,我 对 发展 事情 联想,我 对 未来 发展 事情 联想 到 多
S004176_P0001_T00,有 电脑 牌子 叫 联想,有 电脑 节省 元 想,有 电脑 节省 叫 联想 想,有 电脑 节省 叫 联想 想,有 电脑 叫 联想,有 电脑 叫 联想 想
S004178_P0001_T00,可爱 孩子 娃娃 让 人 喜欢,可爱 孩子 娃娃 客 人 喜欢,可爱 孩子 娃娃 让 人 喜欢,可爱 孩子 娃娃 让 人 喜欢,爱-1 你们 春天 娃娃 让 人 喜欢,可爱 孩子 娃娃 让 人 喜欢
S004191_P0000_T00,生活 好 活 好 是 福气 要 珍惜,生活 好 活动 好 是 福气 要 珍惜,生活 好 活动 好 是 福气 要 珍惜,生活 好 活动 好 是 福气 要 珍惜,生活 你们 活 好 是 中国 要 珍惜,生活 好 活动 好 是 福气 要 珍惜
S004191_P0002_T00,生活 好 活 好 是 福气 要 珍惜,生活 好 活动 好 是 福气 要 珍惜,生活 好 活动 好 是 福气 要 珍惜,生活 好 活动 好 是 福气 要 珍惜,生活 来 活动 不行 福气 高铁 要 珍惜,生活 好 是 福气 要 珍惜
S004194_P0001_T00,脸 美丽 是 运气 脸 不 美丽 是 福气,脸 美丽 是 美丽 脸 不 美丽 是 幸福,脸 美丽 是 美丽 脸 不 美丽 是 幸福,脸 美丽 是 美丽 脸 不 美丽 是 幸福,脸 7 脸 周 幸福,脸 美丽 是 美丽 脸 不 美丽 是 幸福
S004197_P0000_T00,没 福气 人 好 吃 没有 理想 人 好 睡觉,没有 福气 人 吃 没有 人 睡觉,自然 福气 人 好 吃 没有 理想 人 睡觉,自然 福气 人 好 吃 没有 理想 人 睡觉,福气 年轻 人 吃 是 理想 人 睡觉,自然 福气 人 好 吃 没有 理想 人 睡觉
S004204_P0003_T00,驾驶 看 前 车 要 注意 驾驶,驾驶 看 汽车 要 注意 驾驶,驾驶 看 汽车 要 注意 驾驶,驾驶 看 汽车 要 注意 驾驶,驾驶 看 带 要 注意 驾驶,驾驶 看 前 汽车 要 注意 驾驶
S004216_P0000_T00,你们 喜欢 看 弹幕,你们 喜欢 看 弹幕,你们 喜欢 看 弹幕,你们 喜欢 看 弹幕,你们 好 弹幕,你们 喜欢 看 弹幕
S004228_P0000_T00,今天 我 生病 领导 亲切 关心 我 问 我 好 不好,今天 生病 领导 关心 我 问 我 好不好,今天 我 生病 领导 关心 我 问 我 好不好,今天 我 生病 领导 关心 我 问 我 不好,今天 生病 记录 关心 我 看 我 吸引,今天 我 生病 关心 我 问 我 不好
S004228_P0007_T00,今天 我 生病 领导 亲切 关心 我 问 我 好 不好,今天 我 生病 领导 亲切 关心 我 问 死,今天 我 生病 领导 亲切 关心 我 问,今天 我 生病 领导 亲切 关心 我 问 玩,今天 生病 学 纪律 关心 问 音乐 诱惑,今天 我 生病 领导 亲切 关心 我 问 好
S004234_P0000_T00,班级 主 任务 王 老师 仔细 问 问 指导 教 亲切 好 让 我 记得 一直,班级 员工 王 老师 鞋子 水 因为 教 亲切 好 让 我 记得,班级 员工 王 老师 仔细 问 指导 教 亲切 好 让 我 记得,班级 员工 王 老师 仔细 水 指导 教 亲切 好 让 我 记得,班级 员工 王 老师 仔细 是 指导 教 亲切 让 骄傲,班级 员工 王 老师 仔细 问 指导 教 好 让 我 记得
S004235_P0003_T00,今天 晚上 主 人 热情 大 方 让 我们 感觉 像 去 房子 一样 亲切,今天 晚上 人 热情 大 让 我们 感觉 认为 去 房子 一样 亲切,今天 晚上 主 人 热情 大 让 我们 感觉 像 去 房子 一样 亲切,今天 晚上 主 人 热情 大 让 我们 感觉 像 去 房子 一样 亲切,今天 晚上 我 人 热情 让 我 房子 他 亲切,今天 晚上 主 人 积极 大 方 让 我们 感觉 像 去 房子 一样 亲切
S004236_P0003_T00,课 时间 老师 一直 温暖 眼睛 光 看 让 我们 感觉 亲切,课 时间 老师 一直 仍然 看 让 我们 感觉 亲切,课 时间 老师 一直 看 让 我们 感觉 亲切,课 时间 老师 一直 看 让 我们 感觉 亲切,课 时间 要 一直 热情 看 我们 感觉 亲切,课 时间 老师 一直 温暖 看 让 我 感觉 亲切
S004236_P0007_T00,课 时间 老师 一直 温暖 眼睛 光 看 让 我们 感觉 亲切,男 课 时间 一直 急 眼睛 看 让 我 感觉 亲切,课 时间 一直 急 眼睛 看 让 我 感觉 亲切,男 课 时间 一直 急 眼睛 看 让 我 感觉 亲切,课 时间 好 一直 急 美丽 让 感觉 亲切,男 时间 老师 一直 急 眼睛 看 让 我 感觉 亲切
S004237_P0003_T00,他 说 里 祝福 温暖 亲切,他 说 全部 是 温暖 要求 亲切,他 说 全部 是 温暖 要求 亲切,他 说 全部 是 温暖 祝福 亲切,他 说 事情 全部 有 温暖 要求 亲切,他 说 里 全部 是 温暖 祝福 要求 亲切
S004237_P0007_T00,他 说 里 祝福 温暖 亲切,你 说 要 要求 暖 亲切,你 说 要 要求 温暖 亲切,他 说 要 要求 温暖 亲切,他 说 要求 温暖 亲切,你 说 要 里 要求 温暖 亲切
S004238_P0003_T00,笑 是 1 无 声音 亲切 语言 是 朋友 对 你 样子,微笑 是 朋友 对 你 情况,微笑 是 朋友 对 情况,微笑 是 朋友 对 情况,是 朋友 对 情况,微笑 是 朋友 对 就 样子
S004242_P0003_T00,我 感觉 这 跳舞 项目 不 适合 我,我 感觉 你 跳舞 句子 不 合适 我,我 感觉 跳舞 城市 不 合适 我,我 感觉 想 跳舞 句子 不 合适 我,我 感觉 跳舞 情况 不 适合,我 感觉 跳舞 城市 不 合适 我
S004242_P0007_T00,我 感觉 这 跳舞 项目 不 适合 我,我 感觉 这 跳舞 题目 不 合适 我,我 想 这 跳舞 不 合适 我,我 感觉 这 跳舞 不 合适 我,我 想 跳舞 适合 不,我 感觉 他 跳舞 不 合适 我
S004263_P0000_T00,人 成功 什么 来 知识 或者 天 赋 或者 努力 得到,人 成功 来 天 赋 或者 努力 得 到,人 成功 来 有 赋 或者 努力 得 到,人 成功 来 有 或者 天 赋 或者 努力 得 到,方法 成功 不行 感冒 随便 赋 或者 不行 得,人 成功 来 为 赋 或者 努力 得 到
S004263_P0003_T00,人 成功 什么 来 知识 或者 天 赋 或者 努力 得到,人 成功 得 年 聪明 天 赋 努力,人 成功 得 知识 天 赋 努力,人 成功 得 1 来 知识 天 赋 努力,人 成功 必须 课 知识 天 赋 努力,人 成功 得 成熟 以前 知识 天 赋 努力
S004264_P0003_T00,不管 你 生 自然 聪明 不 满足 不 不管 自己 天 赋 要 跟 天 赋 发展 你 会 变 成功,不管 你 生 自然 声音 不 满意 不 不管 天 赋 要 自己 跟 发展 你 会 得,不管 你 生 自然 声音 不 满意 不 不管 天 赋 要 跟 发展 你 会 得,不管 你 生 自然 声音 不 满意 不 不管 天 赋 要 自己 跟 多 发展 你 会 得,不管 你 生 自然 牛奶 出租车 满意 不 完成 天 赋 要 跟 发展 会 买,不管 你 生 自然 声音 不 满意 不 不管 天 赋 要 跟 他 1 你 会 得
S004273_P0003_T00,事情 证明 好了 不同意 你 否认,事情 身份证 好了 周 不同意 你 否认,事情 身份证 好了 周 不同意 你 否认,事情 证明 好了 1 周 问题 你 否认,事情 身份证 好了 周 否认,事情 证明 好了 找 不同意 你 否认
S004273_P0007_T00,事情 证明 好了 不同意 你 否认,事情 证明 好了 不同意 否认,事情 证明 好了 不同意 否认,事情 好了 不同意 否认,事情 好了 我 不,事情 证明 好了 不同意 指 否认
S004274_P0007_T00,事情 什么 证明 全部 根据 有 好了 他 又 否认 硬,事情 什么 证明 全部 根据 重 他 快 否认 他 自己 做 不好,事情 什么 证明 全部 根据 好了 他 否认 他 自己 做 不好,事情 什么 证明 全部 根据 好了 他 否认 他 自己 做 不好,事情 是 证明 全部 根据 好了 他 不 他 自己 做 不好,事情 什么 证明 全部 根据 好了 他 否认 他 自己 做 不好
S004277_P0003_T00,今天 中国 国 民 富贵 强 连 敌人 不行 否认 这 1 点,今天 中国 人 强 这 敌人 人 不行,今天 中国 人 富贵 强 这 敌人 人 不行,今天 中国 人 富贵 强 这 敌人 人 不行,今天 中国 人 富贵 强 强调 敌人 人,今天 中国 联系 强 这 不好 人 睡觉 不行
S004284_P0003_T00,玩 高兴 园 惊吓 鬼 房子 里 鬼 连,兴奋 圆 房子 这 里,兴奋 圆 房子 这 里,兴奋 圆 房子 这 里,兴奋 大家 房子 里 生产,快乐 圆 房子 这 里 坏
S004284_P0007_T00,玩 高兴 园 惊吓 鬼 房子 里 鬼 连,玩 环境 感动 房子 里 联系,玩 环境 惊吓 房子 里 联系,玩 环境 惊吓 房子 里 联系,玩 周围 惊吓 房子 里,快乐 高兴 园 惊吓 痛 房子 里 联系
S004305_P0000_T00,女 人 听 懂 不 冷场,女 人 听 懂 不 冷场,老 人 听 懂 不 冷场,女 人 听 懂 不 冷场,老 人 感觉 不 冷场,老 人 听 懂 不
S004305_P0008_T00,女 人 听 懂 不 冷场,女 人 听 想 不 冷场,女 人 听 想 不 冷场,女 人 听 想 不 冷场,女 人 想 不 冷场,女 人 听 想 不 冷场
S004311_P0000_T00,我 多 难 来往 所以 你 不 诱惑 我 生气 不,我 多 难 来往 所以 你 不 吸引 我 生气 不,我 多 难 来往 所以 你 不 吸引 我 生气 不,我 多 难 来往 所以 你 不 吸引 我 生气 不,我 天 著名 难 来往 所以 你 自己 到 我 不,我 多 难 来往 工厂 你 不 吸引 我 生气 不
S004314_P0003_T00,朋友 之间 来往 方便 多,朋友 来往 方便 多,朋友 来往 方便 多,朋友 来往 方便 多,朋友 来往 不行 知道,朋友 来往 方便 多
S004314_P0008_T00,朋友 之间 来往 方便 多,朋友 来往 方便 多,朋友 来往 方便 多,朋友 来往 方便 多,朋友 来往 要 多,朋友 去 方便 多
S004320_P0008_T00,学生 们 要 团结 友谊 来往 好,学生 们 团结 友谊 来往 好,学生 们 团结 友谊 来往 好,学生 们 团 友谊 来往 好,学生 们 团结 来往 好,学生 们 上海 友谊 来往 好
S004324_P0000_T00,学校 不是 缩 逃 地方 学校 是 出 出 人 才 地方,学校 不是 摸鱼 地方 发生 人 才,学校 考试 摸鱼 地方 发生 人 才,学校 不是 摸鱼 地方 发生 人 才,学校 考试 摸鱼 地方 发生 人 才,学校 各种 调查 地方 发生 人 才
S004324_P0008_T00,学校 不是 缩 逃 地方 学校 是 出 出 人 才 地方,学校 不是 摸鱼 地方 是 发生 人 才,学校 不是 摸鱼 地方 是 发生 人 想,学校 不是 摸鱼 地方 是 发生 人 想,学校 各种 导航 摸鱼 地方 发生 人 想,学校 不是 摸鱼 地方 是 人 想
S004338_P0008_T00,你 偶 像 是 谁,你 偶 像 是 谁,你 偶 像 是 谁,你 偶 像 是 谁,你 偶 像 你 瘦,你 偶 像 是 谁
S004343_P0000_T00,我 偶 像 是 谁 你 猜 猜 猜,我 偶 像 看 谁 你 欺负,我 偶 像 看 谁 你 欺负,我 偶 像 看 谁 你 欺负,我 人 呼吸 欺负,我 偶 像 谁 你
S004343_P0003_T00,我 偶 像 是 谁 你 猜 猜 猜,我 偶 像 是 谁 你 欺负,我 偶 像 是 谁 你 欺负,我 偶 像 是 谁 你 欺负,我 人 厕所 看 你 欺负,我 偶 像 是 谁 你 接触
S004350_P0008_T00,为 这 我 多 崇拜 他,为 这 我 多 崇拜 他,为 这 我 多 崇拜 他,为 这 我 多 崇拜 他,为 这 我 要 崇拜 他,为 这 我 多 崇拜 他
S004366_P0003_T00,我 可以 吃 不 代表 我 是 吃 货 可以 说 我 好 养,我 可以 吃 不 代表 我 是 吃 货 可以 说 我,我 可以 吃 不 代表 我 是 吃 货 可以 说 我 养,我 可以 吃 不 代表 我 是 吃 货 可以 说 我 养,我 要 吃 为 我 吃 货 要 说 我,我 可以 吃 不 代表 我 是 吃 货 可以 说 我 养
S004372_P0000_T00,嫌弃 干 什么 他 有 这 本领 好,嫌弃 干 什么 他 有 本领 好,嫌弃 干 什么 他 有 本领 好,嫌弃 干 什么 他 有 本领 好,嫌弃 干 什么 他 本领,嫌弃 结果 什么 他 有 本领 好
S004372_P0003_T00,嫌弃 干 什么 他 有 这 本领 好,我 嫌弃 干 什么 他 有 你 本领 好,我 嫌弃 干 什么 他 有 本领 好,我 嫌弃 干 什么 他 有 什么 本领 好,我 嫌弃 干 孩子 有 作弊 本领 好,我 嫌弃 1 什么 他 有 得 好
S004386_P0003_T00,多 嫌弃 你 我们 分手,多 嫌弃 叫 我们 请客,多 嫌弃 我们 分手,多 嫌弃 我们 方法,我 嫌弃 你 我们 分手,多 嫌弃 我们 分手
S004389_P0003_T00,心 如果 可以 装 不 满 和 委屈 什么 还 有 什么 痛 和 伤 害,担心 不 慢 不够 和 委屈 还 什么 谁 痛 和 伤害,心 如果 慢 不够 和 委屈 还 什么 谁 痛 和 伤害,心 等 不够 和 委屈 还 什么 谁 痛 和 伤害,心 吃 减 没有 和 怀疑 什么 美丽 痛 和 参加,心 如果 慢 不 和 委屈 还 什么 谁 痛 和 伤害
S004389_P0008_T00,心 如果 可以 装 不 满 和 委屈 什么 还 有 什么 痛 和 伤 害,心 如果 可以 种 和 只好 还 什么 谁 痛 和 欺负,心 如果 可以 种 和 委屈 还 什么 谁 痛 和 欺负,心 如果 可以 种 和 委屈 还 什么 吃 痛 和 欺负,心 爸爸 可以 信 不 和 委屈 还 什么 美丽 痛 和 欺负,心 如果 可以 报名 和 委屈 还 什么 吃 痛 和 伤害
S004399_P0008_T00,忘记 恨 人 肯定 忘记 谢谢 记得 谢谢 人 肯定 会 记仇,晚上 怀疑 人 肯定 会 忘记 好 记得 肯定 会 记仇,晚上 人 肯定 会 忘记 好 记得 好 肯定 会 记仇,晚上 后 人 肯定 会 忘记 好 记得 好 肯定 会 记仇,晚上 人 决定 会 忘记 到 记得 这 会 记仇,忘记 后 人 肯定 会 忘记 好 记得 好 肯定 会 记仇
S004413_P0000_T00,每 职业 全部 应该 尊重,他 职业 全部 应该 尊重,他 职业 全部 应该 尊重,他 职业 全部 应该 尊重,职业 全部 应该 尊重,他 职业 全部 应该 尊重
S004414_P0000_T00,他 对 碰 人 人 全部 多 尊重,他 对 碰 人 全部 多 尊重,他 对 碰 人 全部 多 尊重,他 对 碰 人 全部 多 尊重,他 对 碰 人 全部 多 尊重,他 对 碰 人 全部 多 尊重
S004414_P0008_T00,他 对 碰 人 人 全部 多 尊重,他 对 碰 人 全部 多 尊重,他 对 碰 人 全部 多 尊重,他 对 碰 人 全部 多 尊重,他 对 碰 人 全部 是 尊重,他 对 碰 人 全部 多 尊重
S004419_P0003_T00,要 尊重 客 看 规律,要 尊重 请 看 纪律,要 尊重 让 看 纪律,要 尊重 请 看 纪律,要 尊重 让 你 会 道理,要 尊重 让 看 变 纪律
S004419_P0008_T00,要 尊重 客 看 规律,要 尊重 让 找,要 尊重 让 找,要 尊重 让 找,要 尊重 让 找,要 尊重 客 找
S004442_P0008_T00,他 第一 次 作弊 紧张 结果 被 老师 发现,他 先 次 作弊 紧张 结果 被 老师 发现,他 先 次 作弊 紧张 结果 被 老师 发现,他 先 次 作弊 紧张 结果 老师 同意,他 利用 作弊 紧张 结果 安全 不好,他 说 次 作弊 紧张 结果 被 老师 发现
S004449_P0003_T00,他 做 品 里 付出 他 血,他 做 品 里 付出 血,他 做 品 里 付出 血,他 做 品 里 付出 血,他 做 品 里 付出 回报,他 做 品 里 付出 送 系统
S004450_P0000_T00,你 做 品 缺少 创 新 不够 感动 人,你 做 品 缺少 新 不够 感动 人,你 做 品 缺少 创 新 不够 感动 人,你 做 品 缺少 创 新 不够 感动 人,做 品 增加 多 钱 自然 感动 人,你 做 品 缺少 创 新 不够 感动 人
S004450_P0008_T00,你 做 品 缺少 创 新 不够 感动 人,你 做 品 缺少 创 新 不够 人,你 做 品 缺少 创 新 不够 人,你 做 品 缺少 创 新 不够 人,你 做 品 缺少 聪明 新 满足 人,你 做 品 缺少 创 新 不够 人
S004452_P0003_T00,他 做 品 多 但是 精 品 少,他 做 品 多 但是 好 做 品,他 做 品 多 但是 好 做 小,他 做 品 多 但是 好 做 钱,他 做 品 多 但是 他 5 分钟 到,他 做 品 多 但是 好 小
S004459_P0003_T00,他 参加 书 房子 热 活动,他 参加 书 房子 热 活动,他 参加 书 房子 热 活动,他 参加 书 房子 会 活动,这 接触 书 房子 会 运动,他 参加 在 书 房子 会 运动
S004459_P0008_T00,他 参加 书 房子 热 活动,他 参加 书 房子 热 活动,他 参加 书 房子 热 活动,他 参加 书 房子 热 活动,他 房子 书 房子 不知道 活动,他 参加 书 房子 热 活动
S004465_P0003_T00,这 多少 公 司 全部 合作 1 大 组,这 公司 全部 合作 1 大 组,这 公司 全部 合作 1 组,这 公司 全部 合作 1 组,他 公司 全部 合作 1 组,他 做 公司 全部 合作 1 组
S004465_P0008_T00,这 多少 公 司 全部 合作 1 大 组,这 看不起 公司 全部 合作 1 大 组,这 多少 公司 全部 合作 1 大 组,这 多少 公司 全部 合作 1 大 组,这 多少 公司 全部 合作 是 大 组,这 多少 公司 全部 合作 1 大 组
S004478_P0008_T00,1 个 人 知识 有 多 方面 组,1 人 知识 有 多 方面 组,1 人 知识 有 多 方面 组,1 人 知识 有 多 方面 组,1 人 思考 有 多 面 组,1 人 知识 有 多 方面 组
S004490_P0000_T00,因为 他 坚持 爸爸 妈妈 始终 放弃 阻拦,因为 他 坚持 一直 爸爸 妈妈 彻底 放弃 阻拦,因为 他 坚持 爸爸 妈妈 彻底 放弃 阻拦,因为 他 坚持 一直 爸爸 妈妈 彻底 放弃 阻拦,因为 他 一直 爸爸 妈妈 彻底 放弃 重,因为 他 坚持 爸爸 妈妈 彻底 最后 放弃 阻拦
S004490_P0003_T00,因为 他 坚持 爸爸 妈妈 始终 放弃 阻拦,因为 他 坚持 一直 爸爸 妈妈 彻底 放弃 阻拦,因为 他 坚持 一直 爸爸 妈妈 彻底 放弃 阻拦,因为 他 坚持 一直 爸爸 妈妈 彻底 放弃 阻拦,因为 他 一直 爸爸 妈妈 始终 放弃 阻拦,因为 他 坚持 一直 爸爸 妈妈 始终 阻拦
S004491_P0000_T00,人 各种 有 想 你 不 阻拦 他 创 业,人 各种 有 想 你 不 阻拦 他 创 创业,人 各种 有 想 你 不 阻拦 他 创 创业,人 各种 有 想 你 不 阻拦 他 创,人 各种 多 难 你 年 学 创业,人 各种 有 感觉 你 不 阻拦 他 创
S004504_P0000_T00,他 对 自己 前 说 进 总结,他 对 自己 以前 说 出 总结,他 对 自己 以前 说 出 总结,他 对 自己 以前 说 出 总结,他 对 他 说 考试 总结,他 对 自己 以前 说 出 总结
S004504_P0008_T00,他 对 自己 前 说 进 总结,他 对 自己 以前 说 进 总结,他 对 自己 以前 说 出 总结,他 对 自己 以前 说 出 总结,他 对 自己 以前 人 进 总结,他 对 自己 以前 说 出 总结
S004513_P0000_T00,我 去 日本 旅游 租 1 自行车,日本 旅游 是 1 自行车,日本 旅游 是 1 自行车,日本 旅游 是 1 自行车,1 日本 旅游 你 自行车,日本 旅游 是 你 自行车
S004514_P0003_T00,到 外国 旅游 要 租 1 自由 无线 方便,到 外国 旅游 要 随便 仔细 方便,到 外国 旅游 要 随便 仔细 方便,到 外国 旅游 要 随便 仔细 方便,他 旅游 要 各种 或 方便,到 外国 旅游 要 借口 随便 仔细 方便
S004514_P0008_T00,到 外国 旅游 要 租 1 自由 无线 方便,到 外国 旅游 要 租 随便 方便,到 外国 旅游 要 租 随便 方便,到 外国 旅游 要 租 随便 方便,他 旅游 要 租 随便 变化,到 外国 旅游 要 借 随便 方便
S004517_P0003_T00,这 租 金 高 所以 租 不行,这 房子 租 金 高 所以 找 不行,这 房子 租 金 高 但是 找 不行,这 房子 租 金 高 所以 找 不行,这 房子 租 高 但是 找 不行,这 房子 租 高 所以 找 不行
S004522_P0000_T00,他 英语 水 高 看 电影 不 看 字幕,他 英语 水平 高 看 电影 我 看 字幕,他 英语 水平 高 看 电影 我 看 字幕,他 英语 水平 高 看 电影 看 字幕,他 英语 二维码 高 看 电影 我 看 字幕,他 英语 水平 高 看 电影 不 看 字幕
S004522_P0008_T00,他 英语 水 高 看 电影 不 看 字幕,他 严格 等 质量 高 看 电影 看 字幕 不用,他 严格 等 水平 高 看 电影 看 字幕 不,他 严格 等 水平 高 看 电影 看 字幕 不,他 水平 高 电影 到 字幕,他 等 水平 阶段 看 电影 看 字幕 不
S004525_P0000_T00,网 上 有 多 外国 翻译 视频 字幕 组,网 上 有 多 外国 变 视频 字幕 组,网 上 有 多 外国 变 视频 字幕 组,网 上 有 多 外国 翻译 视频 字幕 组,里 上 有 多 外国 亲属 视频 他 组,网 上 有 多 外国 翻脸 视频 字幕 组
S004549_P0000_T00,他 自己 照片 和 他 本 人 脸 不 像,他 自己 拍照 和 他 电视 人 脸 像,他 自己 拍照 和 他 本 人 脸 像,他 自己 拍照 和 他 特别 人 脸 像,他 自己 拍照 和 他 本 人 脸,他 自己 拍照 和 他 本 人 脸 像
S004549_P0008_T00,他 自己 照片 和 他 本 人 脸 不 像,他 自己 拍照 和 本 人 脸 像,他 自己 拍照 和 本 人 脸 一样,他 自己 拍照 和 本 人 脸 水,他 自己 拍照 和 本 人 脸 一样,他 自己 拍照 和 书 本 人 脸 一样
S004560_P0008_T00,他 用 自己 拍照 来 做 微信 头 像,他 用 自己 拍照 来 做 微信 住 像,他 用 自己 拍照 来 做 微信 住 像,他 用 自己 拍照 来 做 微信 住 像,他 用 自己 拍照 来 做 微信 手机,他 用 自己 拍照 来 做 微信 住 像
S004571_P0000_T00,老师 为 有 这样子 学生 自己 骄傲,老师 为 有 情况 学生 自己 骄傲,老师 为 有 情况 学生 自己 骄傲,老师 为 有 情况 学生 自己 骄傲,白天 你 为 这 情况 学生 骄傲,老师 为 有 情况 学生 自己 骄傲
S004571_P0008_T00,老师 为 有 这样子 学生 自己 骄傲,老师 为 有 情况 学生 自己 骄傲,老师 为 有 情况 学生 自己 骄傲,老师 为 有 情况 学生 自己 骄傲,老师 为 这 情况 学生 有 喝,老师 为 有 他 情况 学生 自己 骄傲
S004573_P0000_T00,看 祖国 发展 我 民族 自己 骄傲,看 国 发展 我 民族 自己 骄傲,看 发展 我 民族 自己 骄傲,看 祖国 发展 我 民族 自己 骄傲,你 自己 努力 发展 国 民族 不好 自己 骄傲,看 祖国 发展 我 人 自己 骄傲
S004577_P0003_T00,足球 爱好 对 中国 足球 成绩 感觉 自己 卑,足球 爱好 为 中 男 养 成绩 感觉 到 自己 卑,足球 爱好 为 中 男 养 成绩 感觉 自己 卑,足球 爱好 为 中 男 养 成绩 感觉 到 自己 卑,公司 爱好 为 中国 工作 感觉 自己 卑,足球 爱好 为 中 男 养 成绩 感觉 自己 卑
S004577_P0008_T00,足球 爱好 对 中国 足球 成绩 感觉 自己 卑,南 爱好 对 中国 男 踢足球 成绩 感觉 到 自己 卑,爱好 对 中国 男 踢足球 成绩 感觉 到 自己 卑,爱好 对 中国 男 踢足球 成绩 感觉 到 自己 卑,爱好 对 你 想 踢足球 成绩 感觉 自己 卑,踢足球 爱好 好 对 中国 男 踢足球 成绩 感觉 自己 卑
S004587_P0000_T00,他 通过 努力 战斗 成功 自己 卑 精神,他 通过 自己 成功 自己 卑 精神,他 通过 自己 战斗 成功 自己 卑 精神,他 通过 自己 战斗 成功 自己 卑 精神,他 一直 自己 战斗 成功 自己 情感 神,他 通过 自己 战争 成功 自己 卑 精神
S004587_P0003_T00,他 通过 努力 战斗 成功 自己 卑 精神,他 通过 努力 战争 成功 自己 卑 精神,他 通过 努力 战争 成功 自己 卑 精神,他 通过 努力 战争 成功 自己 卑 精神,他 通过 努力 战 成功 自己 卑,他 通过 努力 战争 成功 自己 教
S004603_P0003_T00,说 你 为 这 面 试 做 好了 什么 准备,说 你 为 这 面 做 什么 准备,说 你 为 这 面 做 什么 准备,说 你 为 这 面 做 什么 准备,说 你 为 你 面 做 晚上 准备,说 你 为 这 面 做 快递 他 准备
S004603_P0008_T00,说 你 为 这 面 试 做 好了 什么 准备,说 你 为 这 面 试 做 什么 好了 什么 准备,说 你 为 这 面 试 做 什么 好了 什么 准备,说 你 为 这 面 试 做 什么 好了 什么 准备,说 是 为 这 苹果 做 来 还 不好 准备,说 你 为 这 面 试 做 什么 好了 什么 小 准备
S004605_P0008_T00,他 努力 追求 自己 喜欢 女,他 努力 追求 要求 自己 愿意 女,他 努力 追求 自己 愿意 女,他 努力 追求 自己 愿意 女,他 来 追 追求 自己 喜欢 糖,他 努力 追求 自己 愿意 女
S004633_P0003_T00,你 今天 健康 情况 多 好,你 今天 健康 情况 多 好,你 今天 健康 情况 多 好,你 今天 健康 驾驶 情况 多 好,你 今天 驾驶 情况 好,你 今天 健康 情况 好
S004636_P0003_T00,你 他 工作 小 卖 买 钱 不 多,这 工作 法律 买卖 钱,这 工作 法律 买卖 钱,这 工作 卖 买卖 钱 给,这 工作 法律 买卖 钱,这 他 工作 卖 给
S004636_P0008_T00,你 他 工作 小 卖 买 钱 不 多,这 他 工作 小 买卖 钱 少,这 他 工作 小 买卖 买 钱,这 他 工作 小 买卖 钱 少,他 工作 买卖 买 钱,这 他 工作 小 买卖 买 小
S004640_P0003_T00,我 赚 钱 不 多 足够,我 赚 钱 不 多 足够,我 赚 钱 不 多 足够,我 赚 钱 不 多 足够,我 赚 钱 不 多 是,我 赚 钱 不 多 足够
S004640_P0008_T00,我 赚 钱 不 多 足够,我 赚 钱 不 多 足够,我 赚 钱 不 多 足够,我 赚 钱 不 多 足够,我 赚 钱 不 多 自然,我 赚 钱 不 多 足够
S004643_P0000_T00,上 月 我 公司 干净 赚 1 百 万,上 月 公司 清楚 赚 他 万,上 月 公司 清楚 赚 百 万,上 月 我 公司 清楚 赚 万,他 月 公司 写 赚 变化,上 说 我 公司 清楚 十 1 百 万
S004652_P0000_T00,大 公司 花 钱 多 万 买 人 力 管理 系统,大 公司 问 钱 万 买 人 力 管理 系统,大 公司 花 钱 万 买 人 力 管理 系统,公司 花 钱 1 买 人 力 管理 系统,公司 花 钱 旧 买 人 管理 系统,大 公司 花 钱 黄 万 买 人 力 管理 系统
S004652_P0008_T00,大 公司 花 钱 多 万 买 人 力 管理 系统,大 公司 花 钱 多 万 买 人 力 管理 系统,大 公司 花 钱 多 万 买 人 力 管理 系统,大 公司 花 钱 多 万 买 人 力 管理 系统,大 公司 借款 钱 有 买 人 只 管理 系统,大 公司 车 花 钱 多 万 买 人 力 管理 系统
S004664_P0000_T00,我 最 大 遗憾 是 没有 好 陪 爷爷,我 最 遗憾 是 没有 好 陪 瘦,我 最 遗憾 是 没有 好 陪 瘦,我 最 遗憾 是 没有 好 陪 爷爷,我 最 大 遗憾 你 没有 我 陪 要,我 最 遗憾 是 没有 好 陪 爷爷
S004671_P0003_T00,妈妈 说 人 生 总 有 1 点 遗憾 好 美丽,妈妈 说 人生 生 有 点 遗憾 多 美丽,妈妈 说 人 人生 有 点 遗憾 多 美丽,妈妈 说 人生 有 点 遗憾 多 美丽,妈妈 说 人 人生 有 小 遗憾 美丽,妈妈 说 人 人生 有 点 遗憾 多 美丽
S004677_P0000_T00,世界 上 没有 后悔 药,世界 1 没有 后悔 药,世界 1 没有 后悔 作弊,世界 上 没有 后悔 作弊,世界 1 不 后悔 多,世界 1 没有 后悔 作弊
S004677_P0008_T00,世界 上 没有 后悔 药,世界 1 没有 后悔 药 吃,世界 1 没有 后悔 药 吃,世界 1 没有 后悔 药 吃,世界 上 没有 后悔 药 吃,世界 1 没有 后悔 没有 药 吃
S004681_P0003_T00,我 心 想 久 东西 突然 下 我 后悔 昨天 为什么 不 买,我 心 东西 突然 我 后悔 昨天 为什么 不 买,我 心 东西 突然 我 后悔 昨天 年 不 买,我 心 想 东西 突然 我 后悔 过去 年 不 买,我 心 东西 记录 后悔 50 昨天 就 买,我 担心 音乐 东西 突然 我 后悔 昨天 年 不 买
S004681_P0008_T00,我 心 想 久 东西 突然 下 我 后悔 昨天 为什么 不 买,我 心 想 多 东西 突然 我 后悔 昨天 为什么 不 买,我 心 想 多 东西 突然 我 后悔 昨天 为什么 不 买,我 心 想 多 东西 突然 我 后悔 昨天 年 不 买,我 心 想 快 东西 突然 减 我 后悔 昨天 为什么 买,我 心 想 多 东西 突然 解决 我 后悔 昨天 为什么 不 买
S004686_P0008_T00,后悔 没用 想 怎么 增加 救,后悔 没用 想 打 增加 救,后悔 没用 想 打 增加 救,后悔 没用 想 打 增加 救,后悔 我 想 好了 增加 救,后悔 没用 想 打 增加 救
S004692_P0003_T00,我 道歉 我 不好 谁,我 喝 道歉 我 不好 谁,我 喝 道歉 我 不好 谁,我 喝 道歉 我 不好 谁 默,我 道歉 我 害羞,我 喝 道歉 我 不好 谁
S004692_P0008_T00,我 道歉 我 不好 谁,我 道歉 我 不好 谁,我 道歉 我 不好 谁,我 道歉 我 不好 谁,我 道歉 我 沉默,我 道歉 我 不好 谁
S004699_P0000_T00,主动 道歉 不是 弱 是 勇敢,主动 道歉 不是 弱 是 勇敢,主动 道歉 不是 弱 是 勇敢,主动 道歉 不同 弱 是 勇敢,主动 道歉 重要 要 勇敢,主动 道歉 不是 弱 是 勇敢
S004699_P0008_T00,主动 道歉 不是 弱 是 勇敢,主 主动 道歉 不是 弱 是 勇敢,主 主动 道歉 不是 弱 是 勇敢,主 主动 道歉 不是 弱 是 勇敢,主动 道歉 重要 这 英雄,主 道歉 不是 弱 是 勇敢
S004701_P0003_T00,原来 不是 你 错误 为什么 要 跟 我 道歉,原来 不是 你 错误 为什么 要 跟 我 道歉,原来 不是 你 错误 为什么 要 我 道歉,原来 不是 你 错误 为什么 要 我 道歉,昨天 不是 错误 在 他 跟 道歉,原来 不是 你 错误 为什么 要 我 道歉
S004711_P0000_T00,这 事物 全部 有 这 在 道理,这 事物 全部 有 这 道理,这 事物 东西 全部 有 这 道理,这 事物 全部 有 这 道理,这 事物 东西 全部 有 3 道理,这 事情 事物 东西 全部 有 这 道理
S004711_P0007_T00,这 事物 全部 有 这 在 道理,这 事物 全部 有 道理,这 事物 全部 有 道理,这 事物 全部 有 道理,这 事物 全部 有 道理,这 事物 全部 有 道理
S004729_P0007_T00,我 手机 地铁 偷,我 手机 地铁 偷,我 手机 地铁 偷,我 手机 地铁 偷,我 手机 地铁 钱,我 手机 地铁 偷
S004743_P0000_T00,传统 地图 书 今天 电子 地图 慢 慢 趋势,传统 地图 书 今天 电子 地图 可以,历史 地图 书 今天 电子 地图 可以,历史 地图 书 今天 电子 地图 可以 没,历史 地图 书 今天 电 地图 看,外 历史 地图 书 今天 电子 地图 慢
S004743_P0007_T00,传统 地图 书 今天 电子 地图 慢 慢 趋势,跳舞 地方 书 今天 电 地方 趋势,历史 地方 书 今天 电 地方 趋势,历史 地方 书 今天 电 地方 趋势,跳舞 计划 书 今天 电 地方 趋势,传统 地方 书 今天 电 地方 趋势
S004752_P0003_T00,问 问 城市 地图 在 哪 买,问 城市 地方 在 什么 买,问 城市 地方 在 什么 买,问 城市 地方 在 什么 买,多少 城市 地方 年 什么 道理,问 城市 地图 在 什么 买
S004754_P0000_T00,封面 书 皮肤 质量 好,封面 书 皮肤 质量 好,封面 书 皮肤 质量 好,封面 书 皮肤 质量 好,封面 书 皮肤 质量 好,封面 书 皮肤 质量 好
S004754_P0007_T00,封面 书 皮肤 质量 好,封面 书 皮肤 质量 好,封面 书 皮肤 质量 好,封面 书 皮肤 质量 好,封面 各种 设计 质量,封面 书 质量 好
S004755_P0007_T00,书 封面 内容 足够 多,书 封面 足够,书 封面 足够,书 封面 足够,书 封面 管理,书 封面 带 足够
S004769_P0007_T00,冬天 春天 感冒 引起 简单,冬天 春天 感冒 简单,冬天 春天 感冒 简单,冬天 春天 感冒 简单,冬天 春天 感冒 简单,冬天 春天 近 感冒 简单
S004776_P0000_T00,外国 留 学 不 1 定 人 生 1 选择 题目,外国 公 学 不 必须 人 人生 选择 1 题目,外国 学 不 必须 人生 选择 1 项目,外国 学 不 必须 人 人生 选择 1 项目,外国 学 不 必须 人 选择 1 到 字,外国 学 不 必须 人生 选择 1 项目
S004798_P0003_T00,什么 多 日期 你 不 好 好 选择 选择 自己 喜欢 数 7,多 日期 你 不 选择 自己 愿意 打算 2,多 日期 你 不 选择 自己 愿意 打算,多 日期 你 好 选择 自己 愿意 打算 钱,多 日期 是 什么 选择 超市 喜欢 数 课,多 日期 你 不 好 选择 自己 愿意 打算
S004798_P0007_T00,什么 多 日期 你 不 好 好 选择 选择 自己 喜欢 数 7,什么 多 日期 你 好 选择 自己 愿意 打算 2,什么 多 日期 你 好 选择 自己 愿意 打算,什么 多 日期 你 好 选择 自己 愿意 打算,什么 要 日期 什么 好 选择 我 自己 愿意 打算,什么 多 日期 你 不 好 选择 自己 愿意 估计
S004804_P0007_T00,这 签名 片子 做 丑 要 还 新 做,这 签名 片子 工作 丑 要 还 新 做,这 签名 片子 工作 丑 要 新 做,这 签名 片子 做 丑 要 还 新 做,这 签名 片子 工作 美丽 做,这 签名 片子 做 丑 要 新 做
S004808_P0000_T00,交流 交流 老板 2 老板 换 签名 片子,老板 2 老板 签名 片子,交流 老板 2 老板 换 签名 片子,交流 老板 2 老板 做 签名 片子,交流 好 还有 老板 换 签名 片子,老板 2 老板 做 签名 片子
S004808_P0007_T00,交流 交流 老板 2 老板 换 签名 片子,交流 2 老板 抱 签名 片子,交流 2 老板 抱 签名 片子,交流 2 老板 抱 签名 片子,交流 他 安全 抱 签名 片子,交流 2 老板 抱 签名 片子
S004839_P0000_T00,学 是 开 知识 大 门 钥匙,学 是 开 知识 关闭,学 是 开 知识 关闭,学 是 开 知识 关闭 这,学 是 开 关闭,学 是 开 知识 关闭 钥匙
S004839_P0003_T00,学 是 开 知识 大 门 钥匙,学 是 开 知识 大 门 钥匙,学 是 开 知识 门 钥匙,学 是 开 知识 大 门 钥匙,学 是 警察 关闭 钥匙,学 是 开 知识 门 钥匙
S004849_P0000_T00,工 厂 因为 钱 缺少 失败,工 工资 钱 缺少 失败,工 工资 钱 缺少 失败,工 因为 钱 缺少 失败,工 人 因为 钱 存 增加 决定,工 人 工资 钱 缺少 失败
S004858_P0000_T00,你 房子 有 什么 一些 远 亲属,你 房子 有 什么 小 远 亲属,你 房子 有 什么 小 远 亲属,你 房子 有 什么 小 远 亲属,房子 有 什么 钱 多 远 亲属,你 房子 有 什么 小 远 亲属
S004878_P0007_T00,我 过敏 吃 过 没有 所以 过敏 是 什么 样子,我 过敏 吃不消 没有 所以 不知道 是 怎么样,我 过敏 喜欢 没有 所以 不知道 过敏 是 怎么样,我 过敏 喜欢 没有 所以 不知道 过敏 是 怎么样,我 会 没有 所以 不知道 过敏 形象,我 过敏 喜欢 没有 王 不知道 过敏 是 样子
S004885_P0000_T00,动物 是 人 好 朋友 我们 应该 爱护 他们,动物 是 人 好 朋友 我们 应该 爱护 他们,动物 是 人 好 朋友 我们 应该 爱护 他们,动物 是 人 好 朋友 我们 应该 爱护,动物 人 好 朋友 我们 应该 爱护 自己,动物 是 人 好 朋友 我们 应该 爱护 环境
S004885_P0003_T00,动物 是 人 好 朋友 我们 应该 爱护 他们,动物 是 人 好 朋友 我们 应该 爱护 你们,动物 是 人 好 朋友 我们 应该 爱护 你们,动物 是 人 好 朋友 我们 应该 爱护 你们,动物 是 人 好 朋友 我们 应该 爱护 给,动物 是 人 好 朋友 我们 应该 爱护 你们
S004890_P0000_T00,如果 我们 不 爱护 地球 那 地球 会 惩罚 我们,我们 不 爱护 地球 他 世界 会 得 我们,我们 不 爱护 世界 他 世界 会 得 我们,如果 我们 不 爱护 世界 他 世界 会 我们,我们 爱护 世界 会 得 我们,如果 我们 不 爱护 世界 他 世界 会 我们
S004907_P0003_T00,他 骄傲 态度 多 他们 接触 不喜欢,他 骄傲 情况 多 他们 接触 不喜欢,他 骄傲 情况 多 他们 接触 不喜欢,他 骄傲 情况 多 他们 接触 不喜欢,这 骄傲 表现 多 他们 不喜欢,他 骄傲 多 他们 不喜欢
S004909_P0003_T00,对 身体 边 骄傲 礼貌 不懂 友谊 长 不行,对 身体 骄傲 礼貌 不会 友谊 长 不行,对 身体 骄傲 让 友谊 长 不行,对 身体 骄傲 礼貌 友谊 长 不行,对 你 骄傲 让 因为 长 不行,对 身体 骄傲 礼貌 友谊 长 不行
S004909_P0007_T00,对 身体 边 骄傲 礼貌 不懂 友谊 长 不行,对 身体 边 骄傲 礼貌 不会 友谊 长 不行,对 身体 边 骄傲 礼貌 不会 友谊 长 不行,对 身体 边 骄傲 客户 不会 友谊 长 不行,对 身体 边 医生 礼貌 好 友谊 长 不行,对 身体 骄傲 客 不会 友谊 长 不行
S004924_P0003_T00,商店 重要 是 白天 买卖,结婚 重要 是 白天,结婚 重要 是 白天 买卖,结婚 重要 是 白天 买卖,结婚 重要 是 白天 写,夫妻 重要 是 白天 买卖
S004924_P0007_T00,商店 重要 是 白天 买卖,店 重要 是 白天,店 重要 是 白天 商店,店 重要 是 白天 商店,商店 在 是 白天 商店,结婚 重要 是 白天 商店
S004936_P0007_T00,重复 思考 白天 事情,想 白天 事情,复习 想 白天 事情,复习 想 白天 事情,考试 难 白天 事情,复习 想 白天 事情
S004946_P0000_T00,班长 一般 会 带 动 班级 积极,班长 公平 会 带 活动 班级 温暖,班长 平 会 带 活动 班级 温暖,班长 公平 会 带 活动 班级 温暖,班级 班长 平 晚上 带 活动 班级 温暖,班长 平 会 带 活动 班级 温暖
S004946_P0003_T00,班长 一般 会 带 动 班级 积极,班长 一般 会 带 行为 班级 温暖,班长 一般 会 带 劳动 班级 温暖,班长 一般 会 带 劳动 班级 温暖,班长 一般 会 行为 班级 温暖,班长 一般 会 带 劳动 班级 温暖
S004952_P0003_T00,班长 权力 有 但是 责任 必须,班长 有 但是 负责,班长 有 但是 负责 肯定,班长 有 但是 负责 肯定,班长 有 但是 负责 肯定,班长 有 但是 负责 肯定
S004959_P0007_T00,他 看 电影 我 在 网 查询 可以 下载,他 在 电影 我 在 网 查询 可以,他 在 电影 我 在 网 查询 检查 可以,他 在 电影 我 在 网 查询 检查 可以,他 在 电影 我 在 网 查询,他 在 电影 我 在 网 查询 检查 可以
S004962_P0000_T00,他 用 APP 查询 自己 火车 多少,他 用 查询 自己 多少,他 用 查询 自己 火车 多少,他 用 你 查询 自己 火车 多少,他 用 查询 自己 火车,他 用 查询 自己 站 多少
S004962_P0007_T00,他 用 APP 查询 自己 火车 多少,他 用 我们 查询 自己 火车 多少,他 用 我们 查询 自己 火车 多少,他 用 APP 查询 自己 火车 多少,他 安全 自己 火车 钱 多少,他 用 APP 查询 自己 火车 多少
S004965_P0007_T00,老师 鼓励 同学 们 有 多 主动 查询 资料,老师 鼓励 学生 多 查询 资料,老师 鼓励 学生 多 查询 资料,老师 鼓励 学生 有 多 查询 资料,老师 鼓励 学生 多 查询 资料,老师 鼓励 学生 有 多 查询 资料
S004977_P0000_T00,这 超市 这 要 任务 这 东西 比 别 超市 便宜,这 超市 宣布 这 比 超市 便宜,他 超市 宣布 这 比 超市 便宜,他 超市 宣布 这 比 超市 便宜,他 超市 宣布 他们 超市 重要,这 超市 宣布 这 比 超市 便宜
S004983_P0003_T00,超市 24 小时 超市 不同,超市 24 超市 不同,超市 24 小时 超市 不同,超市 24 小时 超市 不同,超市 房子 超市 钱 不是 不同,超市 24 小时 超市 2 不同
S004988_P0000_T00,同学 缺点 我们 应该 帮助 不 嘲笑,同学 缺点 我们 应该 帮助 不 嘲笑,同学 缺点 我们 应该 帮助 不 嘲笑,同学 缺点 我们 应该 帮助 不 嘲笑,同学 我们 应该 帮助 不 呆,同学 缺点 我们 应该 帮助 不 嘲笑
S004988_P0007_T00,同学 缺点 我们 应该 帮助 不 嘲笑,同学 缺点 叫 我们 应该 定居 帮助 嘲笑 不,同学 缺点 什么 我们 应该 帮助 嘲笑 不,同学 缺点 什么 我们 应该 帮助 嘲笑 不,同学 什么 我们 应该 在 帮助 嘲笑 不,同学 缺点 什么 我们 应该 帮助 嘲笑 不
S004990_P0003_T00,别 人 缺点 我们 嘲笑 不 应该 看 别 人 优点,别 人 失败 嘲笑 不 要 看 别 人 像,别 人 失败 嘲笑 不 要 看 别 人 签名,别 人 失败 我 嘲笑 不 要 看 别 人,别 人 肯定 嘲笑 不 要 到 别 人 签名,别 人 失败 嘲笑 不 要 看 别 偶像
S004990_P0007_T00,别 人 缺点 我们 嘲笑 不 应该 看 别 人 优点,别 人 失败 我 嘲笑 不 要 看 别 人 优点,别 人 失败 我 嘲笑 不 要 看 别 人,别 人 失败 我 嘲笑 不 要 看 别 人 优点,别 人 肯定 要 嘲笑 不 要 看 别 人 阻拦,别 人 失败 我 嘲笑 不 我 看 别 人
S004992_P0000_T00,周围 人 嘲笑 嘲笑 他 哭,周围 人 嘲笑 他 哭,周围 人 嘲笑 他 哭,周围 人 嘲笑 他 哭,周围 人 嘲笑 他 哭,周围 人 嘲笑 他 哭
S004997_P0000_T00,圈 嘲笑 他 站 走,圈 嘲笑 他 建立 走,圈 嘲笑 他 建立 走,圈 嘲笑 他 建立 走,嘲笑 他 失败 走,圈 嘲笑 他 建立 走
S004997_P0007_T00,圈 嘲笑 他 站 走,环境 嘲笑 他 建立 走,环境 嘲笑 他 建立 走,环境 嘲笑 他 建立,环境 喝 他 签名,环境 嘲笑 他 走
S005002_P0000_T00,老师 处罚 同学 们 打扫,老师 处罚 同学 们,老师 处罚 同学 们,老师 处罚 到 同学 们,老师 处罚 不好 同学 们 弱,老师 处罚 同学 们
S005004_P0000_T00,每 人 最 不喜欢 被 处罚,每 人 最 不喜欢 被 处罚,每 人 最 不喜欢 被 处罚,每 人 最 不喜欢 被 处罚,每 人 最 一样 什么 被 处理,每 人 最 不喜欢 被 处罚
S005008_P0006_T00,他 处罚 对 女 人 来 说 重,他 处罚 对 女 人 说 重,他 处罚 对 女 人 说,他 处罚 对 女 人 说,他 处罚 好 对 女 人 说,他 处罚 是 对 女 人 说 重
S005011_P0000_T00,战争 时间 军 心 弱 要 硬 处罚,结婚 时间 军 关心 弱 要 处罚,结婚 时间 军 关心 弱 要 处罚,战斗 时间 军 关心 弱 要 处罚,结婚 时间 领导 关心 在 要 处罚,有 时间 军 弱 要 严格 处罚
S005011_P0003_T00,战争 时间 军 心 弱 要 硬 处罚,战斗 时间 学会 法律 弱 要 多 处罚,战斗 时间 军 法律 弱 要 多 处罚,战斗 时间 军 法律 弱 要 多 处理 处罚,战斗 时间 写 要 处罚,战斗 时间 期 法律 弱 要 多 处罚
S005015_P0006_T00,必须 有 处罚 必须 有 奖,必须 有 处罚 必须 有 奖,必须 处罚 必须 有 奖,必须 有 处罚 必须 有 奖,买 处罚 必须 有,必须 有 处罚 必须 有 奖
S005017_P0003_T00,这 学校 处罚 学生 硬 传遍,这 学校 处罚 学生 严格 分数,这 学校 处罚 学生 严格 分数,这 学校 处罚 学生 严格,这 学校 处罚 学生 分数,这 学校 处罚 学生 严格 传遍
S005017_P0006_T00,这 学校 处罚 学生 硬 传遍,这 学校 处罚 学生 做,这 学校 处罚 学生 严格,这 学校 处罚 学生 严格 分钟,这 学校 学生 音乐 工作 分钟,这 学校 同学 处罚 学生 严格 躲
S005022_P0000_T00,厨师 做 甜 品 这 全部 喜欢 接受 欢迎,厨师 做 品 这 全部 喜欢 接受 欢迎,厨师 做 品 这 全部 喜欢 接受 欢迎,厨师 做 品 那 全部 喜欢 接受 欢迎,厨师 做 品 全部 喜欢 接受 欢迎,厨师 做 品 这 全部 喜欢 接受 欢迎
S005022_P0006_T00,厨师 做 甜 品 这 全部 喜欢 接受 欢迎,厨师 做 品 全部 喜欢 接受 欢迎,厨师 做 全部 喜欢 接受 欢迎,厨师 做 人 全部 喜欢 接受 欢迎,去 做 全部 喜欢 接受 欢迎,厨师 做 方便 全部 喜欢 接受 欢迎
S005024_P0003_T00,厨师 工资 经济 吃饭 赚钱 提高,厨师 工资 发 饭店 方 跟 降,厨师 工资 饭店 好 跟 降,厨师 工资 发 饭店 好 他 追 降,厨师 工资 手机 饭店 增加,厨师 工资 饭店 做 好 他 跟 涨
S005025_P0003_T00,这 电影 反 什么 厨师 工作 吃 好 过程,这 电影 什么 炒 工作 好 故事,这 电影 什么 厨师 工作 吃 故事,这 电影 什么 厨师 工作 吃 好 故事,你 这 什么 厨师 工作 手机 故事,这 电影 什么 炒 工作 吃 好 故事
S005025_P0006_T00,这 电影 反 什么 厨师 工作 吃 好 过程,这 电影 反 什么 炒 厨师 工作 故事,这 电影 反 什么 炒 厨师 工作 故事,这 电影 反 什么 炒 厨师 工作 好 故事,这 电影 变 什么 厨师 工作 告诉 故事,这 电影 反 什么 炒 工作 谁 故事
S005034_P0000_T00,通过 这 方法 刺激 脑,可以 通过 这 方法 刺激 脑,可以 通过 这 方法 刺激 想,可以 通过 这 方法 刺激 想,通过 方法 刺激 前 差点,可以 通过 这 方法 刺激 脑
S005040_P0003_T00,人 对 刺激 刺激 精神 会 做 反应,人 对 刺激 会 反应,人 对 刺激 会 反应,人 对 刺激 会 反应,人 对 刺激 会 反应,对 刺激 会 反应
S005040_P0006_T00,人 对 刺激 刺激 精神 会 做 反应,人 全部 刺激 积累 会 工作 反,人 全部 刺激 精神 会 工作 反,人 全部 刺激 精神 会 工作 反,人 全部 刺激 会 工作,人 全部 精神 会 工作 不
S005053_P0006_T00,他 是 聪明 活泼 可爱 农村 孩子,他 是 聪明 活 明 可爱,他 是 聪明 明 可爱,他 是 聪明 明 可爱,他 是 聪明 你 明 爱-1 走,他 是 聪明 活 爱 孩子
S005064_P0006_T00,他 认为 自己 知道 全部 问题 答案,他 认为 自己 感觉 全部 问题 答案,他 认为 自己 感觉 全部 问题 答案,他 认为 自己 感觉 全部 问题 答案,他 认为 自己 感觉 全部 问题 答案,他 认为 自己 感觉 全部 问题 答案
S005065_P0003_T00,他 着急 要 知道 答案,他 着急 要 懂 回答,他 着急 要 懂 回答,他 着急 要 知道 答案,他 着急 要 感觉 回答,他 着急 要 懂 回答 答案
S005069_P0003_T00,抄 别 人 答案 是 违反,抄 外 别 人 答案 是 违反,抄 别 人 答案 是 违反,抄 别 人 答案 是 违反,尊重 别 人 答案 是 作弊,总结 别 人 答案 是 违反
S005069_P0006_T00,抄 别 人 答案 是 违反,期 别 人 答案 是 违反,别 人 答案 是 违反,别 人 答案 是 违反,各 别 人 答案 是,社会 别 人 答案 是 违反
S005075_P0006_T00,这 书 封面 破坏,这 书 封面 破,这 书 封面 破,你 书 封面 破,这 书 封面 破,你 书 封面 破
S005080_P0000_T00,手机 可以 研究 封面 美丽 软件,手机 可以 研究 封面 美丽 软件,手机 可以 研究 封面 美丽 软件,手机 可以 研究 封面 美丽 软件,手机 研究 封面 美丽 软件,手机 可以 研究 封面 美丽 软件
S005080_P0003_T00,手机 可以 研究 封面 美丽 软件,手机 可以 研究 封面 美丽 软件,手机 可以 研究 封面 美丽 软件,手机 可以 研究 封面 美丽 软件,手机 试 研究 封面 美丽 软件,手机 可以 研究 封面 美丽 软件
S005096_P0006_T00,想 要 健康 吸烟 不,想 身体 健康 吸烟 不,想 健康 吸烟 不,想 身体 健康 吸烟 不,明天 健康 吃 不,想 要 健康 吸烟 不
S005110_P0000_T00,冬天 减肥 不 热 胖,冬天 减肥 不 热,冬天 减肥 不 热,冬天 减肥 不 热,冬天 减肥 不 警察,冬天 减肥 不 热
S005110_P0003_T00,冬天 减肥 不 热 胖,冬天 减肥 不 热 大学,冬天 减肥 不 热 大学,冬天 减肥 不 热 大学,冬天 大 减肥 好 热 大学,冬天 减肥 不 热
S005112_P0000_T00,心 不好 火锅 吃 解决 如果 还 不行 还 吃 火锅,心 不好 火锅 吃 解决 如果 还 不行 还 吃 火锅,心 不好 火锅 吃 解决 如果 还 不行 还 吃 火锅,心 不好 火锅 吃 解决 如果 还 不行 还 吃 火锅,心 火 吃 解决 如果 还 吃 火锅,心 不好 危险 吃 解决 如果 还 不行 还 吃 火锅
S005112_P0006_T00,心 不好 火锅 吃 解决 如果 还 不行 还 吃 火锅,心 火锅 吃 解决 如果 还 不行 还 吃 火锅,心 危险 吃 解决 如果 还 不行 还 吃 火锅,心 火锅 吃 解决 如果 还 不行 还 吃 火锅,心 火 吃 解决 我 还 吃 火锅,心 不好 危险 吃 说谎 还 不行 还 吃 火锅
S005113_P0003_T00,找 女 朋友 是 今天 我 最 大 目标,看 女 朋友 是 今天 最 大 准确,看 女 朋友 是 今天 最 大 准确,看 女 朋友 是 今天 最 大 准确,看 女 朋友 是 今天 最 大 标志,找 女 朋友 是 今天 最 准确
S005113_P0009_T00,找 女 朋友 是 今天 我 最 大 目标,找 女 朋友 是 今天 最 大 准确,你 女 朋友 是 今天 最 大 准确,你 女 朋友 是 今天 最 大 正确,你 女 朋友 是 今天 最 大 标准,我 女 朋友 是 今天 最 大
S005114_P0003_T00,说 恋爱 钱 花 时间 花 不 必须 得,说 恋爱 时间 花钱 钱 花钱 得,说 恋爱 时间 花钱 钱 花 不 得,说 恋爱 时间 花钱 钱 花 得,你 恋爱 时间 花钱 这 花 不 得,说 恋爱 时间 花钱 钱 花 得
S005114_P0006_T00,说 恋爱 钱 花 时间 花 不 必须 得,说 恋爱 钱 花钱 时间 花 必须 得,说 恋爱 钱 花钱 时间 花 必须 得,说 恋爱 钱 花钱 时间 花 必须 得,这 恋爱 钱 花 时间 不 必须 得,说 恋爱 钱 花钱 时间 必须 得
S005118_P0000_T00,感冒 药 可以 帮助 你 减,感冒 药 可以 帮助,感冒 药 可以 帮助,感冒 药 可以 帮助,感冒 药 可以 帮助,感冒 药 可以 帮助
S005118_P0003_T00,感冒 药 可以 帮助 你 减,感冒 药 帮助 你 会,感冒 药 可以 帮助 你 会,感冒 药 帮助 你 会,感冒 药 帮助,感冒 药 可以 帮助 你 会
S005120_P0003_T00,感冒 发烧 什么 是 你 因为 感冒 引起 发烧,感冒 热 是 什么 是 引起 热,感冒 热 是 什么 是 发烧,感冒 热 是 什么 是 引起 发烧,感冒 吃 是 什么 是 爱-1 会,感冒 热 是 什么 是 上 发烧
S005120_P0006_T00,感冒 发烧 什么 是 你 因为 感冒 引起 发烧,感冒 发烧 是 什么 是 你 因为 感冒 发烧,感冒 发烧 是 什么 是 你 因为 感冒 发烧,感冒 发烧 是 什么 是 你 因为 感冒 发烧,感冒 帽子 是 什么 是 吃 因为 感冒 发烧,感冒 发烧 是 什么 是 你 先 感冒 发烧
S005131_P0003_T00,第一 到 外国 外国 感觉 好 奇怪,第一 到 外国 感觉 奇怪,第一 到 外国 感觉 奇怪,第一 到 外国 感觉 奇怪,拿 外国 感觉,第一 到 外国 感觉 奇怪
S005131_P0009_T00,第一 到 外国 外国 感觉 好 奇怪,第一 去 外国 感觉 奇怪,第一 去 外国 感觉 奇怪,第一 去 外国 感觉 奇怪,第一 外国 可以 到 认为,第一 去 外国 感觉
S005145_P0003_T00,孩子 他们 表情 是 他们 最 真 感觉,孩子 样子 是 对 他 感觉 最 真,孩子 样子 是 对 他 感觉 最 真,孩子 样子 是 对 他 感觉 最 真,孩子 他们 样子 可以 对 这 感觉 最 真,孩子 样子 是 对 他 感觉 最 真
S005145_P0006_T00,孩子 他们 表情 是 他们 最 真 感觉,孩子 他们 表情 他 最 真 感觉,孩子 他们 表情 他 最 真 感觉,孩子 他们 表情 他 最 真 感觉,孩子 他们 表情 道理 这 人 感觉,孩子 他们 表情 看 最 真 感觉
S005162_P0000_T00,工资 差不多 好 可以 吸引 劳动 人 还 可以 鼓励 劳动 人,工资 差不多 好 可以 点 劳动 人 还 可以 鼓励 劳动 人,工资 差不多 好 可以 钱 劳动 人 还 可以 鼓励 劳动 人,工资 差不多 好 可以 劳动 人 还 可以 鼓励 人,工资 什么 可以 钱 劳动 人 鼓励 人,工资 差不多 好 可以 劳动 人 还 可以 鼓励 劳动 人
S005162_P0006_T00,工资 差不多 好 可以 吸引 劳动 人 还 可以 鼓励 劳动 人,工资 差不多 好 可以 点 劳动 人 还 可以 鼓励 劳动 人,工资 差不多 好 可以 钱 劳动 人 还 可以 鼓励 劳动 人,工资 差不多 好 可以 钱 劳动 人 还 可以 鼓励 劳动 人,有 多 好 可以 钱 劳动 人 还 鼓励 人,工资 差不多 好 可以 钱 劳动 人 还 可以 鼓励 劳动 人
S005184_P0003_T00,这 故障 我们 有 各种 方法,这 故障 有 不同 方法,这 故障 我 各种 方法,这 故障 我 有 各种 方法,他 故障 我 不同 各种 方法,这 故障 我 有 各种 方法
S005184_P0006_T00,这 故障 我们 有 各种 方法,这 故障 我们 各种 方法,这 故障 我们 有 各种 方法,这 爆炸 我们 有 各种 方法,这 组 我们 多 各种 方法,这 爆炸 我们 有 各种 方法
S005186_P0000_T00,王 师傅 技术 高 故障 什么 全部 修 可以,王 技术 高 什么 全部 变 可以,王 技术 高 故障 什么 全部 变 可以,王 技术 高 故障 什么 全部 修 可以,王 技术 高 组 全部 不懂 承诺,王 老师 技术 高 故障 什么 全部 变 可以
S005186_P0003_T00,王 师傅 技术 高 故障 什么 全部 修 可以,王 老师 技术 高 什么 故障 什么 全部 改变 好,王 老师 技术 高 什么 故障 他 全部 改变 好,王 老师 技术 高 什么 故障 他 全部 改变 好,王 老师 技术 高 这 发生 全部 可以 中国 好,王 师傅 技术 高 什么 故障 全部 改变 好
S005197_P0006_T00,一般 人 身体 手指 关节 弱,一般 人 身体 关节 弱,一般 人 身体 关节 弱,一般 人 身体 手指 弱,一般 人 车 弱,一般 人 身体 运动 弱
S005197_P0009_T00,一般 人 身体 手指 关节 弱,一般 人 身体 弱,一般 人 身体 关节 弱,一般 人 身体 弱,一般 人 身体 规定,一般 身体 关节 弱
S005211_P0003_T00,商业 广告 大 部分 在 网 要求 客 人 买 付 全部 在 网,商店 广告 全部 上 要 要求 人们 接触 全部 用 网 上,商店 广告 全部 上 要 要求 人们 人 全部 用 网 上,商店 广告 全部 上 要 要求 人们 人 接触 全部 用 网 上,商店 广告 全部 里 上 要 要求 人们 人 最 里,商店 广告 全部 上 要 要求 人们 人 全部 用 网 上
S005211_P0009_T00,商业 广告 大 部分 在 网 要求 客 人 买 付 全部 在 网,商业 部分 网 要 要求 今天 人 付 全部 网,广告 大 部分 网 要求 今天 人 付 全部 网,大 部分 网 要求 今天 人 付 全部 网,学生 广告 部分 网 要求 今天 人 全部 网,做 广告 大 部分 网 要求 客 人 付 全部 网
S005213_P0000_T00,广告 必须 先 里 宣传,广告 必须 先 里 宣传,广告 必须 先 里 宣传,广告 必须 先 里 宣传,广告 必须 先 日期 宣传,广告 必须 先 里 宣传
S005213_P0003_T00,广告 必须 先 里 宣传,广告 必须 登记 在 宣布,广告 必须 在 里 宣布,广告 必须 在 里 宣布,广告 发送 在 里 广告,广告 必须 在 买 宣布 宣传
S005226_P0003_T00,今天 核磁共振 方法 各种 有 电 核磁共振 有 共 核磁共振 各种,今天 核磁共振 方法 各种 有 情况 核磁共振 有 核磁共振 各种,今天 核磁共振 方法 各种 有 这样 核磁共振 有 核磁共振 各种,今天 核磁共振 方法 各种 有 经验 核磁共振 有 共 核磁共振 各种,今天 核磁共振 但是 各种 有 这样 核磁共振 有 火车 核磁共振,今天 核磁共振 方法 各种 有 电 核磁共振 有 联系 核磁共振 各种
S005226_P0009_T00,今天 核磁共振 方法 各种 有 电 核磁共振 有 共 核磁共振 各种,原来 用 核磁共振 方法 多 种 有 电 核磁共振 有 分 各种,原来 用 核磁共振 方法 多 种 有 电 核磁共振 有 各种,原来 用 核磁共振 方法 多 种 有 电 核磁共振 有 各种,钱 用 核磁共振 方法 有 种 什么 核磁共振 共产党 核磁共振 不同,原来 用 核磁共振 方法 多 有 电 核磁共振 有 各种
S005231_P0000_T00,这 中 心 用 好 核磁共振 检查 食物 里 东西 什么,这 妈妈 心 用 增加 核磁共振 检查 查询 东西 里 东西,这 妈妈 心 用 最 核磁共振 检查 查询 资料 里 东西,这 妈妈 心 用 最 核磁共振 查询 东西 里 东西 什么,你 心 流 极限 核磁共振 检查 查询 资料 里 东西,这 妈妈 心 用 最 核磁共振 检查 查询 东西 里 东西 什么
S005231_P0006_T00,这 中 心 用 好 核磁共振 检查 食物 里 东西 什么,这 中心 心 用 先 进步 核磁共振 得 这 吃 东西 里 东西,这 中心 心 用 先 进步 核磁共振 检查 得 这 吃 东西 里 好 东西,这 中心 用 先 进步 核磁共振 检查 得 这 吃 东西 里 好 东西,这 中心 心 先 进步 核磁共振 检查 得 东西,这 中心 先 进步 核磁共振 检查 得 你 吃 东西 里 好 东西
S005233_P0000_T00,红包 在 传统 意思 什么 是 年龄 钱,红包 在 道理 什么 是 年龄 钱,红包 在 道理 什么 是 年龄 钱,红包 在 道理 什么 是 年龄 钱,红包 传统 什么 祝福,红包 在 传统 道理 什么 是 年龄 钱
S005233_P0009_T00,红包 在 传统 意思 什么 是 年龄 钱,红包 在 传统 什么 是 祝福 钱,红包 在 历史 是 祝福 钱,红包 在 历史 道理 什么 是 祝福 钱,红包 历史 祝福,红包 在 传统 是 祝福 钱
S005248_P0003_T00,今天 网 红包 画画 多 各种,今天 网 上 红包 画画 各种 多,今天 网 上 红包 画画 各种 多,今天 网 上 红包 画画 有 各种 多,今天 买 1 红包 买 各种 多,今天 网 上 红包 画画 各种 多
S005248_P0009_T00,今天 网 红包 画画 多 各种,今天 网 红包 画画 多 各种,今天 网 红包 多 各种,今天 网 红包 多 各种,今天 上网 红包 各种,今天 网 红包 多 各种
S005274_P0000_T00,我们 要 知道 技术 会 管理 干部,我们 要 知道 技术 会 管理 干部,我们 要 知道 技术 会 管理 干部,我们 要 知道 技术 会 干部,我们 要 知道 技术 晚上 完成 工 人,我们 要 知道 技术 会 管理 干部
S005274_P0003_T00,我们 要 知道 技术 会 管理 干部,我们 要 知道 技术 会 干部,我们 要 知道 技术 会,我们 要 知道 技术 又 会 干部,我们 要 知道 技术 你 会 完成,我们 要 知道 技术 还 会 负责 人
S005276_P0000_T00,用 新 技术 降 花钱,我 新 技术 降 花,我 新 技术 降 花,我 新 技术 降 花,我 新 艺术 降 花钱,我 新 技术 降 花
S005276_P0009_T00,用 新 技术 降 花钱,我 新 技术 降 花钱,我 新 技术 降,我 新 技术 降 花钱,我 以前 技术 降,我 新 技术 降 蛋糕
S005281_P0003_T00,我们 努力 发展 科学 技术 努力 发展 好 国家 达到,我们 努力 发展 科学 技术 努力 发展 国家 房子 搬,我们 努力 发展 科学 技术 努力 发展 国家 房子 搬,我们 努力 发展 大 科学 技术 努力 发展 国家 搬,我们 努力 发展 科学 技术 努力 发展 我 房子 搬,我们 努力 发展 科学 技术 努力 发展 国家 搬
S005281_P0006_T00,我们 努力 发展 科学 技术 努力 发展 好 国家 达到,我们 努力 发展 科学 技术 努力 发展 好 达到 国家,我们 努力 发展 科学 技术 努力 发展 好 达到 国家,我们 努力 发展 科学 技术 努力 发展 好 达到 国家,我们 努力 发展 科学 技术 努力 发展 达到 国家,我们 努力 发展 科学 技术 努力 发展 好 达到 国家
S005288_P0006_T00,每 节日 有 亲属 到 军 队 看,每 节日 有 亲属 到 军 手语 看,每 节日 有 亲属 到 学 手语 看,每 节日 有 亲属 到 学 医院 看,每 节日 亲属 到 学 手语 翻译,每 节日 有 亲属 到 医院 看
S005288_P0009_T00,每 节日 有 亲属 到 军 队 看,每 节日 亲属 去 军 队 看,每 节日 亲属 去 军 队 看,每 节日 有 亲属 去 军 队 看,每 2 节日 亲属 吃 队 小,每 节日 有 亲属 去 军 队 看
S005294_P0003_T00,哥哥 自己 辞职 自己 建立 1 公司,哥哥 辞职 自己 建立 公司,哥哥 辞职 自己 建立 公司,哥哥 辞职 自己 建立 公司,哥哥 辞职 自己 发送 公司,哥哥 辞职 自己 赚 公司
S005294_P0009_T00,哥哥 自己 辞职 自己 建立 1 公司,哥哥 自己 辞职 自己 建立 公司,哥哥 自己 付出 自己 建立 公司,哥哥 自己 付出 自己 建立 公司,哥哥 自己 付出 自己 得 是 公司,哥哥 自己 付出 自己 建立 公司
S005295_P0000_T00,遇到 不幸 亲属 每 哭 哭 难过,遇到 倒霉 亲属 每 哭,遇到 倒霉 亲属 每 哭 难过,遇到 倒霉 亲属 他 哭 难过,遇到 领导 喜欢 每 哭,跟 倒霉 亲属 每 哭 难过
S005295_P0006_T00,遇到 不幸 亲属 每 哭 哭 难过,遇到 倒霉 亲属 每 苦 难过,遇到 倒霉 亲属 每 辛苦 难过,遇到 倒霉 亲属 每 辛苦 难过,遇到 倒霉 亲属 恶心,遇到 倒霉 亲属 每 辛苦 难过
S005306_P0009_T00,我 做 兼职 文 员工 想 难,我 工作 兼职 找 员工 感觉 难,我 工作 兼职 找 员工 难,我 工作 兼职 找 员工 想 难,我 工作 兼职 难,我 工作 兼职 文 员工 难
S005319_P0009_T00,网站 兼职 他 网 上 多,网站 兼职 上 上网 多,网站 兼职 上 上网 多,网站 兼职 1 上网 多,网站 站 兼职 上网 有 多,网站 兼职 上 上网 多
S005323_P0000_T00,计算 结果 我们 必须 要 准确,算 结果 我们 必须 要 准确,计算 结果 我们 必须 要 准确,计算 结果 我们 必须 要 正确,把 结果 我们 必须 准确,计算 结果 我们 必须 要 正确
S005323_P0006_T00,计算 结果 我们 必须 要 准确,算 结果 我们 必须 准确,算 结果 我们 必须 准确,算 结果 我们 必须 准确,走 结果 我们 肯定 草稿,算 结果 我们 必须 准确
S005344_P0000_T00,你 为 这 事情 发生 借口,为 事情 露出 借口,你 为 事情 发生 借口,为 事情 发生 借口,这 为 事情 发生 借口,你 为 事情 发生 借口
S005346_P0006_T00,我 会 不 随便 借口,我 想 随便 借口,我 想 随便 借口,我 不会 随便 借口,我 经常 随便 借口,我 知道 随便 借口
S005346_P0009_T00,我 会 不 随便 借口,我 梦想 随便 借口,我 梦想 随便 借口,我 梦想 随便 借口,我 想 随便 借口,我 梦想 随便 借口
S005347_P0000_T00,我 想 找 借口,我 找 借口,我 想 找 借口,我 想 找 借口,我 小 王,我 想 找 借口
S005347_P0009_T00,我 想 找 借口,你 想 找 借口,他 想 找 借口,你 想 找 借口,他 看 借口,他 想 找 借口
S005354_P0006_T00,我们 借 老师 成功 学 经验,我们 看 老师 成功 学 经验,我们 老师 成功 学 经验,我们 看 老师 成功 学 经验,我们 不行 老师 成功 学 经验,我们 前 老师 成功 学 经验
S005357_P0006_T00,简单 抄 外 人 经验 对 自己 帮助 没,简单 得 别 人 经验 对 自己 帮助 没有,简单 抄 别 人 经验 对 自己 帮助 没有,简单 抄 别 人 经验 对 自己 帮助 没有,简单 抄 别 人 经验 对 自己 帮助 没有,简单 抄 别 人 经验 自己 帮助 没有
S005357_P0009_T00,简单 抄 外 人 经验 对 自己 帮助 没,简单 别 人 经验 对 自己 帮助 没有,简单 别 人 经验 对 自己 帮助 没有,简单 写 别 人 经验 对 自己 帮助 没有,简单 一般 别 人 经验 对 自己 帮助 没有,简单 别 人 经验 自己 帮助 没有
S005360_P0009_T00,互相 伤害 什么 时间 这 是 以前 给 我们 经验 和 教,互相 矛盾 什么 时间 是 以前 我们 经验 和 教,互相 矛盾 什么 时间 是 以前 给 我们 经验 和 教,互相 矛盾 什么 时间 是 以前 给 我们 经验 和 教,互相 选择 是 什么 时间 给 我们 经验 和 教,互相 矛盾 什么 时间 是 以前 给 我们 经验 和 教
S005365_P0000_T00,老师 组 班 会 请 学生 们 交流 自己 学 经验,老师 组 会议 请 学生 大家 交流 自己 学 经验,老师 组 班 会议 请 学生 们 交流 自己 学 经验,老师 组 班 会议 请 学生 们 交流 自己 学 经验,要 组 参加 班 会议 请 学生 们 交流 吸取 经验,老师 组 会议 请 学生 们 大家 自己 学 经验
S005365_P0009_T00,老师 组 班 会 请 学生 们 交流 自己 学 经验,老师 组 机会 请 学生 们 大家 交流 自己 学 经验,老师 班 可以 请 学生 们 交流 自己 学 经验,老师 参加 班 会议 请 学生 们 交流 自己 学 经验,老师 参加 班 会议 请 学生 你们 交易 自己 学 经验,老师 组 团 可以 请 学生 们 交流 自己 学 经验
S005368_P0000_T00,我们 肯定 看 不 难 但是 不行 看不起 他们,我们 应该 看 不 难 但是 不行 看不起 他们,我们 应该 看 不 难 但是 不行 看不起 他们,我们 应该 看 不 难 但是 不行 看不起 他们,我们 应该 你 不 难 但是 他 孩子 看不起 自己,我们 肯定 看 不 难 但是 不行 看不起 他们
S005380_P0006_T00,你 决定 说明 你 分析 对,决定 说 全部 分 好,决定 说 全部 分 好,决定 说 全部 分 好,决定 全部 十 有,决定 说 全部 分 好
S005380_P0009_T00,你 决定 说明 你 分析 对,明 你 考试 好,说明 你 考试 好,说明 你 考试 好,全部 重要 1,说明 你 考试 好
S005394_P0000_T00,他 孩子 学 难 看 不理,他 孩子 学 难 看,他 孩子 学 难 看,他 孩子 学 难 看,孩子 学 难 看 他,他 孩子 学 难 看
S005405_P0000_T00,快递 员工 工作 多 辛苦,快递 员工 工作 多 辛苦,快递 员工 工作 多 辛苦,快递 员工 工作 多 辛苦,快递 员工 工作 忙,快递 员工 工作 多 辛苦
S005405_P0006_T00,快递 员工 工作 多 辛苦,快递 员工 工作 多 辛苦,快递 员工 工作 多 辛苦,快递 员工 工作 多 辛苦,快递 员工 工作 多 美丽,快递 员工 工作 多 辛苦
S005406_P0000_T00,快递 还 快 运 分别,快递 还 快 快递 分别,快递 还 快递 分别,快递 还 快递 分别,快递 还有 快递 分,快递 还 快 分析
S005418_P0000_T00,联系 高兴 会议 看 小 王 模仿 明星 看 笑,会议 看 模仿 明星 看 喜欢,会议 你 王 模仿 明星 看 喜欢,会议 你 小 王 模仿 明星 看 笑,同学 会议 你 从 模仿 不 喜欢,会议 看 2 王 明星 看 笑
S005418_P0009_T00,联系 高兴 会议 看 小 王 模仿 明星 看 笑,会议 伞 模仿 看 喜欢,会议 模仿 明星 看 笑,会议 模仿 明星 看 笑,模仿 男 看 笑,会议 明星 看 喜欢
S005419_P0006_T00,医生 箱子 里 有 各种 东西,里 有 各种 东西,里 各种 东西,里 各种 东西,里 各种 东西,里 有 各种 东西
S005470_P0000_T00,今天 中国 女 避孕 百 分之 1,今天 中国 女 避孕 百 分之,今天 中国 女 避孕 百 分之,今天 中国 女 避孕 百 分之,今天 中国 女 避孕 百 真,今天 中国 女 避孕 百 分之
S005470_P0009_T00,今天 中国 女 避孕 百 分之 1,今天 中国 女 避孕 分之,今天 中国 女 防止 避孕 分之,今天 中国 女 防止 避孕 分之,今天 中国 避孕 人 才,今天 中国 女 防止 避孕 真
S005496_P0006_T00,春天 开始 农民 大家 竞争 工作,春天 同学 们 大家 竞争 工作,春天 开始 同学 们 大家 竞争 工作,春天 开始 同学 们 大家 竞争 工作,春天 开始 同学 农村 大家 工作,春天 同学 们 大家 竞争 工作
S005496_P0009_T00,春天 开始 农民 大家 竞争 工作,春天 开始 农村 大家 竞争 工作,春天 开始 农村 大家 竞争 工作,春天 开始 农村 大家 竞争 工作,春天 开始 农村 大家 竞争 工作,春天 开始 农村 们 大家 竞争 工作
S005502_P0006_T00,有 权力 有 领导 骄傲 不,有 权利 有 领导 骄傲 不,有 权利 有 领导 骄傲 不,有 权利 有 领导 骄傲 不,手机 文化 有 领导 骄傲 不,有 把握 有 领导 骄傲 不
S005502_P0009_T00,有 权力 有 领导 骄傲 不,有 控制 领导 不,领导 不,控制 领导 不,这 领导 喝 不,有 控制 领导 不
S005504_P0009_T00,泡 脚 冬天 好,爆炸 冷 好,冷 好,冬天 好,冷 好,冬天 好
S005530_P0000_T00,我 爱-1 中国 共产党,我 爱-1 中国 禁止,我 爱-1 中国 共产党,我 爱-1 中国 共产党,我 爱-1 中国 共产党,我 爱-1 中国 共产党
S005530_P0006_T00,我 爱-1 中国 共产党,我 爱-1 中国 共产党,我 爱-1 中国 共产党,我 爱-1 中国 共产党,我 爱-1 中国 共产党,我 爱-1 中国 共产党
S005532_P0000_T00,我 是 国民党,我 是 国民党,我 是 国民党,我 是 国民党,我 你 国民党,我 是 国民党
S005532_P0009_T00,我 是 国民党,我 是 国民党,我 是 国民党,我 是 国民党,我 发现 国民党,我 是 国民党
S005540_P0006_T00,你 失望 你 想 高 考试 失败 努力 没有 是,你 失望 想 考试 失败 努力 没有 是,你 失望 你 想 考试 失败 努力 没有 是,你 失望 你 想 考试 失败 努力 没有 是,你 失望 想 考 失败 下 没有 是,你 失望 你 想 考试 失败 努力 没有 是
S005545_P0006_T00,我 信 卡 过期 可以 还 办理 给 我,我 信 卡 日期 过期 可以 还 办理 给 我,我 信 卡 日期 过期 可以 还 办理 给 我,我 信 卡 日期 过期 可以 还 办理 给 我,我 信 卡 日期 小时 可以 还 办理 给 我,我 信 卡 日期 过期 可以 还 办理 给 我
S005545_P0009_T00,我 信 卡 过期 可以 还 办理 给 我,我 信 卡 过期 可以 还 办理 给 我,我 信 卡 过期 可以 还 办理 给 我,我 信 卡 过期 可以 还 办理 给 我,我 信 卡 过期 办理 给 我,我 信 卡 过期 可以 还 办理 给 我
S005546_P0000_T00,根据 算 算 我 中国 年 1 年 1 打胎 1 千 3 百 万 次,根据 算 我 中国 年 1 身份证 千 万 说,根据 算 我 中国 年 1 年 身份证 千 万,根据 算 我 中国 年 1 身份证 千 万,根据 年 身份证 千 万,根据 算 我 中国 年 1 打胎 千 万
S005552_P0000_T00,承包 工程 钱 7 千 5 百 万 元 美国 抢,承包 工程 钱 千 百 万 美国,承包 工程 钱 千 百 万 美国 拿,承包 工程 钱 千 百 万 美国 拿,承包 科学 工程 钱 习惯 没有 万 美国,承包 工程 钱 经常 500 百 万 有 美国 拿
S005552_P0009_T00,承包 工程 钱 7 千 5 百 万 元 美国 抢,承包 人 建筑 钱 天 美丽,承包 人 建筑 钱 天 美丽 拿,承包 人 建筑 钱 天 美丽 拿,承包 人 工程 钱 要 法 美丽 纸,承包 建筑 钱 不 天 美丽 拿
S005572_P0009_T00,你 看不见 他 怎么 躲 可以 障碍 东西,他 今天 跟 可以 障碍 东西,他 今天 跟 可以 东西,他 蓝牙 他 今天 躲 可以 东西,他 这 接受 可以 东西,他 潜伏 可以 追求 东西
S005583_P0006_T00,做爱 时间 避孕 不 穿 安全套 不 危险,时间 避孕 不 安全套 不 危险,时间 避孕 不 安全套 不 危险,时间 避孕 不 安全套 不 危险,时间 避孕 不 危险,时间 避孕 不 安全套 不 危险
S005583_P0009_T00,做爱 时间 避孕 不 穿 安全套 不 危险,这 防止 安全套 不 危险,这 预防 安全套 不 危险,这 推荐 避孕 安全套 不 危险,你 避孕 安全套 不 危险,这 防止 预防 防止 安全套 不 危险
S005594_P0000_T00,知道 他 女 朋友 我 没有 嫉妒 说 他 坏,知道 他 女 朋友 我 没有 笑 说 不好,知道 他 女 朋友 我 没有 笑 说 不好,知道 他 女 朋友 我 没有 笑 说 不好,知道 他 女 朋友 我 发现 笑 我 嘲笑,知道 他 女 朋友 我 没有 笑 说 不好
S005607_P0006_T00,医生 会 给 你 检查 定 阑尾,医生 会 给 你 查询 肯定 阑尾,医生 给 你 检查 肯定 阑尾,医生 会 给 你 查询 肯定 阑尾,医生 给 你 查询 肯定 阑尾,医生 会 给 你 检查 必须 阑尾
S005607_P0009_T00,医生 会 给 你 检查 定 阑尾,医生 给 你 查询 必须 阑尾,医生 给 你 查询 肯定 阑尾,医生 给 你 查询 决定 阑尾,医生 给 查询 肯定 阑尾,医生 给 检查 必须 阑尾
S005613_P0000_T00,我们 做 人 自私 不行,我们 做 人 不行,我们 做 人 不行,我们 做 人 自私 不行,我们 做 人 没有,我们 工作 人 不行
S005613_P0006_T00,我们 做 人 自私 不行,我们 做 人 自私 不行,我们 做 人 自私 不行,我们 做 人 自私 不行,我们 做 人 不行,我们 做 人 自私 不行
S005630_P0009_T00,因为 房子 有 事情 李 小 姐姐 拒绝 王 小 姐姐 请,因为 事情 蓝牙 拒绝 王 请,因为 事情 蓝牙 拒绝,因为 事情 蓝牙 拒绝 王 请,因为 事情 严格 哥哥 甜 挂 买,因为 有 事情 蓝牙 拒绝 哥哥
S005648_P0000_T00,敌人 失败 算了 不行 想 还 来 不行,敌人 人 担架 好了 不行 还 来 不行,人 失败 好了 不行 还 来 不行,敌人 人 失败 好了 不行 还 来 不行,人 成熟 好了 不行 想 安全 不行,人 失败 好了 不行 还 来 不行
S005648_P0006_T00,敌人 失败 算了 不行 想 还 来 不行,人 失败 好了 不行 还 来 1 不行,人 失败 好了 不行 还 来 1 不行,人 失败 好了 不行 还 来 1 不行,人 失败 好了 不行 还 来 不行,人 失败 好了 不行 还 来 1 不行
S005664_P0009_T00,这 问题 全部 局部 情况 发生 问题,他们 全部 存 情况 发生 问题,问题 全部 存 情况 发生 问题,这 问题 全部 存 情况 发生 问题,这 什么 全部 存 情况 发生,这 问题 全部 情况 发生 问题
S005670_P0000_T00,签证 随便 做 不是,签证 证明 情况 随便 做 不同,签证 证明 成功 做 不同,签证 成功 做 不同,在 证明 情况 不同,签证 证明 随便 做 不同
S005670_P0009_T00,签证 随便 做 不是,签证 证明 情况 工作 不同,签证 证明 情况 工作 不同,签证 证明 情况 工作 不同,证明 情况 工作 不同,签证 证明 随便 做 不同
S005680_P0009_T00,这 恶心 吃 东西 我们 叫 什么 黑 东西,看 吃 东西 妈妈 黑 东西,看 吃 东西 什么 黑 东西,看 吃 东西 叫 黑 东西,看 气 东西 什么 黑 东西,看 吃 东西 我 为 黑 东西
S005694_P0009_T00,包装 钱 寄 钱 一起 5 元,包 包装 钱 信 钱 5,包装 钱 信 钱 5,包装 钱 寄 钱 5,包装 难 信,包 包装 钱 提高 钱 5
S005731_P0006_T00,道理 经常 可以 增加 知识 缺少 知识 一辈子 增加 不行 道理 缺少,道理 经常 可以 增加 最 知识 缺少 知识 一辈子 增加 不行 退 缺少,道理 经常 可以 增加 知识 缺少 知识 一辈子 增加 不行 道理 缺少,道理 经常 可以 增加 知识 缺少 知识 一辈子 增加 不行 道理 缺少,画画 衣服 可以 增加 缺少 最 知识 我 增加 不行 为什么 时间,道理 经常 可以 增加 知识 缺少 知识 面 增加 不行 道理 缺少
S005731_P0009_T00,道理 经常 可以 增加 知识 缺少 知识 一辈子 增加 不行 道理 缺少,道理 经常 可以 增加 知识 缺少 知识 增加 不行 道理 缺少,道理 经常 可以 增加 知识 缺少 知识 增加 不行 道理 缺少,道理 经常 可以 增加 知识 缺少 知识 增加 不行 道理 缺少,为什么 可以 增加 知识 温度 知识 增加 道理 抵挡,道理 经常 可以 增加 知识 缺少 知识 增加 不行 道理 缺少
S005762_P0006_T00,那 年 北京 运动会 幸运 标志 是 福气 娃娃,他 年 北京 运动会 幸好 标志 是 福气 娃娃,他 年 北京 运动会 幸好 标志 是 福气 娃娃,他 年 北京 运动会 幸好 标志 是 福气 娃娃,他 在 北京 运动会 会议 标志 是 福气,他 年 北京 运动会 可以 幸好 标志 是 幸福 福气 娃娃
S005764_P0006_T00,他 多 爱护 房子 园 1 草 1 树,多 爱护 房子 里 草 1 树,多 爱护 房子 草 1 树,多 爱护 房子 里 1 草 1 树,多 爱护 房子 环境 草 1 树,多 爱护 房子 建筑 草 树
S005797_P0000_T00,你 包 放 提前 完成 不 到 时间 整理,你 红包 提前 完成 不 到 时间 处理,你 包 预防 提前 完成 不 到 时间 处理,你 包 提前 完成 不 到 时间 处理,你 包 预防 提前 完成 我们 经常 处理,你 红包 先 提前 完成 不 到 时间 处理
S005797_P0009_T00,你 包 放 提前 完成 不 到 时间 整理,他 包 预防 提前 完成 不 时间 到 时间 处理,他 包 预防 提前 完成 不 时间 到 时间 处理,他 包 帮助 提前 完成 不 时间 到 时间 处理,这 包 防止 提前 我们 不 时间 处理,他 减 帮助 提前 完成 不 时间 到 时间 处理
S005808_P0000_T00,1 程序 写 好了 还 要 经过 重复 试,1 程序 写 好了 还 要 过程 重复 试,1 程序 写 好了 还 要 程序 重复 试,1 程序 写 好了 还 要 程序 重复 试,1 程序 写 好了 还 要 程序 重复 少,1 程序 写 好了 还 要 程序 重复 试
S005842_P0000_T00,河 南 北 沟通 长 河 大 桥,路 南 北 沟通 长江 大 桥,路 南 北 沟通 长江 大 桥,路 南 北 沟通 长江 大 桥,路 南 北 沟通 长江 桥,河 南 北 沟通 长江 大 桥
S005842_P0009_T00,河 南 北 沟通 长 河 大 桥,河 南 北 沟通 长江 大 桥,河 南 北 沟通 长江 大 桥,正 河 南 北 沟通 大 长江 大 桥,河 南 北 沟通 发 河 大 桥,河 南 北 沟通 大 社会 大 桥
S005861_P0009_T00,他 气 否认 说 好了 这 要 追 根据 哪 来,否认 说 好了 要 说 追 车 什么 来,否认 说 好了 要 说 追求 根据 什么 来,否认 说 好了 要 说 追 根据 什么 来,否认 说 好了 说 女 追求 把握 什么,否认 说 好了 要 说 追求 根据 什么 来
S005874_P0006_T00,农民 对 狗 心 爱护 结果 狗 咬,农村 对 狗 心 爱护 始终 结果 快递,农村 对 心 爱护 最后 结果 快递,农村 对 心 爱护 结果 快递,农村 对 爱护 终于 结果 完成,农村 对 狗 心 爱护 最后 结果 快递
S005880_P0000_T00,最近 有 好 日期 合适 办理 结婚 桌子,最近 有 好 日期 符合 事情 结婚,刚才 有 好 日期 符合 事情 结婚 大,刚才 有 日期 符合 事情 结婚 大,只 有 日期 符合,刚才 有 好 日期 符合 办理 结婚 大 炒
S005880_P0006_T00,最近 有 好 日期 合适 办理 结婚 桌子,昨天 1 好 多 合适 办理,昨天 好 符合 办理,昨天 1 好 多 符合 办理,昨天 要 符合 办理,昨天 说 好 合适 办理 大
S005881_P0000_T00,妈妈 办理 好了 超市 会议 员工 卡,妈妈 事情 好了 超市 员工 卡,妈妈 事情 好了 超市 员工 卡,妈妈 事情 好了 超市 员工 卡,妈妈 事情 好了 超市 保险 卡,妈妈 事情 好了 超市 员工 卡
S005892_P0000_T00,会议 房子 有 多媒体 系统,会议 房子 有 多媒体 系统,会议 房子 多媒体 系统,会议 房子 多媒体 系统,房子 多媒体 系统,房子 有 多媒体 系统
S005892_P0006_T00,会议 房子 有 多媒体 系统,会议 房子 有 多媒体 系统,会议 房子 有 多媒体 电影 系统,会议 房子 有 多媒体 系统,会议 房子 有 多媒体 电影 系统,会议 房子 有 多媒体 电影 系统
S005893_P0000_T00,卡 我们 研究 后 才 可以 告诉 你 病 效果 什么,卡 我 研究 后 还 可以 告诉 你 病 什么,卡 我 研究 后 还 可以 告诉 你 病 什么,卡 我 研究 后 还 可以 告诉 你 病 什么,卡 要 研究 拿 好 告诉 你 病 什么,卡 我 研究 后 还 可以 告诉 你 病 什么
S005893_P0006_T00,卡 我们 研究 后 才 可以 告诉 你 病 效果 什么,卡 我 研究 后 还 可以 告诉 你 病 效果 什么,卡 我 研究 到 还 可以 告诉 你 病 效果 什么,卡 我 研究 到 还 可以 告诉 你 病 效果 什么,但是 我 研究 少 钱 告诉 你 病 钱 是,卡 我 研究 到 还 可以 告诉 你 病 效果 什么
S005894_P0006_T00,他 认为 自己 可以 进 决赛 没想到 他 1 开始 失败,他 认为 自己 可以 进 决赛 没想到 开始 失败,他 认为 自己 可以 进 决赛 没想到 开始 失败,他 认为 自己 可以 进 决赛 没想到 开始 失败,他 认为 自己 在 决赛 梦想 开始 失败,他 认为 自己 可以 进 决赛 没想到 开始 失败
S005913_P0000_T00,前 年 1 这 艾滋 病 人 死 多,新 年 这 艾滋 病 人 死 多,以前 年 这 艾滋 病 人 死 多,以前 年 这 艾滋 病 人 死 多,以前 年 这 艾滋 病 人 死 多,新 年 这 艾滋 病 人 死 多
S005913_P0006_T00,前 年 1 这 艾滋 病 人 死 多,新 年 1 这 艾滋 病 人 死 多,新 年 1 这 艾滋 病 人 死 多,新 年 1 这 艾滋 病 人 死 多,他 年 1 这 艾滋 病 人 多,新 年 1 这 艾滋 病 人 死 多
S005931_P0000_T00,每 人 自己 有 特别 点 不 肯定 要 乱 瞎 模仿,每 人 自己 有 特别 点 不 肯定 要 乱 瞎 模仿,每 人 自己 有 特别 点 不 肯定 要 乱 瞎 模仿,每 人 自己 有 特别 点 不 肯定 要 乱 模仿,每 人 自己 有 特别 决定 不 必须 不行 乱 教,每 人 自己 有 特别 点 不 肯定 要 乱 瞎 十
S005931_P0006_T00,每 人 自己 有 特别 点 不 肯定 要 乱 瞎 模仿,每 人 自己 有 特别 点 不 应该 要 乱 瞎 模仿,每 人 自己 有 特别 点 不 应该 要 乱 瞎 模仿,每 人 自己 有 特别 点 不 应该 要 乱 模仿,每 人 自己 有 特别 写 不 应该 乱 模仿,每 人 自己 有 特别 大概 点 不 应该 要 乱 瞎 模仿
S005933_P0000_T00,人们 排队 排队 清楚 这 是 好 习惯,人们 队 排队 清楚 这 是 好 习惯,人们 队 排队 清楚 这 是 好 习惯,人们 队 排队 队 清楚 这 是 好 习惯,人们 排队 法律 不行,人们 排队 清楚 这 是 好 习惯
S005933_P0009_T00,人们 排队 排队 清楚 这 是 好 习惯,人们 排队 队 清楚 这 是 好 习惯,人们 排队 清楚 这 是 好 习惯,人们 排队 清楚 这 是 好 习惯,人们 排队 清楚 这 多,人们 排队 清楚 这 是 好 习惯
S005936_P0000_T00,人 作弊 抓 人 脑子 空 好 还 强调 各种 什么 道理,人 作弊 人 想 空 好 还 强调 各种 什么 道理,人 作弊 人 空 好 还 强调 各种 什么 道理,人 作弊 人 脑子 空 好 还 强调 各种 什么 道理,人 多 人 空 好 还 还有 各种 道理,人 作弊 人 想 空 好 还 强调 各种 什么 道理
S005941_P0006_T00,这 事情 在 这 特别 点 场合 会 发生,这 事情 在 这 特别 场合 会 发生,这 事情 在 这 特别 场合 会 发生,这 事情 在 这 特别 点 场合 会 发生,这 事情 在 这 特别 场合 会 发生,这 事情 在 这 特别 期 场合 会 发生
S005941_P0009_T00,这 事情 在 这 特别 点 场合 会 发生,这 事情 在 这 特别 箱子 场合 会 发生,这 事情 在 这 特别 场合 会 发生,这 事情 在 这 特别 场合 会 发生,这 事情 在 这 特别 场合 会 发生,这 事情 在 这 特别 这 场合 会 发生
S005949_P0000_T00,因为 你 我 害羞 翻脸,因为 你 我 害羞 翻脸,因为 你 我 害羞 翻脸,因为 你 我 害羞 翻脸,因为 你 我 害羞 翻脸,因为 你 我 害羞 翻脸
S005949_P0006_T00,因为 你 我 害羞 翻脸,因为 你 我 害羞 翻脸,因为 你 我 害羞 翻脸,因为 你 我 害羞 翻脸,因为 这 我 吃 翻脸,因为 这 我 害羞 翻脸
S005956_P0000_T00,这 句子 多 害羞 我 还是 告诉 你,这 题目 多 害羞 我 还是 告诉 你,这 项目 多 害羞 我 还是 告诉 你,这 句子 多 害羞 我 还是 告诉 你,他 害羞 我 还是 你,这 项目 多 害羞 我 还是 是 吃 你
S005956_P0009_T00,这 句子 多 害羞 我 还是 告诉 你,你 句子 害羞 我 还是 告诉 你,你 句子 害羞 我 还是 告诉 你,你 句子 害羞 我 还是 告诉 你,他 害羞 我 可以 是 告诉 你,这 句子 害羞 我 还是 告诉 你
S005957_P0000_T00,像 你 粗 脑子 空 还 会 有 害羞,看 你 脑子 空 会 有 害羞,像 你 脑子 空 会 有 害羞,像 你 脑子 空 会 有 害羞,像 你 会,像 你 脑子 空 会 有 害羞
S005971_P0000_T00,这 好吃 喝 胖,他 味道 喝 大,他 味道 喝 大,他 味道 喝 大,他 好 吃 又,他 味道 喝 大
S005971_P0006_T00,这 好吃 喝 胖,他 好吃 喝 大,他 好吃 喝 大,他 好吃 喝 大,他 周 又 大,他 好吃 喝 大
S005972_P0006_T00,有 一些 倒霉 人 喜欢 喝 酒 解决 愁眉,有 一些 倒霉 人 喜欢 酒 解决 愁眉,有 一些 倒霉 人 喜欢 酒 解决 愁眉,有 一些 倒霉 人 喜欢 酒 解决 愁眉,一些 笨 人 喜欢 酒 解决 医生,有 一些 人 倒霉 人 喜欢 酒 解决 过敏
S005972_P0009_T00,有 一些 倒霉 人 喜欢 喝 酒 解决 愁眉,有 一些 不幸 人 喜欢 酒 解决,有 一些 倒霉 人 喜欢 酒 解决 愁眉,有 一些 倒霉 人 喜欢 酒 解决 过敏,多 过敏 人 喜欢 饭店 酒 愁眉,有 一些 倒霉 人 喜欢 酒 解决 愁眉
S005981_P0009_T00,他 旅游 时间 每 到 1 地方 全部 会 发送 自己 拍,他 旅游 时间 每 好 地方 全部 会 拍照,他 旅游 时间 每 地方 全部 会 拍照,他 旅游 时间 每 1 到 地方 全部 会 发送 拍照,他 旅游 时间 没有 地方 全部 会 必须 借款,他 来往 时间 每 地方 全部 会 偶 像
S005996_P0000_T00,如果 你 怀疑 阑尾 炎 最 好 给 药 不 孩子 会 痛,等 你 怀疑 阑尾 炎 最 好 给 药 不 孩子 会 痛,等 你 委屈 阑尾 炎 最 给 药 不 孩子 会 痛,等 你 怀疑 阑尾 炎 最 给 药 不 孩子 会 痛,弟弟 阑尾 炎 最 给 药 不 孩子 感冒,如果 你 委屈 阑尾 炎 最 给 药 不 孩子 会 痛
S005996_P0006_T00,如果 你 怀疑 阑尾 炎 最 好 给 药 不 孩子 会 痛,如果 你 委屈 阑尾 炎 最 好 给 药 不 孩子 会 痛,如果 你 委屈 阑尾 炎 最 好 给 药 不 孩子 会 痛,如果 你 怀疑 阑尾 炎 最 好 给 药 不 孩子 会 痛,如果 你 我 阑尾 炎 钱 时间 给 药 不 孩子 会,如果 你 委屈 阑尾 炎 最 好 给 药 不 孩子 会 痛
S006013_P0009_T00,共产党 政府 改革 发展 春天 下 全部 改变 新 形势 好,这 共产党 政府 这 发展 春天 下 全部 改变 新 样子 好,这 共产党 政府 这 发展 春天 下 全部 改变 新 情况 好,这 共产党 政府 这 发展 春天 下 全部 改变 新 情况 好,政府 发展 春天 到 全部 严格 情况,这 区 政府 这 发展 春天 下 全部 改变 新 大 好
S006015_P0000_T00,追 证明 信息 满意 要 经常 和 客 人 沟通,追 证明 信息 要 经常 和 客 人 沟通,追 证明 信息 要 经常 和 客 人 沟通,追 证明 信息 要 经常 和 客 人 沟通,网 证明 信息 以前 和 客 人 沟通,陌生 证明 信息 要 经常 和 客 人 沟通
S006017_P0000_T00,你 是 介绍 他 我 2 学校 合作,你 理解 他 我 2 学校 合作,你 理解 他 我 学校 合作,你 介绍 他 我 2 学校 合作,你 个 学校 合作,你 理解 他们 我 2 学校 合作
S006017_P0009_T00,你 是 介绍 他 我 2 学校 合作,你 介绍 他 我 和 学校 组 团,你 介绍 他 我 学校 组 团,你 介绍 他 我 双 学校 组 团,介绍 他 人 学校 组 团,你 介绍 他 我 租 学校 组 团
S006035_P0000_T00,方 二维码 这 包括 信息 多,二维码 这 包括 信息 多,二维码 这 包括 信息 多,二维码 这 广告 信息 多,方法 二维码 这 信息 多,二维码 这 总结 信息 多
S006035_P0009_T00,方 二维码 这 包括 信息 多,方 这 包括 信息 多,方法 这 包括 信息 多,这 包括 信息 多,方法 这 包括 信息 多,这 包括 信息 多
S006043_P0000_T00,台 风 影响 大家 钱 全部 吃亏 多,哥哥 影响 大家 对 全部 吃亏 多,影响 大家 对 全部 吃亏 多,影响 大家 对 全部 吃亏 多,他 美国 影响 大家 区 全部 吃亏 有,影响 大家 对 全部 吃亏 多
S006051_P0006_T00,东西 买卖 员工 热情 对 打招呼 让 客 人 指 东西,东西 员工 热情 对 不 客 人 看 东西,东西 卖 员工 热情 对 不 客 人 看 东西,东西 卖 员工 热情 对 不 客 人 看 东西,东西 卖 员工 热情 对 以前 客 人 东西,东西 员工 热情 对 不 客 人 看 东西
S006051_P0009_T00,东西 买卖 员工 热情 对 打招呼 让 客 人 指 东西,东西 买卖 员工 热情 对 不 礼貌 看 东西,东西 员工 热情 对 不 请 看 东西,东西 员工 热情 对 不 请 看 东西,东西 热情 对 以前 让 东西,东西 员工 热情 对 信息 请 看 东西
S006071_P0009_T00,这 篇 文章 我 看 几 次 不懂,表格 文章 看 几 不懂,表格 看 不懂,表格 看 不懂,表格 不懂,表格 文章 看 我 看 几 不理
S006072_P0000_T00,坐 离开 超过 1 小时 有 人 书 拿 会,在 超过 小时 有 人 会,在 超过 小时 有 人 会,在 离开 超过 1 小时 有 人 全部 会,买 超过 小时 有 人 后 忘记,在 前 超过 1 小时 有 人 全部 会
S006078_P0006_T00,定 位置 导航 系统 给 生活 方便,定 坐 导航 系统 给 生活 方便,定 坐 导航 系统 给 生活 方便,定 位置 导航 系统 给 生活 方便,定 位置 导航 系统 给 生活 方便,定 坐 导航 系统 给 生活 方便
S006078_P0009_T00,定 位置 导航 系统 给 生活 方便,定 位置 因为 导航 系统 给 他 方便,决定 位置 导航 系统 给 方便,肯定 位置 导航 系统 给 方便,狗 位置 先 导航 系统 给 真 好,决定 位置 导航 系统 给 方便
S006081_P0006_T00,自行车 堵车 他 走 近 影响 交通,堵车 他 走 近 影响 交通,堵车 他 走 近 影响 交通,堵车 他 走 近 影响 交通,火车 堵车 他 死 影响 交通,自行车 堵车 他 走 近 影响 交通
S006081_P0009_T00,自行车 堵车 他 走 近 影响 交通,火车 他 走 近 影响 交通,火车 他 走 近 影响 交通,火车 堵车 他 走 近 影响 交通,火车 他 努力 影响 交通,他 走 近 交通
S006086_P0006_T00,他 想法 好 经常 和 人 交流 意见,想 好 经常 和 人 交流 意见,想 好 经常 和 人 交流 意见,想 好 经常 和 人 交流 意见,想 好 经常 和 人 交流 意见,想 好 经常 和 人 交流 意见
S006086_P0009_T00,他 想法 好 经常 和 人 交流 意见,想法 好 经常 和 人 交流 意见,想 想法 好 经常 和 人 交流 意见,头发 经常 和 人 交流 意见,明天 经常 但是 交流 不会,感觉 白 好 经常 和 人 交流 意见
S006089_P0000_T00,我 存折 里 有 500,我 银行 存折 里 有 500,我 银行 存折 里 有 500,我 银行 存折 里 有 500,我 方 存折 里 有 多,我 银行 存折 里 有 500
S006115_P0000_T00,成功 企业 房子 是 一直 对 强 学 他 成功 经验,成功 企业 房子 是 一直 对 强 学 他 成功 经验,成功 企业 房子 是 一直 对 强 学 他 成功 经验,成功 企业 房子 是 一直 对 强 学 他 成功 经验,冬天 企业 房子 是 一直 对 强 学 成功 经验,成功 企业 房子 是 一直 对 强 学 他 成功 经验
S006115_P0006_T00,成功 企业 房子 是 一直 对 强 学 他 成功 经验,成功 企业 房子 是 一直 对 强 学 他 成功 经验,成功 企业 房子 是 一直 对 强 学 他 成功 经验,成功 企业 是 一直 对 强 学 他 成功 经验,成功 企业 一直 对 强 医生 成功 经验,成功 企业 房子 是 一直 对 强 学 他 成功 经验
S006127_P0006_T00,做 生意 脑子 你 有,做 生意 想 你 有,做 生意 想 你 有,做 生意 知道 前 有,做 生意 想 有,做 生意 知道 你 有
S006144_P0009_T00,艾滋 病 传染 方法 重要 是 什么 做爱 传染,艾滋 病 传染 方法 重要 是 什么 追 传染,艾滋 病 传染 方法 重要 是 什么 追 传染,艾滋 病 传染 方法 重要 是 什么 追 影响,艾滋 病 方法 重要 是 什么 传染,艾滋 病 传染 方法 重要 是 什么 感染
S006160_P0000_T00,街道 前 超市 有 1,街道 这 超市 有 1,路 街道 这 超市 有 1,路 街道 这 超市 有 1,路 街道 发现 超市 十,路 街道 这 超市 有 1
S006160_P0009_T00,街道 前 超市 有 1,路 街道 有 你 超市 有 1,路 街道 有 你 超市 有 1,路 街道 有 你 超市 买 有 1,街道 是 超市 有 1,路 街道 有 这 超市 买 有 1
S006180_P0009_T00,爱 感情 跳 每 脉搏,爱 感情 跳 每 病 拍,爱 感情 跳 每 病,爱 感情 跳 每 病,爱 感情 遗传 病,爱 感情 跳 每 病
S006206_P0000_T00,我 电脑 笔记本 不见,我 笔记本 不见,我 电脑 笔记本 不见,我 电脑 笔记本 不见,我 笔记本 不见,我 电脑 笔记本 不见
S006206_P0006_T00,我 电脑 笔记本 不见,我 电脑 笔记本 不见,我 电脑 笔记本 不见,我 电脑 笔记本 不见,我 电脑 笔记本 卖 买,我 笔记本 不见
S006241_P0006_T00,字 身体 没有 固定 意思 是 人 表现 自己 表示,题目 身体 没有 应该 意思 是 人 表示 自己 表现,项目 身体 没有 决定 意思 是 人 表示 自己 表现,字 身体 没有 肯定 意思 是 人 表示 自己 表现,题目 身体 没有 决定 意思 是 人 表示 自己 表现,项目 身体 没有 肯定 意思 是 人 表示 自己 表现
S006244_P0000_T00,饭 卡 丢 2 天 开始 2 天 钱 减 会 不,他 信 丢 2 开始 天 钱 会 不,信 丢 2 开始 天 钱 会 不,他 信 丢 2 开始 天 钱 会 不,信 知道 开始 钱,信 丢 2 开始 天 钱 会 不
S006244_P0006_T00,饭 卡 丢 2 天 开始 2 天 钱 减 会 不,丢 2 开始 天 钱 会 不,丢 2 开始 天 钱 生日 会 不,丢 天 开始 天 钱 会 不,信 转弯 天 开始 天 生日,高兴 丢 天 开始 天 钱 会 不
S006258_P0009_T00,因为 害怕 报复 他 天 心跳 吃 不,因为 我 报复 天天 担心 稳定 不,因为 我 报复 天 担心 不,因为 我 报复 天天 担心 不,因为 报复 天 担心 弱 没有,因为 我 报复 黑 心 不
S006268_P0006_T00,大概 你 想 我 成功 没有 吃亏 你 不 怀疑 每天 距离 这 成功 1 步,想 要 成功 没有 吃亏 你 不 怀疑 每天 距离 这 成功,想 要 成功 没有 吃亏 你 不 怀疑 经常 距离 这 成功,想 要 成功 没有 吃亏 你 不 怀疑 经常 距离 这 成功,明天 要 成功 没有 吃亏 你 不 我 经常 成功 除了,想 要 成功 没有 吃亏 你 不 怀疑 每天 距离 这 成功 用
S006268_P0009_T00,大概 你 想 我 成功 没有 吃亏 你 不 怀疑 每天 距离 这 成功 1 步,想 要 没有 吃亏 你 不 怀疑 每天 今天 这 成功 实践,想 要 没有 吃亏 你 不 怀疑 经常 今天 这 成功 实践,想 要 成功 没有 吃亏 你 不 怀疑 经常 距离 这 成功 实践,明天 风 强调 努力 习惯 今天 成功 实践 步,想 要 没有 吃亏 你 不 怀疑 经常 减 这 成功 实践
S006300_P0006_T00,到 银行 工作 是 惊讶 我 可以 不行 拒绝,工作 是 奇怪 我 可以 不行 拒绝,工作 是 奇怪 我 可以 不行 拒绝,工作 是 奇怪 我 可以 不行 拒绝,工作 看 我 附近,工作 是 惊讶 我 可以 不行 拒绝
S006312_P0000_T00,全部 同学 坐 好 后 联欢 晚上 会议 开始,全部 读 在 后 联系 晚上 会议 开始,全部 学校 在 后 联系 晚上 会议 开始,全部 读 在 后 联系 晚上 会议 开始,全部 读 在 后 联系 晚上 会议 开始,全部 学校 在 后 连 晚上 会议 开始
S006312_P0009_T00,全部 同学 坐 好 后 联欢 晚上 会议 开始,全部 学校 在 后 联系 晚上 会议 开始,全部 学校 在 后 联系 晚上 会议 开始,全部 学校 在 后 联系 晚上 会议 开始,全部 书 学校 在 后 美国 联系 晚上 会议 开始,全部 学校 在 后 联系 晚上 会议 开始
S006344_P0009_T00,他 人 品 好 可以 力量 强 公 系统 没有 录取 成功 可惜,分钟 可以 能力 强 公司 没有 录取 成功 怎么办,品 可以 能力 强 公司 没有 录取 成功 怎么办,品 可以 能力 强 公司 没有 录取 成功 怎么办,品 他 老师 强 公司 没有 录取 成功 可惜,品 可以 能力 强 公司 没有 得 成功 怎么办
S006352_P0000_T00,王 叔叔 对 坏 人 插 害怕 没有,叔叔 对 坏 人 我 没有,快递 叔叔 对 坏 人 我 没有,选 叔叔 对 坏 人 我 没有,快递 手机 对 坏 人 我 不,狗 叔叔 对 坏 人 我 没有
S006416_P0009_T00,这 电影 女 演员 美丽 好,这 电影 演员 美丽,这 电影 演员 美丽,这 电影 跳舞 美丽,这 电影 跳舞 自己 美丽,这 电影 演员 美丽
S006423_P0000_T00,今 短信息 用 人 少,今天 短信息 用 人,今天 短信息 用 人 多,今天 短信息 用 人 少,今天 短信息 用 人 多,今天 短信息 用 人 少
S006430_P0000_T00,他 恋爱 有 对象 他 假,这 恋爱 有 对象 他,人 有 对象 他 安静,人 有 对象 他,人 有 对象 这 安静,恋爱 有 对象 他 等
S006452_P0000_T00,对 我们 来 说 1 分钟 是 宝贵,对 我们 说 分钟 是 贵,对 我们 说 分钟 钱 贵,对 我们 说 分钟 钱 贵,对 我们 说 分钟 钱 贵,对 我们 来 说 彻底 是 贵
S006453_P0009_T00,你 冷静 我 帮助 会,你 冷静 我 帮助 会,你 冷静 我 帮助 会,你 冷静 我 帮助 会,你 冷静 我 帮助 会,你 冷静 我 帮助 会
S006477_P0000_T00,洗 衣服 机器 前 衣服 口 检查 有 东西 餐巾 纸 有,洗 衣服 前 空 查询 有 东西 餐巾 纸 有,洗 衣服 前 空 查询 有 东西 餐巾 纸 有,洗 衣服 前 空 查询 有 东西 餐巾 纸 有,洗 衣服 前 空 查询 东西 吃亏 可以,洗 衣服 前 衣服 空 查询 有 东西 餐巾 纸 有
S006480_P0009_T00,外卖 公司 名字 不同,外卖 公司 人 不同,外卖 公司 人 不同,外卖 公司 人 不同,公司 人 不是,外卖 公司 人 不同
S006484_P0009_T00,飞 人 没有 方法 超,飞机 人 没有 方法 猜,飞机 人 没有 方法 超过,飞机 人 没有 方法 超过,每天 人 方法 超过,飞机 人 没有 方法 超过
S006490_P0000_T00,学校 年 1 次 音乐 比赛 开始,年 1 唱歌 比赛 开始,学校 年 1 年 唱歌 比赛 开始,学校 年 1 好 比赛 开始,书 年 安全 比赛 开始,年 1 年 音乐 比赛 开始
S006493_P0009_T00,纸 表格 复印 好了,纸 表格 打印 好了,张 表格 打印 好了,纸 表格 打印 好了,张 表格 打印 好了,张 表格 收 好了
S006499_P0009_T00,玻璃 圆 做 碗 以前 旧,会 掉 做 以前,玻璃 掉 做 以前 习惯,玻璃 掉 做 以前 习惯,梦想 做 赚,玻璃 掉 做 以前 习惯
S006505_P0009_T00,彩票 买 钱 2 最 低,彩票 买 2 最 低,彩票 买 2 最 低,彩票 买 小时 最 低,彩票 买 老师 最,彩票 最 2 最 低
S006532_P0009_T00,你 能力 拿 冠军 真 可以,能力 冠军 真 可以,能力 冠军 真 可以,能力 冠军 真,他 聪明 真 不行,能力 冠军 真 可以
S006537_P0009_T00,越 多 接触 我 越 多 感觉 到 他 人 性格 好,多 接触 我 音乐 感觉 到 人 性格 好,多 亲切 我 越 到 人 性格 好,多 接触 我 越 感觉 到 人 性格 好,过敏 亲切 我 人 上网 好,多 接触 我 越 感觉 到 人 性格 好
S006540_P0009_T00,上海 可以 说 是 中国 金融 中心,上海 说 是 中国 经济 妈妈 心,上海 说 是 中国 经济 妈妈 心,上海 说 是 中国 经济 妈妈 心,上海 说 是 国 经济 妈妈 心,上海 可以 说 是 中国 经济 中心 心
S006542_P0000_T00,我 一直 感觉 他 工作 金融 人 人 多 保密,他 做 金融 人 多 秘密,他 做 金融 人 多 秘密,他 做 金融 人 多 秘密,想 做 社会 人 美丽,想 做 金融 人 多 秘密
S006564_P0009_T00,我们 在 这 发现 有 河 脏,在 发现 河 习惯,在 发现 河 习惯,在 发现 河 拍照,在 差 河 差点,在 发现 河 拍照
S006565_P0009_T00,我 越 读 越 发现 自己 聪明,越 读 发现 自己 聪明,越 读 发现 自己 聪明,越 读 发现 自己 聪明,难 读书 有,越 读 发现 自己 聪明
S006575_P0000_T00,老 人 迷信 信 多,老 人 迷信 信 多,老 人 迷信 信 多,老 人 迷信 信 多,老 人 信 多,老 人 迷信 多
S006584_P0009_T00,过来 电 线 插,快 仔细,快 线,快 线,快 线,快 仔细 积累
S006640_P0009_T00,病 情况 还有 外 比如 说 呕吐 头痛 各种 有,网 样子 外 像 说 早 各种 有,网 情况 外 像 说 痛 各种 有,网 情况 外 像 说 吃 痛 各种 有,情况 外 像 说 到 各种 有,网 情况 像 说 痛 各种 有
S006667_P0009_T00,同学 运动会 拿 到 第一 成绩,同学 运动会 拿 第一 日本,同学 运动会 把 第一 日本,同学 运动会 把 到 第一 日本,同学 把 第一 保养,同学 运动会 把 第一 日本
S006674_P0009_T00,小 程序 这 不用 下载 可以 直接 用 多 方便,小 程序 这 不用 可以 一直 用 方便,小 过程 这 不用 迟到 可以 一直 用 方便,小 过程 程序 这 不用 这 可以 一直 用 多 方便,有 故事 要 不 自私 可以 一直 用 方便,小 过程 这 着急 迟到 可以 用 多 方便
S006677_P0000_T00,医生 给 我 处方 是 专门 感冒 药,医生 给 处方 是 专门 感冒 药,医生 给 处方 是 专门 感冒 药,医生 给 处方 是 专门 感冒 药,医生 给 处方 是 专门 感冒,医生 给 处方 是 专门 感冒 药
S006686_P0009_T00,你 乏味 生活 我 忍受 不行,这 乏味 生活 我 忍受 不行,这 乏味 生活 我 忍受 不行,这 生活 我 忍受 不行,你 发展 生活 我 药,这 乏味 生活 我 忍受 不行
S006694_P0000_T00,幸好 我 发现 快 不 承认 倒霉,幸运 我 发现 快 不 承认 倒霉,幸运 我 发现 快 不 承认 倒霉,幸运 我 发现 快 不 承认 倒霉,警察 我 没有 你 走 不 承认 倒霉,幸运 我 发现 快 不 承认 倒霉
S006699_P0000_T00,他 路 犹豫 表情 茫然,他 路 自行车 表情 茫然,这 路 自行车 脸 表情 茫然,这 路 自行车 脸 表情 茫然,这 路 自行车 找 表情 茫然,他 路 自行车 脸 表情 茫然
S006700_P0000_T00,你 会 说 大 话 其实 做 他 茫然,你 会 说 大 口 真 做 你 茫然,你 会 说 大 红 真 其实 茫然,你 会 说 大 真 其实 做 你 茫然,你 会 说 好 其实 忙,你 会 说 大 红 真 做 茫然
S006715_P0009_T00,国家 规定 同学 们 要 按照 每 学 期 付 钱 要 要,写 学校 按照 每 期 付 要,在 学校 按照 每 晚期 付 要,写 学校 按照 每 晚期 付 要,在 学校 按照 晚期 快 要,在 学校 按照 每 期 付 要
S006748_P0009_T00,等 我 长大 要 报名 战 队 要 前 线 做 护士,我 高 要 报名 战争 你 仔细 护士,我 成长 要 报名 战争 你 护士,我 成长 要 报名 战争 你 仔细 护士,我 高 报名 线 护士,我 成长 要 报名 战争 这 护士
S006754_P0000_T00,我们 应该 在 体育 课 教 不 受伤 方法,我们 应该 运动 课 教 不 受伤 方法,我们 应该 运动 课 教 不 受伤 方法,我们 应该 运动 课 教 不 受伤 方法,我们 应该 运动 这 教 不 受伤 方法,我们 应该 体育 课 教 不 受伤 方法
S006761_P0009_T00,我们 老师 仔细 好 注意 一直 观察 同学 心理 变化,我们 好 注意 找 学校 勇敢 变化,我们 仔细 好 注意 找 人 学校 心理 变化,我们 线 好 注意 找 人 学校 变化,我们 无线 找 人 学校 心理 变化,我们 老师 仔细 好 找 互相 变 变化
S006770_P0009_T00,银行 卡 限制 自己 身份 人 不行 借,银行 人 自己 不行 天,银行 人 自己 身份 不行,银行 卡 人 自己 不行,银行 对 自己 跳舞 多,银行 卡 人 自己 身份 不行
S006772_P0000_T00,共 经济 买卖 或 租 是 不 愿意 签名,西 经济 或者 是 不 喜欢 决定,西 经济 或者 对象 是 不 愿意 签名,经济 或者 是 不 愿意 必须,工资 经济 商店 或者 时间 好 是 你 愿意 严重,西 买卖 或者 对象 是 不 愿意 签名
S006779_P0000_T00,这 传染 病 是 通 空气 传染 你 要 注意 预防,这 传染 病 通过 呼吸 感染 你 要 注意 预防,这 传染 病 通过 呼吸 感染 你 要 注意 预防,这 传染 病 通过 呼吸 感染 你 要 必须 注意 预防,这 传染 病 通过 空气 传染 这 必须 注意 防止,这 传染 病 通过 呼吸 传染 你 要 注意 预防
S006813_P0000_T00,年 20 后 政府 帮助 他 终于 定居,年 1 后 政府 帮助 他 最后 定居,年 1 后 政府 帮助 他 彻底 定居,年 1 后 政府 帮助 他 彻底 定居,年 后 政府 帮助 彻底 定居,年 1 后 政府 帮助 始终 终于 定居
S006819_P0007_T00,医生 穿 衣服 医生 白,医生 穿 衣服 医生 白,医生 穿 衣服 医生 白,医生 穿 衣服 医生 白,医生 穿 衣服 医生 快,医生 穿 衣服 医生 白
S006835_P0000_T00,1 一直 依然 不够 要 破,你 一直 油 不够 要,你 一直 仍然 不够 要 破坏,你 一直 仍然 不够 要 破坏,他 一直 感冒 没有 要,你 一直 油 不够 要 破坏
S006835_P0003_T00,1 一直 依然 不够 要 破,一直 看 不够 要 破,一直 看 不够 要 破坏,一直 看 不够 要 破坏,一直 看 不够 要 解决,一直 看 不够 要 破坏
S006854_P0007_T00,你 存折 丢 快 去 银行 增加 办,你 银行 存折 丢 快 去 银行 增加 事情,你 银行 存折 丢 快 去 银行 增加 事情,你 银行 存折 丢 快 去 银行 增加 事情,存 老板 安全 银行 增加 事情,你 银行 丢 快 去 银行 增加 事情
S006868_P0000_T00,躺 担架 他 晕,酒 担架 晕,担架 晕,担架 晕,担架 借口 会,担架 晕
S006868_P0007_T00,躺 担架 他 晕,担架 晕,担架 晕,担架 晕,担架 倒霉,担架 晕 过敏
S006873_P0003_T00,工人 工作 自己 技术 提高 进步,工 人 工作 技术 提高 进步,工 人 工作 技术 提高 进步,工 人 工作 技术 提高 进步,工 人 工作 技术 提高 进步,工 人 工作 技术 提高 进步
S006875_P0007_T00,他 1 知道 重复 别 人 想法 自己 看法 没有,想 重复 别 人 想 感觉 自己 认为 没有,知道 重复 别 人 想 自己 认为 没有,知道 重复 别 人 想 自己 认为 没有,重复 别 人 想 自己 认为 不够,知道 建设 别 人 想 自己 认为 没有
S006883_P0003_T00,他 后 想 做 科学 房子,我 后 想 做 科学 房子,我 后 想 做 科学 房子,我 后 想 做 科学 房子,我 只 要 想 做 科学 房子,我 后 想 做 科学 房子
S006904_P0000_T00,我们 校园 干净,我们 校园 园 多 清楚,我们 校园 里 多 清楚,我们 校园 里 清楚,我们 校园 里 清楚,我们 校园 园 干净 清楚
S006904_P0003_T00,我们 校园 干净,我们 校园 里 多 清楚,我们 校园 里 多 清楚,我们 校园 里 多 清楚,我们 校园 里 清楚,我们 校园 里 多 清楚
S006946_P0007_T00,猫 看 这 小 鸟 惊吓,猫 你 妈妈 惊吓,猫 你 妈妈 惊吓,猫 你 妈妈 惊吓,风 你 被 惊吓,猫 你 小 妈妈 惊吓
S006967_P0000_T00,你 看 他 接受 大 委屈 全部 没有 说 你 还 有 什么 不 平,你 看 他 接受 大 委屈 全部 没有 说 你 还 什么,你 看 他 接受 大 委屈 全部 没有 说 你 还 什么 一般,你 看 他 接受 大 委屈 全部 没有 说 你 还 什么,想 接受 我 全部 没有 说 你 还 要 什么 一般,你 看 他 接受 大 委屈 全部 没有 说 你 还 什么 道理
S006968_P0003_T00,老师 批评 小 明 好了 小 明 感觉 多 委屈 快 找 人 倾诉,老师 批评 小 明 好了 小 明 感觉 委屈 找 人 倾诉,老师 批评 小 明 好了 小 明 感觉 委屈 找 人 倾诉,老师 批评 小 明 好了 小 明 感觉 委屈 找 人 倾诉,老师 差点 你 好了 他 感觉 他 人 像,老师 批评 小 明 好了 小 明 感觉 结婚 找 人 倾诉
S006968_P0007_T00,老师 批评 小 明 好了 小 明 感觉 多 委屈 快 找 人 倾诉,老师 批评 明 好了 明天 感觉 委屈 还 找 人 倾诉,老师 批评 小 明 好了 明天 感觉 委屈 找 人 倾诉,老师 批评 小 明 好了 明 感觉 多 委屈 找 人 倾诉,老师 批评 感觉 好了 赋 多 委屈 人 害怕,老师 批评 小 明 好了 明天 感觉 找 人 倾诉
S006990_P0000_T00,以前 有 1 店 租 今天 找 不行,以前 有 1 店 今天 找 不行,以前 有 1 店 租 今天 找 不行,以前 有 1 店 租 今天 找 不行,以前 店 今天 吃,以前 1 店 租 今天 找 不行
S006990_P0007_T00,以前 有 1 店 租 今天 找 不行,以前 有 商店 租 今天 找 不行,以前 有 租 今天 找 不行,以前 有 夫妻 租 今天 找 不行,我 店 时间 今天,过去 有 夫妻 租 今天 找 不行
S006995_P0007_T00,我 自己 愿意 参加 组,我 自己 愿意 参加 组,我 自己 愿意 参加 组,我 自己 愿意 参加 组,我 每 组,我 自己 愿意 参加 组
S007039_P0007_T00,地铁 站 多 新 特色,地铁 站 多 新 特别 特色,地铁 站 多 新 特别 特色,地铁 站 多 新 特别 特色,地铁 站 有 大概 特色,地铁 多 新 特色
S007042_P0000_T00,封面 设计 是 艺术 设计,封面 设计 是 艺术 设计,封面 设计 是 艺术 设计,封面 设计 是 艺术 计划,封面 设计 多 技术 设计,封面 设计 是 艺术 设计
S007042_P0003_T00,封面 设计 是 艺术 设计,封面 设计 技术 计划,封面 设计 技术 计划,封面 设计 技术 计划,封面 设计 技术,封面 设计 技术 计划
S007053_P0000_T00,合同 要 写 清楚 日期 预防 没有 效果,护照 合同 要 写 日期 预防 没有 效果,护照 合同 要 写 日期 预防 没有 效果,护照 合同 要 写 日期 预防 没有 效果,护照 合同 写 日期 预防 妈妈,合同 要 写 日期 预防 没有 效果
S007053_P0007_T00,合同 要 写 清楚 日期 预防 没有 效果,护照 写 日期 效果,合同 写 日期 预防 效果,他 合同 写 日期 预防 效果,合同 定 日期 机会 把 效果,合同 写 日期 预防 效果
S007055_P0000_T00,北京 著名 签名 片子 是 什么 是 人们 大 会 房子,签名 片子 是 什么 北京 最 大 是 人们 会议 房子,签名 片子 是 什么 北京 最 大 是 人们 会议 房子,签名 片子 是 什么 北京 最 大 是 人们 会议 房子,签名 片子 是 什么 北京 最 大 有 是 人们 会议 房子,签名 片子 是 什么 北京 最 大 是 人们 房子
S007055_P0003_T00,北京 著名 签名 片子 是 什么 是 人们 大 会 房子,北京 著名 签名 片子 是 什么 是 人们 大 房子,北京 著名 签名 片子 是 什么 是 人们 大 房子,北京 著名 签名 片子 是 什么 是 人们 大 房子,北京 著名 签名 片子 什么 是 人们 大 房子,北京 著名 签名 片子 是 什么 是 人们 大 会议 房子
S007057_P0003_T00,2 对 夫妻 组 团 去 美国 旅游,2 对 夫妻 组 团 去 美国 旅游,2 对 夫妻 组 团 去 美国 旅游,2 对 夫妻 组 团 去 美国 旅游,对 夫妻 组 团 去 美国 旅游,2 对 夫妻 组 团 去 美国 旅游
S007057_P0007_T00,2 对 夫妻 组 团 去 美国 旅游,每 对 夫妻 组 团 去 美国 旅游,每 对 夫妻 组 团 去 美国 旅游,2 对 夫妻 组 团 去 美国 旅游,对 夫妻 组 团 去 美国 旅游,每 夫妻 组 团 去 美国 旅游
S007065_P0003_T00,工厂 急 招 多少 技术 熟悉 工人,厂 着急 招聘 多少 技术 熟悉 工 人,厂 着急 招聘 多少 技术 熟悉 工 人,厂 着急 招聘 多少 技术 熟悉 工 人,厂 着急 招聘 你 文 技术 熟悉 工 人,厂 着急 招聘 多少 技术 熟悉 工 人
S007067_P0003_T00,为 客气 远 亲属 哥哥 妈妈 做 炒 菜 菜,为 礼貌 远 亲属 妈妈 哥哥 做 给,为 礼貌 远 亲属 妈妈 哥哥 做 大,为 远 亲属 妈妈 像 做 大,为 收 远 亲属 妈妈 做 大,为 礼貌 远 亲属 妈妈 哥哥 做 大
S007067_P0007_T00,为 客气 远 亲属 哥哥 妈妈 做 炒 菜 菜,为 远 亲属 哥哥 妈妈 炒 炒菜 钱,为 远 亲属 哥哥 妈妈 炒 钱,为 远 亲属 哥哥 妈妈 炒 钱,为 长 亲属 哥哥 妈妈,为 远 亲属 哥哥 妈妈 炒 钱 大
S007072_P0007_T00,他 永远 是 我们 学 好 榜样,借口 是 我们 学 榜样,王 辈 是 我们 学 榜样,王 辈 是 我们 学 榜样,王 老师 我们 学 榜样,辈 是 我们 学 榜样
S007080_P0000_T00,孩子 打针 变 安静,打针 这 变 安静,打针 这 变 安静,老板 打针 他 变 安静,这 打针 老师 变 安静,打针 你 变 安静
S007080_P0003_T00,孩子 打针 变 安静,孩子 他 变 安静,孩子 打针 他 变 安静,孩子 打针 他 变 安静,孩子 死 改变 变 安静,孩子 打针 他 变 安静
S007088_P0007_T00,你 点 这 检查 会 出现,你 点 查询 鼓励 机器 会 活动,你 点 查询 机器 会 活动,你 点 查询 机器 会 活动,你 必须 查询 股票 机会 会 运动,你 点 查询 朋友 机器 会 活动
S007118_P0003_T00,我 梦想 时间 发现 你 追 我,我 做 时间 你 他 追 我,我 做 时间 你 在 追 我,我 做 时间 你 在 追 我,我 工作 时间 你 应该 追 我,我 希望 梦想 时间 你 在 追 我
S007120_P0000_T00,我 是 没有 男 人 要 你 乱 说 什么,我 是 没有 男 人 要 你 乱 说 不,我 是 没有 男 人 要 你 乱 说 不,我 是 没有 男 人 要 你 乱 说 不,我 是 不 男 人 怀疑 你 乱 不行,我 是 没有 男 人 要 你 乱 说 不
S007121_P0000_T00,你 喜欢 油 还 吃 胖 不喜欢,你 喜欢 快 还 吃 饱 不喜欢,你 喜欢 油 还 吃 饱 不喜欢,你 喜欢 油 还 吃 饱 不喜欢,喜欢 丑 吃 裙子,你 喜欢 油 还 吃 饱 不喜欢
S007121_P0007_T00,你 喜欢 油 还 吃 胖 不喜欢,你 喜欢 油 是 吃 饱 不喜欢,喜欢 油 吃 饱 不喜欢,你 喜欢 油 是 吃 饱 不喜欢,喜欢 中午 吃 饱,喜欢 油 吃 饱 不喜欢
S007123_P0000_T00,你 感冒 严重 要 快 去 医院,你 感冒 严重 要 快 去 医院,你 感冒 严重 要 快 去 医院,你 感冒 严重 要 快 去 医院,爷爷 感冒 严重 要 去 医院,你 感冒 严重 要 快 去 医院
S007126_P0000_T00,中国 经济 发展 钱 工资 涨,中国 发展 好 钱 工资 涨,中国 发展 好 钱 工资 涨,中国 发展 好 钱 工资 涨,中国 发展 钱 工资 涨,中国 发展 好 钱 工资 涨
S007126_P0003_T00,中国 经济 发展 钱 工资 涨,国家 经济 发展 工资 涨,国家 经济 发展 工资 涨,国家 经济 发展 工资 涨,国家 发展 工资 涨,国家 经济 发展 工资 人 涨
S007133_P0003_T00,他 腿 关节 手术 成功,腿 关节 手术 成功,腿 关节 手术 成功,腿 关节 手术 成功,腿 关节 手术 成功,月 关节 手术 成功
S007133_P0007_T00,他 腿 关节 手术 成功,这 腿 关节 手术 成功,这 腿 关节 手术 成功,这 腿 关节 手术 成功,这 腿 关节 手术 成功,这 腿 关节 手术 成功
S007137_P0003_T00,广告 公司 可以 展示 画画 技术,这 广告 公司 可以 展示 技术,这 广告 公司 可以 时间 画画 技术,这 广告 公司 可以 展示 画画 技术,这 广告 公司 时间 规定 技术,这 广告 公司 可以 导航 技术
S007140_P0000_T00,核磁共振 方法 来 决定 表面 机器,核磁共振 方法 来 定 封面 机器,核磁共振 方法 来 定 封面 机器,核磁共振 方法 来 定 封面 机器,方法 来 得 封面 机器,核磁共振 方法 来 决定 封面 机器
S007140_P0003_T00,核磁共振 方法 来 决定 表面 机器,核磁共振 方法 来 决定 封面 机器,核磁共振 方法 来 定 封面 机器,核磁共振 方法 来 定 封面 机器,核磁共振 方法 决定 封面 机器,核磁共振 方法 来 肯定 办理 机器
S007148_P0000_T00,急诊 医院 发现 这 多 病 人 没有 医院 保险 付 钱 不行,急诊 医院 发现 这 多 没有 医院 保险 付 负责 不行,急诊 医院 发现 这 多 没有 医院 保险 付 负责 不行,急诊 医院 发现 这 多 没有 医院 保险 付 负责 不行,急诊 医院 发现 有 多 没有 医院 保险 走 负责,急诊 医院 发现 这 多 没有 医院 保险 走 负责 不行
S007154_P0003_T00,全国 人们 对 事故 不幸 亲属 表示 难过,全部 人 对 这 发生 故障 他 亲属 表示 难过 委屈,全部 人 对 这 发生 故障 亲属 表示 难过 委屈,全部 人 对 这 发生 故障 亲属 表示 难过 委屈,全部 人 对 那 年 事故 亲属 表示 难过,全部 人 对 他 发生 故障 亲属 表示 委屈
S007154_P0007_T00,全国 人们 对 事故 不幸 亲属 表示 难过,全部 人们 对 这 事故 倒霉 亲属 表示 难过,全部 人们 对 这 事故 倒霉 亲属 表示 难过,全部 人们 对 这 事故 倒霉 亲属 表示 难过,全部 是 人们 对 会 亲属 熟悉,全部 人们 对 这 事情 事故 倒霉 亲属 表示 难过
S007160_P0003_T00,他 学生 爱好 电脑 他 一直 是 找 借口 骗 爸爸 妈妈 钱 去 上网,他 爱好 电脑 他 找 鼓励 模仿 中 钱 字幕 网,他 爱好 电脑 你 找 参加 爸爸 钱 网,他 爱好 电脑 你 找 模仿 妈妈 钱 去 网,他 爱好 电脑 大家 要 劳动 妈妈 网,他 爱好 电脑 你 找 参加 爸爸 妈妈 钱 网
S007161_P0000_T00,老师 教 学 工作 年 年 得 丰富 经验,老师 教 学 工作 年 得 好 多 经验,老师 教 学 工作 年 得 多 经验,老师 教 学 工作 年 得 多 经验,老师 教 学 医生 工作 年 得 多 经验,老师 教 学 工作 年 得 多 经验
S007167_P0007_T00,快递 员工 今天 积极 工作,快递 员工 今天 工作,快递 员工 今天 工作,快递 员工 今天 工作,贵 钱 今天 工作,员工 今天 积极 工作
S007175_P0003_T00,你 女儿 房子 美丽 全部 颜色 粉,你 女儿 房子 美丽 全部,你 女儿 房子 美丽 全部 钱,你 女儿 房子 美丽 全部 颜色,他 女儿 房子 美丽 全部 喜欢,他 女儿 房子 美丽 全部 钱
S007175_P0007_T00,你 女儿 房子 美丽 全部 颜色 粉,你 女儿 房子 美丽 全部 颜色 粉,你 女儿 房子 美丽 全部 颜色 粉,你 女儿 房子 美丽 全部 颜色 粉,女儿 房子 谁 全部 喜欢 粉,这 女儿 房子 美丽 全部 颜色 粉
S007192_P0007_T00,限制 人流 方法 什么 票 钱 提高,人流 方法 是 票 钱 提高,人流 方法 是 票 钱 提高,人 人流 方法 是 票 钱 提高,因为 人 人流 方法 要 彩票 先 提高,对 公司 方法 是 破坏 钱 提高
S007211_P0000_T00,天 多 晚 我 害怕,天 晚上 我 害怕,天 晚上 我 害怕,天 晚上 我 害怕,晚上 我 害怕,天 晚上 我 害怕
S007211_P0007_T00,天 多 晚 我 害怕,晚上 我 害怕,晚上 我 害怕,天 晚上 我 害怕,我 害怕,天 晚上 我 害怕
S007218_P0007_T00,考 验 小 风 抵挡 不行 爱 感情 时间 长 不行,考试 验 风 抵挡 爱 感情 时间 长 不行,考试 验 风 抵挡 爱 感情 时间 不行,考试 验 风 抵挡 不行 爱 感情 时间 不行,考试 年 抵挡 爱 时间,考试 验 风 人 不行 爱 感情 时间 不行
S007229_P0003_T00,创新 是 艺术 如果 只 模仿 模仿 模仿 艺术 有 什么 活泼 力量,法律 艺术 如果 模仿 技术 有 活,明 是 艺术 如果 模仿 技术 有 活,创 是 艺术 如果 模仿 技术 有 什么 活,明 是 用 中 模仿 技术 越,创 是 艺术 如果 模仿 人 技术 有 什么 活 力
S007229_P0007_T00,创新 是 艺术 如果 只 模仿 模仿 模仿 艺术 有 什么 活泼 力量,技术 事情 重要 发明 模仿 技术 有 活,技术 事情 重要 发明 模仿 技术 有 过敏,技术 事情 重要 发明 模仿 技术 有 活,事情 在 每天 风 模仿 遇 技术 过敏,我 重要 发明 追 技术 有 过敏
S007256_P0003_T00,我 实践 工资 没有 公交车 增加 贴 有,我 喝 没有 公交车 最 有,我 吃 人 没有 公交车 增加 有,我 吃 人 没有 增加 有,我 吃 赚 工资 没有 增加 好 多,我 有 没有 公交车 增加 有
S007259_P0000_T00,1 盒子 八宝粥 时间 废,这 盒子 八宝粥 时间 过期,八宝粥 时间 废,长江 八宝粥 时间 废,八宝粥 中国 废,路 八宝粥 时间 废
S007278_P0000_T00,越 多 到 最后 阶段 我们 越 多 不行 放松,多 到 最后 阶段 我们 越 不行 心 身体,多 到 最后 阶段 我们 越 多 不行 心,越 多 到 最后 阶段 我们 越 多 不行 心 不管,多 要 最后 阶段 我们 要 努力 担心,十 到 最后 阶段 我们 最 多 不行 心
S007278_P0007_T00,越 多 到 最后 阶段 我们 越 多 不行 放松,你 到 最后 阶段 我们 越 不行 心 身体,你 到 最后 阶段 我们 越 不行 心 难过,你 到 最后 阶段 我们 越 不行 心 难过,只 要 最后 阶段 我们 心 难过,你 多 到 最后 阶段 我们 抵挡 不行 心 忍受
S007293_P0000_T00,领导 迟到 30 分钟 会议 拖延 开始,每 人 迟到 多 会议 线 期 开始,人 迟到 多 会议 报名 开始,人 迟到 多 会议 30 开始,人 迟到 多 会议 报名 开始,人 所以 多 会议 详细 开始
S007293_P0003_T00,领导 迟到 30 分钟 会议 拖延 开始,领导 迟到 分钟 会议 伤害 开始,领导 迟到 分钟 会议 伤害 开始,领导 迟到 分钟 会议 伤害 开始,领导 会议 开始,领导 迟到 会议 伤害 开始
S007300_P0000_T00,我 分别 介绍 多少 同 同事,我 介绍 多少 同事,我 分别 介绍 多少 同事,我 分别 介绍 多少 同事,我 分别 恋爱 每 同事,我 分别 介绍 多少 同事
S007300_P0003_T00,我 分别 介绍 多少 同 同事,我 买 多少 组,我 买 人 多少 同 组,我 买 一直 多少 一样 组,我 在 写 题目 多少 同 组,我 害怕 多少 一样 同 学生 组
S007307_P0003_T00,安装 2 万,安装 改变 天,安装 天,安装 天,安装 天 赋,安装 改变
S007321_P0007_T00,坏 人 拿 死 牛 当 活 牛 买,人 坏 用 死 牛 为 买,人 坏 用 死 牛 为 买,人 坏 用 死 牛 为 买,人 经常 用 难 代表 会 买,敌人 坏 用 死 牛 为 活 买
S007325_P0000_T00,堵车 爸爸 勉强 换 走,堵车 爸爸 勉强 变 走,堵车 爸爸 勉强 变,堵车 爸爸 勉强 变 走,勉强 斑马线,堵车 爸爸 勉强 变 走
S007325_P0003_T00,堵车 爸爸 勉强 换 走,堵车 爸爸 走 出租车,堵车 爸爸 我 出租车,堵车 爸爸 出租车,堵车 中国 我 出租车,堵车 爸爸 要 从 出租车
S007336_P0000_T00,这 石 是 自然,他 喜欢 是 自然,他 喜欢 是 自然,他 喜欢 是 自然,这 吃 不够,这 是 自然
S007337_P0003_T00,我 男 朋友 买 大 高 娃娃 作为 生日 礼物 给 我,我 男 朋友 大 做 为 生日 礼物 送 给 我,我 男 朋友 买 大 做 为 生日 礼物 给 我,我 男 朋友 买 大 高 抱 做 为 生日 礼物 给 我,我 朋友 买 大 做 作为 生日 礼物 送 给 我,我 男 朋友 买 大 长大 做 为 生日 医院 礼物 给 我
S007337_P0007_T00,我 男 朋友 买 大 高 娃娃 作为 生日 礼物 给 我,我 男 朋友 买 大 娃娃 作为 生日 礼物 送 我,我 男 朋友 买 大 高 娃娃 作为 生日 礼物 送 我,我 男 朋友 买 大 高 娃娃 作为 生日 礼物 送 我,我 女 朋友 买 大 娃娃 为 生日 礼物 送 给,我 男 朋友 高 做 生日 礼物 送 我
S007350_P0000_T00,我 有 多少 同事 喜欢 摸鱼 摸鱼,如果 我们 工作 在 心 人 像 想 摸鱼 想 给 自己 炒 好 好处,如果 我们 工作 在 心 人 像 感觉 摸鱼 想 给 自己 炒 好处,如果 我们 工作 在 粗 有 人 像 感觉 摸鱼 想 给 自己 好处,我们 工作 在 人 像 感觉 摸鱼 给 这,如果 我们 工作 在 人 像 感觉 摸鱼 想 遗憾 自己 炒 好 好处
S007361_P0003_T00,生命 短 全部 记仇 意思 没有,生 迟到 全部 道理 没有,生 全部 道理 没有,生 全部 安全 意思 没有,生 落 全部 年,生 全部 道理 没有
S007362_P0000_T00,这 视频 你 作弊 行为,这 你 作弊 行为,这 你 作弊 行为,这 你 作弊 行为,这 你 作弊 中国 行为 运动,这 你 作弊 行为
S007372_P0000_T00,留 收 租 结束 会 退,他 收 租 结束 会 退,他 收 租 结束 会,他 收 租 结束 会 退,因为 收 结束 规定,固定 收 租 结束 会
S007372_P0007_T00,留 收 租 结束 会 退,接受 租 结束 会 摔倒,我 收 租 结束 会,我 收 租 结束 会,因为 接受 最 结束 会 必须,签名 接受 租 结束 会
S007384_P0003_T00,钥匙 坏 我 拿 不行,坏 我 拿 不行,他 坏 我 拿 不行,他 坏 我 拿 不行,他 坏 我 不行,这 坏 我 拿 不行
S007387_P0000_T00,工 人 仔细 养 保护 花 草 树,工 工资 仔细 养 保护 花 草 树,工 人 仔细 养 保护 花 草 树,工 人 仔细 养 保护 花 草 树,工 人 仔细 保护 花 草,工 人 仔细 保护 病 华 草 树
S007390_P0003_T00,上海 最 外国 气 是 建筑 标志 最 美丽 老 外国 房子,上海 外国 空气 建筑 是 上海 准确 外国 房子,上海 最 外国 是 上海 标志 外国 房子,上海 最 空气 建设 是 上海 标志 外国 房子,癌 最 多 问题 1 上海 标志 小 去 房子,项目 最 外国 是 上海 标志 去 房子
S007396_P0000_T00,小 猫 睡觉 有,猫 睡觉,早 猫 睡觉,猫 睡觉,早 吃 睡觉,你 猫 睡觉
S007396_P0003_T00,小 猫 睡觉 有,小 吃 睡觉 有,吃 睡觉 有,吃 睡觉 有,吃 睡觉 有,吃 睡觉 有
S007397_P0000_T00,厨师 发现 吃饭 地方 老鼠 有 1,厨师 发现 吃 地方 有 1,厨师 发现 吃 地方 有 1,厨师 发现 吃 地方 有 1,厨师 发现 血 有,厨师 发现 吃 地方 人 肯定 有 1
S007397_P0007_T00,厨师 发现 吃饭 地方 老鼠 有 1,厨师 发现 地方 有 1,厨师 发现 地方 有 1,厨师 发现 准备 有 1,厨师 快 地方,厨师 发现 方面 有 1
S000020_P0004_T00,他 今天 年龄 4,他 今天 年龄 3,他 今天 年龄 3,他 今天 年龄 3,他 今天 年龄 多少,他 今天 年龄 3
S000040_P0008_T00,今天 星期 多少,今天 星期 5,今天 星期 5,今天 星期 5,今天 5 多少,今天 星期 5
S000054_P0008_T00,今天 我 想 面,今天 我 想 面,今天 我 想 面,今天 我 想 面,今天 我 想 面 面条,今天 我 想 面
S000153_P0000_T00,你 小 张 什么 时间 认识,这 小 张 什么 时间 认识,这 小 张 什么 时间 认识,这 小 张 什么 时间 认识,这 厕所 张 时间 认识,他 小 张 什么 时间 认识
S000185_P0004_T00,超市 我 要 买 椅子 你 去,超市 我 要 买 椅子 你 去,超市 我 要 买 椅子 你 去,超市 我 要 买 椅子 你 去,超市 我 买 椅子 你 去,超市 我 要 买 椅子 你 去
S000185_P0008_T00,超市 我 要 买 椅子 你 去,超市 我 要 买 椅子 你 来,超市 我 要 买 椅子 你 来,超市 我 要 买 椅子 你 来,超市 我 要 买 椅子 你 他 来,超市 我 要 买 椅子 你 来
S000195_P0004_T00,下午 他们 要 做 什么,下午 你们 想 做 什么,下午 你们 去 做 什么,下午 你们 去 做 什么,下午 你 去 做 什么,下午 你们 去 做 什么
S000196_P0008_T00,椅子 他们 想 什么 时间 去 买,椅子 你们 想 什么 时间 去 买,椅子 你们 想 什么 时间 去 买,椅子 你们 想 什么 时间 去 买,椅子 他们 什么 时间 去 买,椅子 你们 想 什么 时间 去 买
S000201_P0000_T00,我 每天 早 6 起床,我 每天 早 6 起床,我 每天 早 旅游 6 起床,我 每天 早 旅游 6 起床,我 每天 早 点 多少 起床,我 每天 早 旅游 起床
S000213_P0004_T00,他 每天 来 累 多,他 每天 来 累 多,他 每天 来 累 多,他 每天 来 累 多,你 想 每天 累 多,他 每天 来 累 多
S000213_P0008_T00,他 每天 来 累 多,他 每天 来 累 多,他 每天 来 累 多,他 每天 来 累 多,他 每天 还 累 多,他 每天 来 累 多
S000218_P0004_T00,手表 你,手表,手表,手表,手表 多少,手表
S000218_P0008_T00,手表 你,手表,手表,手表,手表 多少,手表
S000220_P0000_T00,这 手表 钱 多少,这 手表 钱 多少,这 手表 钱 多少,这 手表 钱 多少,手表 多少,这 手表 钱 多少
S000224_P0000_T00,我 杯子 你 看,我 杯子 你 看,我 杯子 你 看,我 杯子 你 看,我 喜欢 你 看,我 杯子 你 看
S000224_P0008_T00,我 杯子 你 看,我 杯子 你 看,我 杯子 你 看,我 杯子 你 看,我 爸爸 你 找,我 杯子 你 看
S000225_P0004_T00,这 杯子 杯子 杯子 多少 你 什么 你 什么,这 多少 这 什么 这 什么,这 多少 这 什么 这 什么,这 多少 这 什么 这 什么,这 茶叶 信 不喜欢 你 怎么 去,你 请 这 什么
S000230_P0000_T00,左 房子 爸爸 妈妈 他 这 房子 大,左 房子 爸爸 妈妈 他 房子 大,左 房子 爸爸 妈妈 他 房子 大,左 房子 爸爸 妈妈 他 房子 大,左 房子 爸爸 妈妈 他 房子,左 房子 爸爸 妈妈 他 房子 大
S000230_P0008_T00,左 房子 爸爸 妈妈 他 这 房子 大,左 房子 爸爸 妈妈 他 房子 大,左 房子 爸爸 妈妈 你 房子 大,左 房子 爸爸 妈妈 你 房子 大,左 房子 爸爸 妈妈 你 房子 大,左 房子 爸爸 妈妈 你 房子 大
S000236_P0000_T00,微信 谁 发送,微信 谁 发送,微信 谁 发送,微信 谁 发送,微信 买,微信 谁 发送
S000236_P0008_T00,微信 谁 发送,微信 谁 发送,微信 谁 发送,微信 谁 发送,微信 吃 发送,微信 谁 发送
S000249_P0000_T00,踢足球 他 什么 时间 开始,踢足球 他 什么 时间 开始,踢足球 他 什么 时间 开始,踢足球 他 什么 时间 开始,丈夫 时间 开始,踢足球 他 什么 时间 开始
S000249_P0008_T00,踢足球 他 什么 时间 开始,踢足球 他 什么 时间 开始,踢足球 他 什么 时间 开始,踢足球 他 什么 时间 开始,踢足球 他 什么 时间 开始,踢足球 他 什么 时间 开始
S000255_P0000_T00,苹果 买 你,苹果 买 你,苹果 买 你,苹果 买 你,苹果 买 你,苹果 买 你
S000255_P0008_T00,苹果 买 你,苹果 买 你,苹果 买 你,苹果 买 你,早 买,苹果 买 你
S000257_P0000_T00,我们 晚上 饭店 怎么样,我们 晚上 饭店 怎么样,我们 晚上 饭店 怎么样,我们 晚上 饭店 怎么样,我们 晚上 酒 怎么样,我们 晚上 吃 饭店 怎么样
S000262_P0004_T00,帮助 看 这 衣服 怎么样,帮助 看 要 衣服 怎么样,帮助 看 要 怎么样,帮助 看 要 我 怎么样,帮助 保险 老 要 怎么样,帮助 看 我 衣服 怎么样
S000274_P0000_T00,今天 天气 冷 小,今天 天气 冬天 小,今天 天气 冬天 小,今天 天气 冬天 小,今天 天气 冬天 小,今天 天气 冬天 小
S000275_P0004_T00,我 昨天 累 有 小,我 昨天 累 小,我 昨天 累 小,我 昨天 累 小,我 累 小,我 昨天 累 小
S000291_P0000_T00,月 1 我 游泳 每天,1 月 我 游泳 每天,1 月 我 游泳 每天,1 月 我 游泳 每天,月 我 游泳 每天,1 月 我 游泳 每天
S000291_P0004_T00,月 1 我 游泳 每天,月 我 每天,因为 月 我 每天,月 我 每天,请客 我 游泳 每天,因为 月 我 每天
S000295_P0000_T00,不是 他 去 见面 同学,不是 他 去 同学,考试 他 去 同学,不是 他 去 同学,考试 他 同学,考试 他 去 同学
S000295_P0008_T00,不是 他 去 见面 同学,不是 他 去 见面 同学,不是 他 去 见面 同学,不是 他 去 见面 同学,不是 他 去 见面 同学,不是 他 去 看 同学
S000313_P0004_T00,可以 这 近 不 远 饭店 走 分 多少 到,可以 这 近 不 远 饭店 走 分钟 到,可以 这 近 不 远 饭店 去 分钟 到,可以 这 近 不 远 饭店 走 分钟 到,不 他 饭店 去 酒 有,可以 这 近 不 饭店 走 5 分钟 到
S000313_P0008_T00,可以 这 近 不 远 饭店 走 分 多少 到,可以 这 近 不 饭店 走 分钟 到,可以 这 近 不 饭店 走 分钟 到,可以 这 近 不 饭店 走 多少 分钟 到,刚才 这 出租车 不 饭店 酒 到,可以 这 近 不 饭店 走 分钟 到
S000317_P0004_T00,公司 房子 远 他 为什么 出租车 不,公司 房子 远 他 为什么 出租车 不,公司 房子 远 他 为什么 出租车 不,公司 房子 远 他 为什么 出租车 不,公司 远 他 为什么 拿 不,公司 房子 远 他 为什么 出租车 不
S000317_P0008_T00,公司 房子 远 他 为什么 出租车 不,公司 房子 远 他 为什么 出租车 不,公司 房子 远 他 为什么 出租车 不,公司 房子 远 他 为什么 出租车 不,公司 房子 远 他 为什么 不 出租车 不,公司 房子 远 他 为什么 出租车 不
S000331_P0004_T00,这 衣服 红 怎么样 这 是 新,这 衣服 红 怎么样 你 新,这 衣服 红 怎么样 你 新,这 衣服 红 怎么样 你 新,这 衣服 红 怎么样 你 多少,这 衣服 红 怎么样 这 新
S000331_P0008_T00,这 衣服 红 怎么样 这 是 新,这 衣服 红 怎么样 你 是 新,这 衣服 红 怎么样 你 是 新,这 衣服 红 怎么样 你 是 新,你 这 红 怎么样 你 来,这 衣服 红 怎么样 他 是 新
S000362_P0000_T00,这 看 手机 这 女 他 你 女 朋友 是,你 看 电话 你 女 他 你 女 朋友 是,你 看 手机 你 女 他 你 女 朋友 是,你 看 手机 你 女 他 你 女 朋友 是,这 看 你 他 你 女 朋友 是,你 看 手机 你 女 他 你 女 朋友 是
S000362_P0004_T00,这 看 手机 这 女 他 你 女 朋友 是,你 看 手机 你 女 他 女 朋友 是,你 看 手机 你 女 他 女 朋友 是,你 看 手机 你 女 他 女 朋友 是,你 晚上 喜欢 他 什么 你 女 朋友 可以,你 看 手机 这 女 看 他 女 朋友 是
S000373_P0000_T00,你 比 我 早 起床 小时 1,你 比 我 早 起床 小时,你 比 我 早 起床 1 小时,你 比 我 早 起床 小时,你 早 起床 1 小时,你 比 我 早 起床 1 小时
S000373_P0008_T00,你 比 我 早 起床 小时 1,你 我 早 起床 1 小时,你 我 小 早 起床 小时 1,你 我 早 起床 小时 1,你 小 男 在 起床 小时 1,你 比 我 早 起床 小时 1
S000379_P0004_T00,雪 今天 冷,雪 今天 冷,雪 今天 冬天,雪 今天 冷,雪 今天 冬天,雪 今天 冬天
S000379_P0008_T00,雪 今天 冷,雪 今天 冬天,雪 今天 冬天,雪 今天 冬天,雪 今天 冬天,雪 今天 冬天
S000388_P0000_T00,这 男 我 陌生,他 男 我 陌生,他 男 我 陌生,这 男 我 陌生,他 男 我 开始,这 男 我 陌生
S000414_P0004_T00,时间 过 快 新 年龄 快 到,时间 过 快 新 年龄 准备 到,时间 过 快 新 年龄 准备 到,时间 过 快 新 年龄 准备 到,时间 过 生活 改变 新 年龄 合肥 好,时间 过 快 新 年龄 准备 到
S000414_P0008_T00,时间 过 快 新 年龄 快 到,时间 生活 快 新 年龄 快 到,时间 过 快 新 年龄 快 到,时间 过 快 新 年龄 快 到,时间 过 手机 年龄 快,时间 过 快 新 年龄 快 到
S000433_P0000_T00,你 上网 一直 不行,你 上网 一直 不行,你 上网 一直 不行,你 上网 一直 不行,你 上网 一直 烦,你 上网 一直 不行
S000433_P0004_T00,你 上网 一直 不行,你 上网 一直 不行,这 上网 一直 不行,这 上网 一直 不行,这 上网 会,这 上网 一直 不行
S000438_P0004_T00,水果 面包 茶叶 我 准备 好了 我们 还 带 什么,水果 面包 茶叶 我们 准备 好 我们 还 带 什么,水果 面包 茶叶 我们 准备 好 我们 还 带 什么,水果 面包 茶叶 我们 准备 好 我们 还 带 什么,哥哥 水果 面包 茶叶 我们 准备 去 我们 还 汽车 什么,水果 面包 茶叶 我们 准备 好 我们 还 什么
S000438_P0008_T00,水果 面包 茶叶 我 准备 好了 我们 还 带 什么,面包 水果 茶叶 我 准备 好了 我们 还 带 什么,面包 水果 茶叶 我 准备 好了 我们 还 带 什么,面包 水果 茶叶 我 准备 好了 我们 还 带 什么,面包 水果 茶叶 我 准备 好了 我们 还 带 什么,面包 水果 茶叶 我 准备 好了 我们 还 带 什么
S000440_P0000_T00,这 昨天 下午 我 准备 好了,你们 昨天 下午 我 准备 好了,你们 昨天 下午 我 准备 好了,你们 昨天 下午 我 准备 好了,这 3 下午 我 准备 好了,你们 昨天 下午 我 准备 好了
S000440_P0004_T00,这 昨天 下午 我 准备 好了,你们 我 昨天 下午 准备 好了,你们 我 想 下午 准备 好了,你们 我 知道 下午 准备 好了,这 我 手机 下午 准备 好了,你们 我 想 下午 准备 好了
S000452_P0004_T00,你 看 我 胖 怎么办,你 看 我 胖 怎么办,你 看 我 胖 怎么办,你 看 我 胖 怎么办,你 我 胖 怎么办,你 我 胖 怎么办
S000452_P0008_T00,你 看 我 胖 怎么办,你 看 我 胖 怎么办,你 看 我 胖 怎么办,你 看 我 胖 怎么办,你 看 我 胖 怎么办,你 看 我 胖 怎么办
S000455_P0000_T00,但是 你 瘦 小 没有 你 做 什么 运动,但是 你 瘦 小 没有 你 做 什么,但是 你 瘦 小 没有 你 做 什么,但是 你 瘦 小 没有 你 做 什么,但是 你 小 没有 你 做 什么,但是 你 瘦 小 没有 你 做 什么
S000455_P0008_T00,但是 你 瘦 小 没有 你 做 什么 运动,但是 你 瘦 小 没有 你 做 什么 运动,但是 你 瘦 小 没有 你 做 什么 运动,但是 你 瘦 小 没有 你 做 什么 运动,但是 你 小 不 你 做 什么 运动,但是 你 瘦 小 没有 你 做 什么 运动
S000460_P0000_T00,阴 电视 说 多 云 怎么 明天 有 事情,阴 电视 说 多 天气 什么 明天 事情,阴 电视 说 多 天气 什么 明天 好,阴 电视 说 多 天气 什么 明天 好,电视 说 公交车 天气 什么 明天 买,阴 电视 说 多 天气 什么 明天 好
S000460_P0004_T00,阴 电视 说 多 云 怎么 明天 有 事情,梦想 电视 说 明天 天气 什么 你 想 什么 事情,阴 电视 说 明天 天气 什么 你 明天 什么 事情,阴 电视 说 明天 什么 你 明天 有 事情,阴 电视 小 明天 退 明天 你 明天 什么 事情,阴 电视 说 明天 天气 什么 你 明天 事情
S000464_P0000_T00,山 爬 我 去 不 我 有 事情,山 爬 我 去 不 我 有 事情,山 爬 我 去 不 我 有,山 爬 我 去 不 我 有 事情,山 爬 我 不 我 女儿,山 爬 我 去 不 我 有
S000464_P0004_T00,山 爬 我 去 不 我 有 事情,山 爬 我 去 不 我 有 事情,山 爬 我 去 不 我 有 事情,山 爬 我 去 不 我 有 事情,山 爬 我 不 我 有 事情,不 山 爬 我 去 不 我 有 事情
S000466_P0000_T00,我 记得 你 有 裤子 1 2,我 记得 你 有 裤子 1 2,我 记得 你 有 裤子 1 2,我 记得 你 有 裤子 1 2,我 医生 你 多 裤子 1,我 记得 你 有 裤子 1 2
S000466_P0008_T00,我 记得 你 有 裤子 1 2,我 记得 你 有 裤子 1 2,我 记得 你 有 裤子 1 2,我 记得 你 有 裤子 1 2,我 医生 你 多 裤子 1 多少,我 记得 你 有 裤子 1 2
S000468_P0000_T00,这 裤子 怎么样,这 裤子 怎么样,这 裤子 怎么样,这 裤子 怎么样,这 裤子 怎么样,这 裤子 怎么样
S000468_P0008_T00,这 裤子 怎么样,这 裤子 怎么样,这 裤子 怎么样,这 裤子 怎么样,这 裤子 怎么样,这 裤子 怎么样
S000475_P0008_T00,桌子 这 甜 喝 多 你 想 喝 什么,桌子 这 糖 喝 多 你 想 喝 什么,桌子 这 糖 喝 多 你 想 喝 什么,桌子 这 糖 喝 多 你 想 喝 什么,桌子 这 糖 喝 你 想 吃 什么,桌子 这 糖 喝 多 你 想 喝 什么
S000496_P0000_T00,房子 找 刚才 是 不是 桌子 这,房子 找 最近 是 不是 桌子 这,房子 找 最近 看 不是 桌子 这,房子 找 最近 是 不是 桌子 这,房子 没有 钱 小 看 在 桌子 这,房子 最近 看 不是 桌子 这
S000502_P0000_T00,学校 大 累,学校 大 累,学校 大 累,学校 大 累,学校 大 累,学校 大 累
S000504_P0004_T00,我 喝 咖啡 怎么,我 喝 咖啡 什么,我 喝 咖啡 什么,我 喝 咖啡 什么,我 喝 咖啡 没有,我 喝 咖啡 什么
S000504_P0008_T00,我 喝 咖啡 怎么,我 喝 咖啡 什么,我 喝 咖啡 什么,我 喝 咖啡 什么,我 喝 咖啡 慢,我 喝 咖啡 什么
S000550_P0004_T00,你 今天 为什么 去 不,你 今天 为什么 去 没有,你 今天 年 为什么 去 没有,你 今天 年 为什么 去 没有,你 今天 为什么 没有,你 今天 年 1 去 没有
S000550_P0008_T00,你 今天 为什么 去 不,你 今天 为什么 去 不,你 今天 为什么 去 不,你 今天 为什么 去 不,你 今天 为什么 去 不,你 今天 为什么 去 不
S000560_P0008_T00,你 请假 天 多少 想,你 请假 天 感觉,你 请假 天 感觉,你 请假 天 醒,你 请假 想 你 牛奶,你 请假 天 感觉 不会
S000561_P0000_T00,小 张 这 女 是 你 公司 你 了解 他,小 张 这 女 是 公司 你 了解,小 张 这 女 是 公司 了解,小 张 这 女 是 公司 了解,是 你 手机 你 公司 了解,小 张 这 女 是 公司 了解
S000561_P0004_T00,小 张 这 女 是 你 公司 你 了解 他,小 张 是 你 公司 你 了解,小 张 是 你 公司 你 了解,小 张 是 你 公司 你 了解,小 张 你 离婚 你 有,小 张 是 你 公司 你 了解
S000568_P0008_T00,医院 去 不用 我 问 你 你 运动 多 长 没有,医生 去 不用 我 喝 你 运动 远 没有,医生 去 不用 喝 你 运动 远 没有,医生 去 不用 我 喝 你 运动 远 没有,医生 不行 喝 运动 远 快,医生 去 不 我 喝 你 运动 远 没有
S000573_P0000_T00,请 你 说 为什么 选择 我们 公司 工作,请 你 为什么 选择 我们 公司 工作,请 你 为什么 选择 我们 公司 工作,请 你 为什么 选择 我们 公司 工作,请 这 为什么 选择 我 公司,请 你 为什么 选择 我们 公司 工作
S000576_P0004_T00,我 只 要 同意 我 信 夫妻 会 同意,我 只 要 1 我 信 你 结婚 会 同意,我 只 要 同意 我 信 你 结婚 会 同意,我 只 要 同意 我 信 这 结婚 会 同意,我 只 低头 我 信 你 会 他,我 只 要 同意 我 信 你 会 同意
S000576_P0008_T00,我 只 要 同意 我 信 夫妻 会 同意,我 只 要 同意 我 信 要 结婚 会,我 只 要 同意 我 信 要 结婚 会,我 只 要 同意 我 信 要 结婚 会,我 只 要 有 我 信 我 结婚 会,我 只 要 同意 我 信 要 结婚 会 批准
S000578_P0000_T00,没有 谢谢 你 给 我 机会 我 会 努力,好 你 明天 工作 联系 这 工作 你 还 什么,好 你 明天 工作 联系 这 工作 你 还 有 什么,好 你 明天 来 工作 联系 这 工作 你 还 什么,好 你 想 工作 联系 这 工作 还 有 什么,好 你 明天 来 工作 联系 这 工作 你 还 什么
S000578_P0008_T00,没有 谢谢 你 给 我 机会 我 会 努力,好 你 明天 来 工作 联系 这 工作 你 还 什么,好 你 明天 来 工作 联系 这 工作 你 还 什么,好 你 明天 来 工作 联系 这 工作 你 还 什么,好 你 明天 工作 联系 这 工作 还 什么,好 你 明天 来 工作 联系 这 工作 你 还 什么
S000598_P0000_T00,先 把 茶叶 喝 放 还 冰箱 西瓜 拿,因为 把 茶叶 喝 还 冰箱 读书 拿,因为 把 茶叶 喝 还 冰箱 读书 拿,因为 把 茶叶 喝 还 冰箱 读书 拿,因为 部分 茶叶 签名 还 手机 冰箱,因为 把 茶叶 喝 还 冰箱 读书 拿
S000598_P0004_T00,先 把 茶叶 喝 放 还 冰箱 西瓜 拿,因为 先 把 茶叶 准备 桌子 冰箱 拿 西瓜 拿,因为 先 拿 茶叶 放 桌子 冰箱 拿 西瓜 拿,因为 先 拿 茶叶 放 冰箱 拿 西瓜 拿,因为 茶叶 放 桌子 冰箱 拿 西瓜 药,先 把 茶叶 汽车 放 桌子 冰箱 拿 组 拿
S000603_P0008_T00,这 衣服 我 穿 小 给 我 弟弟,这 衣服 我 穿 小 给 我 弟弟,这 衣服 我 穿 小 给 我 弟弟,这 衣服 我 穿 小 给 我 弟弟,这 衣服 我 穿 送 我 喜欢,这 衣服 我 穿 小 给 我 弟弟
S000616_P0008_T00,上海 明天 要 雪,上海 明天 要 雪,上海 明天 要 雪,上海 明天 要 雪,上海 明天 要 雪,上海 明天 要 雪
S000620_P0000_T00,中午 吃 好了 要 多 吃 水果,中午 吃 好了 要 多 吃 水果,中午 吃 好了 要 多 吃 水果,中午 吃 好了 要 多 吃 水果,喝 中午 吃 好了 要 多 八宝粥 苹果,中午 吃 好了 要 多 水果
S000625_P0004_T00,早 吃 我 吃 面包 牛奶,早 吃 我 吃 面包 牛奶,早 吃 我 吃 面包 牛奶,早 吃 我 吃 面包 牛奶,早 吃 我 吃 面包 牛奶,早 吃 我 吃 面包 牛奶
S000625_P0008_T00,早 吃 我 吃 面包 牛奶,早 吃 我 吃 面包 牛奶,早 吃 我 吃 面包 牛奶,早 吃 我 吃 面包 牛奶,早 吃 我 面包 牛奶,早 吃 我 吃 面包 牛奶
S000637_P0000_T00,你们 吃 什么 我 请客,你们 吃 什么 我 请客,你们 吃 什么 我 请客,你们 吃 什么 我 请客,你们 吃 什么 我 请客,你们 吃 什么 我 请客
S000637_P0008_T00,你们 吃 什么 我 请客,你们 吃 什么 我 请客,你们 吃 什么 我 请客,你们 吃 什么 我 请客,你们 吃 什么 我 请客,你们 吃 什么 我 请客
S000638_P0004_T00,裤子 我 想 试 那 试 衣服 在 什么,裤子 我 想 试 衣服 在 哪,裤子 我 想 试 衣服 在 什么,裤子 我 想 试 衣服 在 什么,裤子 我 想 去 衣服 在 什么,裤子 我 想 试 衣服 在 什么
S000638_P0008_T00,裤子 我 想 试 那 试 衣服 在 什么,裤子 我 想 衣服 在 哪,裤子 我 想 衣服 在 什么,裤子 我 想 试 衣服 在 哪,裤子 我 想 试 衣服 在 什么,裤子 我 想 衣服 在 什么
S000656_P0004_T00,天气 预报 明天 雪 多 穿 衣服,天 预报 明天 下 雪 衣服 多,天 预报 明天 下 雪 衣服 多,天 预报 明天 下 雪 衣服 多,天 预报 明天 雪 穿 多,天 预报 明天 下 雪 衣服 穿 多
S000656_P0008_T00,天气 预报 明天 雪 多 穿 衣服,天气 预报 明天 雪 多 穿 衣服,天气 预报 明天 雪 多 穿 衣服,天气 预报 明天 雪 多 穿 衣服,天气 预报 明天 雪 多 穿 可以,天气 预报 明天 雪 多 穿 衣服
S000669_P0000_T00,医院 旁边 超市,医院 旁边 超市,医院 旁边 超市,医院 旁边 超市,医院 电脑 超市,医院 旁边 超市
S000673_P0000_T00,我 预定 1 生日 蛋糕 给,我 预定 1 生日 蛋糕 给,我 预定 1 生日 蛋糕 给,我 预定 1 生日 蛋糕 给,我 预定 1 生日 蛋糕 给,我 预定 1 生日 蛋糕 给
S000673_P0008_T00,我 预定 1 生日 蛋糕 给,我 预定 1 生日 蛋糕 送,我 预定 1 生日 蛋糕 送,我 预定 1 生日 蛋糕 给,我 预定 1 生日 蛋糕 送,我 预定 1 生日 蛋糕 送
S000690_P0000_T00,冬天 我 喜欢 雪 美丽,冬天 我 喜欢 雪 美丽,冬天 我 喜欢 雪 美丽,冬天 我 喜欢 雪 美丽,冬天 我 颜色 雪白 骄傲,他 冬天 我 喜欢 雪 美丽
S000690_P0008_T00,冬天 我 喜欢 雪 美丽,冬天 我 喜欢 雪 美丽,冬天 我 喜欢 雪 美丽,冬天 我 喜欢 雪 美丽,冬天 我 喜欢 雪 吃,冬天 我 喜欢 雪 美丽
S000695_P0004_T00,上海 热 那 热 多 要 买 空调,上海 热 多 买 空调,上海 热 多 买 空调,上海 热 多 买 空调,上海 热 多 买 空调,上海 热 多 要 买
S000695_P0008_T00,上海 热 那 热 多 要 买 空调,上海 热 多 要 买 空调,上海 热 多 要 买 空调,上海 热 多 要 买 空调,上海 知道 热 多 要 买 空调,上海 热 多 要 买 空调
S000708_P0000_T00,我们 公交车 去 学校,我们 公交车 去 学校,我们 公交车 去 学校,我们 公交车 去 学校,我们 公交车 去 学校,我们 公交车 去 学校
S000708_P0004_T00,我们 公交车 去 学校,我们 公交车 去 学校,我们 公交车 去 学校,我们 公交车 去 学校,我们 公交车 去 学校,我们 公交车 去 学校
S000718_P0000_T00,我们 飞机 拖延 今天 酒店 住,我们 飞机 拖延 今天 饭店 酒店 睡觉,我们 飞机 拖延 今天 酒店 睡觉,我们 飞机 拖延 今天 饭店 酒店 睡觉,我们 今天 酒店 多少,我们 飞机 拖延 今天 酒店 睡觉
S000718_P0004_T00,我们 飞机 拖延 今天 酒店 住,我们 飞机 拖延 今天 酒 睡觉,我们 飞机 拖延 今天 酒 睡觉,我们 飞机 拖延 今天 酒 睡觉,我们 飞机 拖延 今天 酒 多少,我们 飞机 拖延 今天 酒 睡觉
S000724_P0000_T00,跑步 好了 口渴 我 想 喝,跑步 好了 口渴 我 想 喝,跑步 好了 口渴 我 想 喝,跑步 好了 口渴 我 想 喝,跑步 好了 口渴 我 想 喝,跑步 好了 口渴 我 想 喝
S000724_P0004_T00,跑步 好了 口渴 我 想 喝,跑步 好了 我 口渴 想 喝,跑步 好了 我 口渴 想 喝,跑步 好了 我 口渴 想 喝,跑步 好了 我 只好 想 喝,跑步 好了 我 口渴 想 喝
S000783_P0000_T00,晚上 你 时间 有 多少 时间 有 我 想 2 跑步,晚上 你 有 时间 多少 时间 有 我 想 2 跑步,晚上 你 有 时间 多少 时间 有 我 想 跑步,晚上 你 有 时间 多少 时间 有 我 想 2 跑步,晚上 多 时间 有 时间 有 我 想 跑步,晚上 你 有 时间 多少 时间 有 我 想 跑步
S000786_P0000_T00,公交车 站 远 我们 出租车 去 房子,公交车 站 远 我们 出租车 去 房子,公交车 站 远 我们 出租车 去 房子,公交车 站 远 我们 出租车 去 房子,公交车 站 远 我们 出租车 去 房子,公交车 站 远 我们 出租车 去 房子
S000788_P0004_T00,他 女儿 作业 晚上 每天 晚上,这 女儿 写 多 晚上 每天 晚上,这 女儿 写 多 晚上 每天 晚上,这 女儿 写 多 晚上 每天 晚上,这 儿子 写 晚上 每天 晚,这 女儿 写 多 晚上 每天 晚上
S000788_P0008_T00,他 女儿 作业 晚上 每天 晚上,他 女儿 作业 晚上 每天 晚上,他 女儿 作业 晚上 每天 晚上,他 女儿 作业 晚上 每天 晚上,他 女儿 写 晚上 每天 忙,他 女儿 作业 晚上 每天 晚上
S000791_P0000_T00,祝福 你 生日 快乐 美丽 越 多,祝福 你 生日 快乐 幸运 越 多,祝福 你 生日 快乐 美丽 越 多,祝福 你 生日 快乐 美丽 越 多,祝福 生日 快乐 美丽 不,祝福 你 生日 快乐 幸运 越
S000809_P0000_T00,学校 附近 什么 饭店 好吃,学校 附近 近 有 什么 饭店 好吃,学校 附近 有 什么 饭店 好吃,学校 附近 有 什么 饭店 好吃,学校 什么 饭店 好吃,学校 附近 有 什么 饭店 好吃
S000809_P0004_T00,学校 附近 什么 饭店 好吃,学校 附近 有 什么 好 饭店 好吃,学校 附近 有 什么 好 饭店 好吃,学校 附近 有 什么 好 饭店 好吃,学校 不行 什么 好 饭店 不行,学校 附近 有 什么 好 饭店 好吃 好
S000823_P0000_T00,今天 晚上 吃 面条 饺子,今天 晚上 吃 面条 饺子,今天 晚上 吃 面条 饺子,今天 晚上 吃 面条 饺子,今天 晚上 吃 面条 饺子,今天 晚上 吃 面条 饺子
S000823_P0008_T00,今天 晚上 吃 面条 饺子,今天 晚上 吃 面条 饺子,今天 晚上 吃 面条 饺子,今天 晚上 吃 面条 吃 饺子,今天 晚上 吃 他 吃 饺子,今天 晚上 吃 面条 饺子
S000849_P0000_T00,窗 坐 手机 选择 不行,窗 坐 手机 选择 不行,窗 坐 手机 选择 不行,窗 坐 手机 超市 不行,窗 坐 手机 选择 不行,窗 坐 手机 选择 不行
S000849_P0004_T00,窗 坐 手机 选择 不行,窗 坐 手机 选择 不行,窗 坐 手机 超市 不行,窗 坐 手机 超市 不行,窗 坐 手机 超市 可以,窗 坐 手机 选择 不行
S000852_P0000_T00,请 问 行李 什么 拿,请 问 行李 什么 拿,请 问 行李 什么 拿,请 问 行李 怎么 拿,请 问 行李 怎么 什么,请 问 行李 什么 拿
S000852_P0008_T00,请 问 行李 什么 拿,请 问 行李 怎么 拿,请 问 行李 什么 拿,请 问 行李 怎么 拿,请 问 行李 小 来,请 问 行李 什么 拿
S000860_P0004_T00,上海 地铁 多 我 不知道 什么 地铁 地铁,上海 火车 多 不知道 什么 地铁,上海 火车 多 不知道 什么 地铁,上海 火车 多 不知道 什么 地铁,上海 火车 高铁 音乐 还 逃跑,上海 火车 多 不知道 什么 地铁
S000860_P0008_T00,上海 地铁 多 我 不知道 什么 地铁 地铁,上海 火车 多 我 不知道 什么 地铁,上海 火车 多 我 不知道 什么 地铁,上海 火车 多 我 不知道 什么 地铁,上海 多 我 不知道 什么 地铁,上海 地铁 多 我 不知道 什么 地铁
S000874_P0004_T00,机场 这 我 房子 这 远 出租车,机场 这 我 房子 这 远 可以 出租车,机场 这 我 房子 这 远 可以 出租车,机场 这 我 房子 这 远 可以 出租车,机场 这 国家 房子 钥匙 远 要 飞机,机场 这 我 房子 这 远 可以 出租车
S000874_P0008_T00,机场 这 我 房子 这 远 出租车,机场 下 我 房子 这 远 不 出租车,机场 这 我 房子 这 远 出租车,机场 这 我 房子 这 远 出租车,这 我 房子 拿 远 出租车,机场 下 我 房子 这 远 出租车
S000877_P0004_T00,合肥 到 北京 高铁 坐 舒服 推荐,合肥 到 北京 高铁 坐 舒服 推荐,合肥 到 北京 高铁 坐 舒服 推荐,合肥 到 北京 高铁 坐 舒服 推荐,旅游 找 北京 高铁 就 努力 爱,合肥 到 北京 高铁 坐 舒服 保护
S000877_P0008_T00,合肥 到 北京 高铁 坐 舒服 推荐,合肥 到 北京 高铁 坐 舒服 推荐,合肥 到 北京 高铁 坐 舒服 推荐,合肥 到 北京 上 高铁 坐 舒服 推荐,合肥 到 北京 高铁 注意 要 保护,合肥 到 北京 上 高铁 坐 舒服 推荐
S000903_P0000_T00,附近 饭店 好吃 多,附近 饭店 好吃 多,附近 饭店 好吃 多,附近 饭店 好吃 多,附近 饭店 好吃 好,附近 饭店 好吃 多
S000912_P0008_T00,服务 员工 喝 倒 餐巾 拿,服务 员工 喝 小 丢 餐巾 拿,服务 员工 喝 小 餐巾 拿,服务 员工 喝 小 餐巾 拿,服务 员工 喝 吃 找,服务 员工 喝 小 餐巾 拿
S000914_P0008_T00,奶 茶叶 喝 舒服 喜欢 糖 吃 我 喜欢,茶叶 喝 舒服 喜欢 糖 吃 我 喜欢,茶叶 喝 舒服 喜欢 糖 吃 我 喜欢,茶叶 喝 舒服 喜欢 糖 吃 我 喜欢,茶叶 喝 舒服 喜欢 糖 吃 我 喜欢,今天 茶叶 喝 舒服 喜欢 糖 吃 我 喜欢
S000931_P0008_T00,水果 今天 新 买 1 西瓜 去 房子,水果 今天 新 买 1 西瓜 去 房子,水果 今天 新 买 1 西瓜 去 房子,水果 今天 新 买 1 西瓜 去 房子,水果 今天 手机 买 1 西瓜 去 房子,水果 今天 新 买 1 亲属 去 房子
S000934_P0008_T00,酒 小 菜 吃 多 吃 饱 去 房子,酒 小 菜 吃 多 吃 饱 去 房子,酒 小 菜 吃 多 吃 饱 去 房子,酒 小 菜 吃 多 吃 饱 去 房子,酒 小 吃 多 吃 饱 去 房子,酒 小 菜 吃 多 吃 饱 去 房子
S000937_P0008_T00,我 妻子 刚才 喝 酸 喜欢 有 好了 儿子 是,我 妻子 最近 喝 喜欢 好了 儿子 是,我 妻子 最近 喝 酸 喜欢 好了 儿子 是,我 妻子 最近 喝 酸 喜欢 好了 儿子 是,我 妻子 喝 喜欢 好了 儿子 是,我 妻子 最近 喝 酸 喜欢 好了 儿子 是
S000945_P0008_T00,我 面条 好了 身体 舒服 不,我 吃 好了 身体 舒服 不,我 吃 好了 身体 舒服 不,我 吃 好了 身体 舒服 不,我 吃 好了 身体 舒服 不,我 吃 好了 身体 舒服 不
S000962_P0000_T00,我 驾驶 高铁 站 接 儿子,我 驾驶 高铁 站 接 儿子,我 驾驶 高铁 站 儿子,我 驾驶 高铁 站 儿子,我 驾驶 高铁 站 儿子,我 驾驶 高铁 站 接受 儿子
S000963_P0008_T00,你 夫妻 2 今天 年 准备 旅游 去 什么,你 结婚 2 今天 年 放 旅游 去 什么,你 结婚 2 今天 年 准备 旅游 去 什么,你 夫妻 2 今天 年 准备 旅游 去 什么,你 结婚 2 今天 年 准备 旅游 去 什么,你 结婚 2 今天 年 准备 旅游 去 什么
S000966_P0008_T00,你 喜欢 裙子 我 拿 1 给 试 裙子 可以,你 喜欢 裙子 我 拿 1 给 试 裙子 可以,你 喜欢 裙子 我 拿 1 给 试 裙子 可以,你 喜欢 裙子 我 拿 1 给 试 裙子 可以,你 喜欢 裙子 我 拿 1 给 你 裙子 可以,你 喜欢 裙子 我 拿 1 给 试 裙子 可以
S000968_P0008_T00,裤子 打折 我 买 1 给 儿子,裤子 打折 我 买 1 给 儿子,裤子 打折 我 买 1 给 儿子,裤子 打折 我 买 1 给 儿子,裤子 打折 我 买 1 送 儿子,裤子 打折 我 买 1 给 儿子
S000969_P0008_T00,我 拿 裤子 1 什么 钱 付 可以,我 拿 1 裤子 什么 钱 付 可以,我 拿 1 裤子 什么 钱 付 可以,我 拿 1 裤子 什么 钱 付 可以,我 去 好 1 裤子 什么 钱 付 可以,我 拿 1 裤子 什么 钱 付 可以
S000988_P0000_T00,你 男 朋友 右 女 是 谁 美丽,你 男 朋友 问 是 谁 美丽,你 男 朋友 不 谁 美丽,你 男 朋友 不 谁 美丽,你 男 朋友 谁 美丽,你 男 朋友 不 是 谁 美丽
S000998_P0000_T00,弟弟 踢足球 喜欢 身体 好,弟弟 踢足球 喜欢 身体 好,弟弟 踢足球 喜欢 身体 好,弟弟 踢足球 喜欢 身体 好,弟弟 踢足球 这 多 身体 好,弟弟 踢足球 喜欢 身体 好
S001026_P0000_T00,听 人 到 你们 学校 学 手语 要 钱 多少,听 到 你们 学校 学 手语 要 钱 多少,听 到 你们 学校 学 手语 要 钱 多少,听 到 你们 学校 学 手语 要 钱 多少,妹妹 叫 你们 学校 学 手语 要 钱,听 到 你们 学校 学 手语 要 钱 多少
S001027_P0000_T00,我 想 找 聋 人 朋友 学 手语,每天 找 聋 人 朋友 学 手语,他 找 聋 人 朋友 学 手语,他 找 聋 人 朋友 学 手语,他 找 人 朋友 学 手语,他 找 聋 人 朋友 学 手语
S001030_P0008_T00,学 手语 手机 按键 可以,学 手语 手机 可以,学 手语 手机 可以,学 手语 手机 可以,学 手语 手机 不行,学 手语 点 可以
S001035_P0000_T00,我 朋友 银行 工作 他 想 什么 贷款,朋友 银行 工作 他 想 什么 借款,朋友 银行 工作 他 想 什么 借款,朋友 银行 工作 他 想 什么 借款,朋友 银行 工作 他 想 什么 借款,朋友 银行 工作 他 想 什么 借款
S001051_P0000_T00,妈妈 同学 新 买 手表 我 想 买,妈妈 同学 新 买 手表 我 想 买,妈妈 同学 买 手表 我 想 买,妈妈 同学 新 买 手表 我 想 买,妈妈 同学 买 手表 我 想 买,妈妈 同学 买 手表 我 想
S001064_P0008_T00,爷爷 年龄 大 山 爬 他 喜欢,爷爷 要求 大 山 爬 他 喜欢,爷爷 年龄 大 山 爬 他 喜欢,爷爷 年龄 大 山 爬 他 喜欢,弟弟 年龄 大 山 爬 多,爷爷 年龄 大 山 爬 他 喜欢
S001072_P0008_T00,介绍 他 我 乒乓球 老师,介绍 他 我 乒乓球 老师,介绍 他 我 乒乓球 老师,介绍 他 我 乒乓球 老师,介绍 他 我 乒乓球,从 他 我 买 老师
S001073_P0000_T00,工作 累 喝 咖啡,工作 累 喝 咖啡,工作 累 喝 咖啡,工作 累 喝 咖啡,工作 累 喝 咖啡,工作 累 喝 咖啡
S001081_P0000_T00,晚上 这 学校 到 房子 公交车 多 人 多,晚上 这 学校 去 房子 公交车 人 多,晚上 这 学校 去 房子 公交车 人 多,晚上 这 学校 去 房子 公交车 人 多,晚上 这 学校 去 房子 多 人 多,晚上 这 学校 去 房子 公交车 多
S001090_P0000_T00,蛋糕 糖 多 身体 害,蛋糕 糖 多 身体 害,蛋糕 糖 多 身体 害,蛋糕 糖 多 身体 害,蛋糕 糖 多 身体 不好,蛋糕 糖 多 身体 害
S001091_P0000_T00,身份证 给 警察 要 检查,身份证 给 警察 要 检查,身份证 给 警察 要 检查,身份证 给 警察 要 检查,身份证 给 学 要 检查,身份证 给 警察 要 检查
S001095_P0008_T00,儿子 瘦 叫 他 在 学校 吃 多,儿子 瘦 叫 他 在 学校 吃 多,儿子 瘦 叫 他 在 学校 吃 多,儿子 瘦 叫 他 在 学校 吃 多,儿子 叫 到 他 在 学校 吃 多,儿子 瘦 叫 他 在 学校 吃 多
S001126_P0008_T00,今天 天气 好 爸爸 爷爷 去 跑步,今天 天气 好 爸爸 爷爷 去 跑步,今天 天气 好 爸爸 爷爷 去 跑步,今天 天气 好 爸爸 爷爷 去 跑步,今天 天气 好 爸爸 去 跑步,今天 天气 好 爸爸 爷爷 去 跑步
S001142_P0000_T00,他 姐姐 老师 他 平时 驾驶 去 学校,他 姐姐 老师 平时 驾驶 去 学校,他 姐姐 老师 平时 驾驶 去 学校,他 姐姐 老师 平时 驾驶 去 学校,他 姐姐 老师 平时 时间 驾驶 去 学校,他 姐姐 老师 平时 驾驶 去 学校
S001143_P0000_T00,我 护照 忘记 带 去 房子 拿,我 护照 忘记 带 去 房子 拿,我 护照 忘记 带 去 房子 拿,我 护照 忘记 带 去 房子 拿,我 护照 忘记 带 去 房子,我 护照 忘记 带 去 房子 拿
S001147_P0000_T00,我 爷爷 年龄 大 飞机 合适 不,我 爷爷 年龄 大 飞机 远 不,我 爷爷 年龄 大 飞机 远 不,我 爷爷 年龄 大 飞机 远 不,我 妹妹 年龄 大 他 远,我 爷爷 年龄 大 飞机 不
S001164_P0000_T00,买 去 1 票 不行 汽车 2 来往 不行,买 去 1 票 不行 汽车 2,买 去 1 票 不行 车 2,买 去 1 票 不行 汽车 1 2,买 你 喜欢 票 丑 准备 1,买 1 票 不行 车 1 2
S001173_P0000_T00,驾驶 我 在 前 红 绿 灯 这 下,驾驶 我 你 红 绿 灯 下 去,驾驶 我 你 红 绿 灯 走,驾驶 我 你 红 绿 灯 去,驾驶 我 你 绿 灯 走 斑马线,告诉 我 你 红 绿 灯 下 后
S001178_P0008_T00,因为 天气 不好 飞机 取消,因为 天气 不好 飞机 取消,因为 天气 不好 飞机 取消,因为 天气 不好 飞机 取消,因为 天气 不好 公交车 取消,因为 天气 不好 飞机 取消
S001186_P0000_T00,火车 卧铺 票 我 买 不行,火车 卧铺 票 我 买 不行,火车 卧铺 票 我 买 不行,火车 卧铺 票 我 买 不行,火车 卧铺 票 我 买 不行,火车 票 我 买 不行
S001221_P0008_T00,我 在 房子 早 吃 中午 吃 我 在 学校 中午 吃,我 在 房子 早 吃 中午 吃 我 在 学校 中午 吃,我 在 房子 早 吃 中午 吃 我 在 学校 中午 吃,我 在 房子 早 吃 中午 吃 我 在 学校 中午 吃,我 在 房子 早 吃 中午 吃 我 在 学校 水 吃,我 在 房子 早 吃 中午 吃 我 在 学校 中午 吃
S001222_P0004_T00,你 公司 中午 吃 味道 好不好,公司 中午 吃 味道 好不好,公司 中午 吃 味道 好不好,公司 中午 吃 味道 好不好,公司 中午 味道 好不好,公司 中午 吃 味道 好不好
S001222_P0008_T00,你 公司 中午 吃 味道 好不好,你 公司 中午 吃 味道 好不好,你 公司 中午 吃 米 好不好,你 公司 中午 吃 米 好不好,你 公司 吃 好不好,你 公司 中午 吃 米 好不好
S001227_P0000_T00,今天 菜 咸 我 想 喝 糖,今天 菜 咸 我 想 喝 糖,今天 菜 咸 我 想 喝 糖,今天 菜 咸 我 想 喝 糖,今天 菜 咸 我 想 喝 糖,今天 菜 咸 我 想 喝 糖
S001227_P0004_T00,今天 菜 咸 我 想 喝 糖,今天 菜 咸 我 想 喝 糖,今天 菜 咸 我 想 喝 糖,今天 菜 咸 我 想 喝 糖,今天 菜 身体 我 想 喝 糖,今天 菜 咸 我 想 喝 糖
S001232_P0000_T00,这 菜 辣 多 要 喝 水,这 菜 辣 多 要 喝 水,这 菜 辣 多 要 喝 水,这 菜 辣 多 要 喝 水,这 钱 菜 辣 多 喝 水,这 菜 辣 多 要 喝 水
S001232_P0004_T00,这 菜 辣 多 要 喝 水,这 菜 辣 多 要 喝,这 菜 辣 多 要 喝,这 菜 辣 多 要 喝,这 菜 辣 1 喝,这 菜 爸爸 多 要 喝
S001236_P0004_T00,今天 妹妹 生日 我 炒 鱼,今天 妹妹 生日 我 炒 鱼,今天 妹妹 生日 我 炒 鱼,今天 妹妹 生日 我 炒 鱼,今天 爷爷 生日 我 今天 鱼,今天 妹妹 生日 我 炒 鱼
S001236_P0008_T00,今天 妹妹 生日 我 炒 鱼,今天 妹妹 生日 我 炒 鱼,今天 妹妹 生日 我 炒 鱼,今天 妹妹 生日 我 炒 鱼,今天 我 生日 我 炒 鱼,今天 妹妹 生日 我 炒 鱼
S001246_P0000_T00,服务 员工 厕所 在 什么,服务 员工 厕所 在 什么,服务 员工 厕所 在 什么,服务 员工 厕所 在 什么,服务 员工 厕所 在 什么,服务 员工 厕所 在 什么
S001246_P0008_T00,服务 员工 厕所 在 什么,服务 员工 厕所 在 什么,服务 员工 厕所 在 哪,服务 员工 厕所 在 什么,服务 员工 厕所 在 什么,服务 员工 厕所 在 哪
S001252_P0000_T00,我 妻子 感冒 我 驾驶 到 医院,我 妻子 感冒 我 驾驶 到 医院,我 妻子 感冒 我 驾驶 去 医院,我 妻子 感冒 我 驾驶 去 医院,我 妻子 感冒 我 驾驶 去 医院,我 妻子 感冒 我 驾驶 到 医院
S001260_P0000_T00,你 去 超市 买 伞 我 在 钱 这 等 你,你 去 超市 买 伞 我 在 钱 这 等 他,你 去 超市 买 伞 我 在 钱 这 等 他,你 去 超市 买 伞 我 在 钱 这 等 他,你 去 超市 买 伞 在 你 等 那,你 去 超市 买 人 我 在 钱 这 等 他
S001260_P0004_T00,你 去 超市 买 伞 我 在 钱 这 等 你,你 去 超市 买 伞 我 在 钱 这 等 你,你 去 超市 买 伞 我 在 钱 这 等 你,你 去 超市 买 伞 我 在 钱 这 等 你,你 去 超市 买 伞 我 在 什么 孩子 等 说,你 去 超市 买 伞 我 在 钱 这 等 你
S001266_P0002_T00,我 工作 好了 去 超市 果汁 去 房子,我 工作 好了 去 超市 果汁 去 房子,我 工作 好了 去 超市 去 房子,我 工作 好了 去 超市 去 房子,我 工作 好了 去 超市 买 去,我 工作 好了 去 超市 苹果 去 房子
S001268_P0000_T00,这 商店 水果 多 便宜 我 想 买 香蕉,这 商店 水果 多 便宜 我 想 买 香蕉,这 商店 水果 多 便宜 我 想 买 香蕉,这 商店 水果 多 便宜 我 想 买 香蕉,这 商店 水果 多 便宜 我 想 买 1,这 商店 水果 多 便宜 我 想 买 香蕉
S001268_P0008_T00,这 商店 水果 多 便宜 我 想 买 香蕉,这 商店 水果 多 便宜 我 想 买 香蕉,这 商店 水果 多 便宜 我 想 买 香蕉,这 商店 水果 多 便宜 我 想 买 香蕉,这 商店 水果 多 便宜 我 想 买 香蕉,这 商店 水果 多 便宜 我 想 买 香蕉
S001292_P0004_T00,你 巧克力 吃 多 不 身体 不好,你 巧克力 吃 多 不 身体 不好,你 巧克力 吃 多 不 身体 不好,你 巧克力 吃 多 不 身体 不好,明天 巧克力 菜 吃 不 身体 不好,你 巧克力 吃 多 不 身体 不好
S001292_P0008_T00,你 巧克力 吃 多 不 身体 不好,你 巧克力 吃 多 不 身体 不好,你 巧克力 吃 多 不 身体 不好,你 巧克力 吃 多 不 身体 不好,这 哥哥 最近 吃 多 不 身体 不好,你 巧克力 吃 多 不 身体 不好
S001298_P0004_T00,爸爸 妈妈 生日 你 应该 早 起床 炒 早 吃,爸爸 妈妈 生日 应该 早 起床 炒 早 吃,爸爸 妈妈 生日 应该 早 起床 炒 早 吃,爸爸 妈妈 生日 你 应该 早 起床 炒 早 吃,爸爸 妈妈 生日 应该 早 干净 炒 早 吃,爸爸 妈妈 生日 你 应该 早 去 炒 早 吃
S001308_P0000_T00,天气 冬天 我们 去 篮球,天气 冬天 我们 去 篮球,天气 冬天 我们 去 篮球,天气 冬天 我们 去 篮球,天气 冬天 我们 篮球,天气 冬天 我们 去 篮球
S001308_P0004_T00,天气 冬天 我们 去 篮球,天气 冬天 我们 篮球,天气 冬天 我们 篮球,天气 冬天 我们 篮球,天气 外 冬天 我们 篮球,天气 冬天 我们 篮球
S001315_P0004_T00,我 爷爷 手语 会 他 聋 人 朋友 多,我 爷爷 手语 会 他 女 朋友 多,我 爷爷 手语 会 他 女 朋友 多,我 爷爷 手语 会 他 女 朋友 多,我 爷爷 手语 热 他 女 朋友 多,我 爷爷 手语 会 他 女 朋友 多
S001324_P0000_T00,病 人 手术 出院 不行 护士 照顾 会,病 人 手术 出 不行 护士 照顾 会,病 人 手术 出院 不行 护士 照顾 会,病 人 手术 出院 不行 护士 照顾 会,病 人 手术 出院 护士 病 会,病 人 手术 出院 不行 护士 照顾 会
S001324_P0004_T00,病 人 手术 出院 不行 护士 照顾 会,护士 病 人 手术 出 不行 护士 照顾 会,护士 病 人 手术 出院 不行 护士 照顾 会,护士 病 人 手术 出院 不行 护士 照顾 会,护士 病 人 手术 少 员工 照顾 会,护士 病 人 手术 出院 不行 照顾 会
S001349_P0000_T00,我 今天 去 山 爬 晚上 后 去 房子 吃,我 今天 山 爬 晚上 去 房子 吃,我 今天 山 爬 晚上 去 房子 吃,我 今天 山 爬 晚上 去 房子 吃,我 今天 山 爬 晚上 去 房子 吃,我 今天 山 爬 晚上 去 房子 吃
S001354_P0000_T00,我 有 2 衣服 1 红 1 黄,我 有 2 衣服 红 1 黄,我 有 2 衣服 红 1 黄,我 有 2 衣服 红 1 黄,我 有 衣服 红 钱 多少,我 有 2 衣服 红 1 黄
S001354_P0004_T00,我 有 2 衣服 1 红 1 黄,我 有 2 衣服 1 红 黄,我 有 2 衣服 1 红 黄,我 有 2 衣服 1 红 1 黄,我 多 衣服 辣 2,我 有 2 衣服 1 红 1 篮球
S001356_P0000_T00,黑 鞋子 这 男 我 男 朋友,鞋子 黑 这 男 我 男 朋友,鞋子 黑 男 我 男 朋友,鞋子 黑 男 我 男 朋友,鞋子 男 我 女 朋友,附近 黑 男 我 男 朋友
S001356_P0008_T00,黑 鞋子 这 男 我 男 朋友,你 鞋子 黑 男 我 男 朋友,你 鞋子 黑 男 我 男 朋友,你 鞋子 黑 男 我 男 朋友,你 鞋子 黑 课 我 男 朋友,这 鞋子 黑 男 我 男 朋友
S001357_P0000_T00,我 女儿 手机 没有 我 只好 手机 发送 他 朋友,我 女儿 手机 没有 我 只好 手机 发送 朋友,我 女儿 手机 没有 我 只好 手机 发送 朋友,我 女儿 手机 没有 我 只好 手机 发送 他 朋友,我 女儿 儿子 知道 没有 我 只好 试 发送 朋友,我 女儿 手机 没有 我 只好 手机 发送 朋友
S001357_P0008_T00,我 女儿 手机 没有 我 只好 手机 发送 他 朋友,我 女儿 手机 没有 我 只好 手机 发送 他 朋友,我 女儿 手机 没有 我 只好 手机 发送 他 朋友,我 女儿 手机 没有 我 只好 手机 发送 他 朋友,我 女儿 手机 没有 我 想 发送 朋友,我 女儿 手机 没有 我 只好 手机 发送 朋友
S001369_P0000_T00,过节 去 房子 多 吃 菜 小 吃 肉 胖 不,祝福 去 房子 多 吃 菜 小 吃 肉 胖 不,过节 去 房子 多 吃 菜 小 吃 肉 胖 不,祝福 去 房子 多 吃 菜 小 吃 肉 胖 不,过节 去 房子 多 粉 小 吃 学 胖,过节 去 房子 多 吃 菜 小 吃 肉 胖 不
S001369_P0004_T00,过节 去 房子 多 吃 菜 小 吃 肉 胖 不,年龄 去 房子 多 吃 菜 小 吃 可以 胖 不,过节 去 房子 多 吃 菜 吃 肉 胖 不,祝福 去 房子 多 吃 菜 吃 可以 胖 不,祝福 去 房子 多 吃 胖 不,过节 去 房子 多 吃 菜 吃 肉 胖 不
S001372_P0000_T00,明天 考试 要 带 笔 不 带 手机,明天 考试 要 带 比 不 带 手机,明天 考试 要 带 没有 不 带 手机,明天 考试 要 带 没有 不 带 手机,明天 考试 我 他 把 不 带 手机,明天 考试 要 带 没有 不 带 手机
S001372_P0008_T00,明天 考试 要 带 笔 不 带 手机,明天 考试 要 带 什么 不 带 手机,明天 考试 要 带 什么 不 带 手机,明天 考试 要 带 什么 不 带 手机,明天 考试 我 带 笔 不 带 手机,明天 考试 要 带 没有 不 带 手机
S001377_P0000_T00,中午 去 什么 吃 在 学校 饭店,中午 去 什么 吃 在 学校 饭店,中午 去 什么 吃 在 学校 饭店,中午 去 什么 吃 在 学校 饭店 酒,中午 什么 吃 在 学校 饭店,中午 去 什么 吃 在 学校 饭店
S001377_P0008_T00,中午 去 什么 吃 在 学校 饭店,中午 去 什么 吃 在 学校 饭店,中午 去 什么 吃 在 学校 饭店,中午 去 什么 吃 在 学校 饭店,中午 去 这 吃 在 互相,中午 去 什么 吃 在 学校 饭店
S001401_P0008_T00,牛奶 咖啡 和 喝 可以,牛奶 咖啡 喝 可以,牛奶 咖啡 喝 可以,牛奶 咖啡 喝 可以,牛奶 咖啡 喝,牛奶 咖啡 喝 可以
S001403_P0004_T00,老板 对 我 满意 高兴,老板 对 我 好 满足 高兴,老板 对 我 好 满足 高兴,老板 对 我 好 满足 高兴,老板 对 我 高兴,老板 对 我 好 充分 高兴
S001403_P0008_T00,老板 对 我 满意 高兴,老板 对 我 不 高兴,老板 对 我 高兴,老板 对 我 高兴,老板 对 我 老板 是 高兴,老板 对 我 满足 高兴
S001409_P0000_T00,工作 时间 酒 不行 老板 也 不行,工作 时间 酒 不行 老板 一样 不行,工作 时间 酒 不行 老板 不行,工作 时间 酒 不行 老板 不行,工作 时间 酒 不行 害怕 不行,工作 时间 酒 不行 老板 不行
S001409_P0008_T00,工作 时间 酒 不行 老板 也 不行,工作 时间 酒 不行 老板 改变 不行,工作 时间 酒 不行 老板 不行,工作 时间 酒 不行 老板 不行,工作 时间 酒 不行 老板 不行,工作 时间 酒 不行 老板 不行
S001414_P0008_T00,明天 过节 要 穿 新,明天 过节 要 穿 新,明天 年龄 要 穿 新,明天 年龄 要 穿 新,明天 年龄 要 穿 新,明天 年龄 要 穿 新
S001415_P0000_T00,穿 暖 没有 我 想 不 买,衣服 暖 没有 我 想 不 买,衣服 暖 没有 我 想 不 买,穿 暖 没有 我 想 不 买,穿 暖 没有 我 想 不是,穿 暖 没有 我 想 不 买
S001415_P0004_T00,穿 暖 没有 我 想 不 买,衣服 没有 我 想 不 买,衣服 没有 我 想 不 买,衣服 没有 我 想 不 买,衣服 没有 我 想 不 买,衣服 暖 没有 我 想 不 买
S001417_P0004_T00,明天 考试 好了 放假 高兴,明天 考试 好了 放假 高兴,明天 考试 好了 放假 高兴,明天 考试 好了 放假 高兴,明天 考试 好了 放假 高兴,明天 考试 好了 茶叶 高兴
S001417_P0008_T00,明天 考试 好了 放假 高兴,明天 考试 好了 放假 高兴,明天 考试 好了 放假 高兴,明天 考试 好了 放假 高兴,明天 考试 好了 放假 高兴,明天 考试 好了 放假 高兴
S001423_P0000_T00,你 我 客户 我 应该 请客 你 吃,你 要 礼貌 我 应该 请客 你 吃,你 要 礼貌 我 应该 请客 你 吃,你 要 礼貌 我 应该 请客 你 吃,你 要 礼貌 我 应该 请客 吃,你 要 礼貌 我 应该 你 吃
S001423_P0004_T00,你 我 客户 我 应该 请客 你 吃,你 要 礼貌 我 应该 请客 你 吃,你 要 客户 我 应该 请客 吃,你 要 客户 我 应该 请客 吃,这 客户 我 应该 请客 这 吃,你 客户 我 应该 请客 吃
S001425_P0000_T00,跳舞 是 1 种 运动 是 对 身体 好,跳舞 是 1 种 运动 是 对 身体 好,跳舞 是 1 种 运动 对 身体 好,跳舞 是 1 种 运动 是 对 身体 好,跳舞 像 1 种 运动 对 身体 好,跳舞 是 1 种 运动 是 对 身体 好
S001425_P0008_T00,跳舞 是 1 种 运动 是 对 身体 好,跳舞 是 1 种 运动 是 对 身体 好,跳舞 是 1 种 运动 是 对 身体 好,跳舞 是 1 种 运动 是 对 身体 好,跳舞 你 种 运动 是 对 身体 好,跳舞 是 1 种 运动 是 对 身体 好
S001430_P0008_T00,老板 邮件 我 叫 我 预定 去 公司 飞机,老板 邮件 要 叫 要 预定 去 公司 飞机,老板 发送 要 叫 我 要 预定 去 公司 飞机,老板 邮件 要 叫 我 要 预定 去 公司 飞机,老板 发送 要 他 我 预定 公司 付,老板 发送 要 叫 我 要 预定 去 公司 飞机
S001432_P0004_T00,我 儿子 去 工作 你 有 事情 手机 发,我 儿子 去 工作 你 好 事情 手机 发送,我 儿子 去 工作 你 好 事情 手机 发送,我 儿子 去 工作 你 好 事情 手机 发送,我 儿子 去 工作 我 事情 要 发送,我 儿子 去 工作 你 好 事情 手机 发送
S001447_P0004_T00,十字路 有 狗 我 害怕 他 有 小,这 十字路 有 点 狗 我 这 小,十字路 有 狗 我 这 小,这 十字路 有 狗 我 这 小,真 狗 我 这 小,表格 有 狗 我 这 小
S001447_P0008_T00,十字路 有 狗 我 害怕 他 有 小,真 不管 我 害怕 他 小,真 有 我 害怕 他 小,真 有 我 害怕 他 小,月 有 我 害怕 他 小,人 1 狗 我 害怕 他 小
S001456_P0000_T00,下午 我 吃 水果 多 不 想 吃 晚上 吃,下午 我 吃 水果 多 不 想 吃 晚上 吃,下午 我 吃 水果 多 不 想 吃 晚上 吃,下午 我 吃 水果 多 不 想 吃 晚 吃,下午 我 吃 水果 多 不 想 吃 晚 晚上 吃,下午 我 吃 水果 多 不 想 吃 晚上 吃
S001489_P0004_T00,老板 邮件 我 看 没有 他 什么 时间 发,老板 发送 我 看 没有 他 什么 时间 发送,老板 发送 我 看 没有 他 什么 时间 发送,老板 邮件 我 看 没有 他 什么 时间 发送,老板 发送 我 看 没有 他 什么 时间 作业,老板 邮件 我 看 没有 他 什么 时间 发送
S001489_P0008_T00,老板 邮件 我 看 没有 他 什么 时间 发,老板 发送 我 没有 看 他 什么 时间 发送,老板 发送 我 没有 看 他 什么 时间 邮件,老板 发送 我 没有 看 他 什么 时间 邮件,老板 写 我 没有 你 他 什么 时间 飞机,老板 发送 我 没有 看 他 什么 时间 一样
S001507_P0004_T00,穿 裙子 蓝 跳舞 那 我 女儿,裙子 蓝 跳舞 他 我 女儿,裙子 蓝 跳舞 他 我 女儿,裙子 蓝 跳舞 他 我 女儿,裙子 是 跳舞 他 我 女儿,裙子 蓝 在 他 我 女儿
S001507_P0008_T00,穿 裙子 蓝 跳舞 那 我 女儿,这 蓝 裙子 女 我 女儿,这 蓝 裙子 女 我 女儿,这 蓝 裙子 女 我 女儿,这 可以 裙子 女 我 女儿,这 蓝 裙子 女 我 女儿
S001509_P0004_T00,今天 阴 大概 会 下雨,今天 阴 大概 会 下雨,今天 阴 大概 会 下雨,今天 阴 大概 会 下雨,今天 天 今天 会 下雨,今天 阴 今天 会 下雨
S001515_P0004_T00,在 房子 看 电视 不用 去 踢足球,坐 在 房子 看 电视 不用 去 踢足球,在 房子 看 电视 不用 去 踢足球,在 房子 看 电视 不用 去 踢足球,在 房子 看 电视 不行 去 踢足球,在 房子 看 电视 不用 去 踢足球
S001515_P0008_T00,在 房子 看 电视 不用 去 踢足球,在 房子 看 电视 我 去 踢足球,在 房子 看 电视 不 去 踢足球,在 房子 看 电视 去 踢足球,在 房子 看 电视 不 去 踢足球,在 房子 看 电视 去 踢足球
S001517_P0000_T00,椅子 衣服 1 这 谁,桌子 衣服 1 这 谁,桌子 衣服 1 这 谁,桌子 衣服 1 这 谁,桌子 衣服 这 谁,桌子 衣服 1 这 谁
S001517_P0004_T00,椅子 衣服 1 这 谁,桌子 衣服 1 这 谁,桌子 衣服 1 这 谁,桌子 衣服 1 这 谁,桌子 衣服 只 这 谁,桌子 衣服 1 这 谁
S001568_P0004_T00,合肥 降 骑车 课 应该 冬天,合肥 平时 降 课 应该 冬天,合肥 降 课 应该 冬天,合肥 降 骑车 课 应该 冬天,合肥 时间 我 工作 课 发送 冬天,合肥 降 骑车 课 应该 冬天
S001568_P0008_T00,合肥 降 骑车 课 应该 冬天,合肥 降 骑车 课 应该 冬天,合肥 降 骑车 课 应该 冬天,合肥 降 骑车 课 应该 冬天,合肥 降 骑车 课 肯定 冬天,合肥 降 骑车 课 肯定 冬天
S001574_P0004_T00,我 丈夫 在 美国 中国 菜 喜欢,我 丈夫 在 美国 中国 菜 喜欢,我 丈夫 在 美国 中国 菜 喜欢,我 丈夫 在 美国 中国 菜 喜欢,我 妻子 在 美国 去 北京 去 喜欢,我 丈夫 在 美国 中国 菜 喜欢
S001574_P0008_T00,我 丈夫 在 美国 中国 菜 喜欢,我 丈夫 在 美国 中国 菜 喜欢,我 丈夫 在 美国 中国 菜 喜欢,我 丈夫 在 美国 中国 菜 喜欢,我 丈夫 在 美国 中国 菜 喜欢,我 丈夫 在 美国 中国 菜 喜欢
S001610_P0004_T00,服务 员工 说 黑 帽子 适合 我,明天 结婚 我 服务 说,明天 帽子 战 我 服务 说,明天 帽子 战 我 服务 说,明天 医生 远 我 服务 变化,明天 帽子 战 我 服务 说
S001610_P0005_T00,服务 员工 说 黑 帽子 适合 我,帽子 合适 我 服务 员工 说,黑 帽子 我 服务 员工 说,黑 帽子 合适 我 服务 员工 说,学 我 服务 员工 说,帽子 和 我 服务 员工 说
S001625_P0005_T00,我 明天 超市 买 面包 给 爷爷,我 明天 超市 买 面包 给 爷爷,我 明天 超市 买 面包 给 爷爷,我 明天 超市 买 面包 给 爷爷,我 明天 超市 买 面包 给 喜欢,我 明天 超市 买 蛋糕 面包 给 爷爷
S001641_P0000_T00,人 身体 身体 癌 变 大概 会,人 身体 癌 会 变 大概 会,人 身体 癌 会 变 大概 会,人 身体 癌 会 变 大概 会,人 身体 癌 会 变 大概 会,人 身体 癌 会 变 大概 会
S001641_P0004_T00,人 身体 身体 癌 变 大概 会,人 身体 癌 会 变 大概 会 不,人 身体 癌 会 变 大概 会,人 身体 癌 变 大概 会,人 身体 害怕 癌 大概 会,人 身体 癌 会 变 大概 会 不
S001656_P0004_T00,治疗 白内障 治疗 效果 好 是 手术,艾滋 病 小 病 效果 手术,艾滋 病 小 病 效果 手术,艾滋 病 味道 手术,艾滋 病 是 病 蓝牙 手术,艾滋 病 治疗 病 效果 手术
S001656_P0005_T00,治疗 白内障 治疗 效果 好 是 手术,治疗 白内障 治疗 效果 是 手术,治疗 白内障 治疗 效果 是 手术,治疗 白内障 治疗 效果 是 手术,病 白内障 治疗 不好 是 手术,根据 白内障 治疗 效果 是 手术
S001667_P0000_T00,忙 晚上 进 睡觉 前 书 看 看 完成,忙 晚上 睡觉 前 书 看 完成,忙 晚上 睡觉 前 书 看 完成,忙 晚上 去 睡觉 前 书 看 完成,晚上 你 睡觉 前 书 看,忙 晚上 坐 睡觉 前 书 查询 完成
S001667_P0005_T00,忙 晚上 进 睡觉 前 书 看 看 完成,忙 晚上 去 睡觉 前 书 看 完成,忙 晚上 去 睡觉 前 书 完成,忙 晚上 去 睡觉 前 书 看 完成,忙 晚上 去 睡觉 钱 书 会 负责,忙 晚上 睡觉 前 书 文章 完成
S001685_P0000_T00,老 人 路 斑马线 慢 走 慢 走 慢 走 车 按 按 按,老 人 路 斑马线 慢 走 汽车 不,老 人 路 斑马线 慢 走 慢 走 汽车 不,老 人 路 斑马线 慢 走 汽车 不,老 人 路 斑马线 慢 走 慢 走 车 纸,老 人 路 斑马线 慢 走 汽车 预防
S001687_P0000_T00,走 斑马线 条 条 是 安全,走 斑马线 条 安全,走 斑马线 条 安全,走 斑马线 条 安全,走 斑马线 安全,走 斑马线 安全
S001687_P0005_T00,走 斑马线 条 条 是 安全,走 斑马线 条 安全,走 斑马线 安全,走 斑马线 安全,走 斑马线 安全,走 斑马线 安全
S001702_P0000_T00,笔记本 电脑 多 全部 配 配 蓝牙,笔记本 电脑 多 全部 配合 蓝牙,笔记本 电脑 多 全部 配合 配 蓝牙,笔记本 电脑 多 全部 配合 蓝牙,笔记本 电脑 多 全部 配合 配 蓝牙,笔记本 电脑 多 全部 配合 配 蓝牙
S001702_P0004_T00,笔记本 电脑 多 全部 配 配 蓝牙,笔记本 电脑 多 一起 配合 蓝牙,笔记本 电脑 多 全部 一起 配合 蓝牙,笔记本 电脑 多 全部 配合 蓝牙,笔记本 电脑 你 全部 一起 配合 蓝牙,笔记本 电脑 多 全部 配合 蓝牙
S001705_P0004_T00,研究 蓝牙 技术 原来 理 和 什么 实践 过程 老师 介绍 介绍,蓝牙 技术 原来 1 和 什么 实践 过程 老师 介绍,蓝牙 技术 原来 1 和 什么 实践 过程 老师 介绍,研究 蓝牙 技术 原来 1 和 什么 实践 过程 老师 介绍,蓝牙 技术 改变 蓝牙 和 过程 所以,研究 蓝牙 技术 原来 1 和 什么 实践 各种 老师 介绍
S001705_P0005_T00,研究 蓝牙 技术 原来 理 和 什么 实践 过程 老师 介绍 介绍,研究 蓝牙 技术 原来 1 和 什么 实践 过程 要 介绍,研究 蓝牙 技术 原来 1 和 什么 实践 过程 介绍,研究 蓝牙 技术 原来 痛 和 什么 实践 过程 要 介绍,研究 蓝牙 技术 高 1 和 过程 介绍,研究 蓝牙 技术 原来 痛 和 什么 实践 过程 要 看
S001711_P0000_T00,这 公司 在 这 蓝牙 设计 秘密 改变 改变 安全,这 公司 在 蓝牙 设计 秘密 改变 安全,这 公司 在 蓝牙 设计 秘密 改变 安全,这 公司 在 蓝牙 设计 秘密 改变 安全,这 公司 在 蓝牙 设计 看 走 安全 好,这 公司 在 蓝牙 设计 秘密 改变 安全
S001711_P0005_T00,这 公司 在 这 蓝牙 设计 秘密 改变 改变 安全,公司 在 设计 秘密 改变 安全,这 公司 在 设计 秘密 改变 安全,这 公司 在 设计 是 改变 安全,这 公司 在 计划 吸烟 走 安全,他 公司 在 蓝牙 设计 秘密 改变 安全
S001717_P0000_T00,程序 不用 关闭 关闭 可以 帮助 我 节省 流量,经过 不 东西 可以 帮助 我 节省 流量,经过 不用 关闭 可以 帮助 我 节省 流量,程序 不用 关闭 达到 可以 帮助 我 节省 流量,经过 不 关闭 帮助 我 节省 流量,程序 不用 关闭 可以 帮助 我 节省 流量
S001717_P0005_T00,程序 不用 关闭 关闭 可以 帮助 我 节省 流量,过程 可以 帮助 我们 节省 流量,经过 可以 帮助 我们 节省 流量,过程 不 可以 帮助 我们 节省 流量,经过 没有 帮助 我 节省 水,过程 关门 可以 帮助 我们 节省 流量
S001735_P0004_T00,医生 温度 脉搏 检查 身体,医生 温度 病 检查 身体,医生 温度 病 检查 身体,医生 温度 病 检查 身体,医生 增加 病 检查 身体,医生 温度 病 身体
S001735_P0005_T00,医生 温度 脉搏 检查 身体,医生 温度 脉搏 检查 身体,医生 温度 病 检查 身体,医生 温度 病 检查 身体,医生 温度 脉搏 检查 身体,医生 温度 病 检查 身体
S001743_P0000_T00,上海 公司 法 人 拍照 身份证 复印 6,上海 公司 人 身份证 倒,上海 公司 人 表示 身份证 复印 多,上海 公司 人 表示 身份证 复印 倒,金融 公司 人 表示 身份证 多,上海 公司 人 照片 身份证 复印 6
S001743_P0004_T00,上海 公司 法 人 拍照 身份证 复印 6,上海 公司 可以 人 表示 身份证,上海 公司 可以 人 表示 身份证 复印,上海 公司 可以 人 表示 身份证 复印 玩,上海 公司 人 遇 复印 不行,上海 公司 可以 人 表示 身份证 复印 6
S001747_P0000_T00,每 人 在 生活 会 遇 感动 事情,每 人 在 生活 会 遇 感动 事情,每 人 在 生活 会 遇 感动 事情,每 人 在 生活 会 遇 感动 事情,每 人 在 生活 会 遇 感动 事情,每 人 在 生活 会 遇 感动 事情
S001747_P0004_T00,每 人 在 生活 会 遇 感动 事情,每 人 在 生活 会 遇 感动 事情,每 人 在 生活 会 遇 感动 事情,每 人 在 生活 会 遇 感动 事情,每 人 在 生活 遇 感动 事情,每 人 在 生活 遇 感动 事情
S001754_P0000_T00,难 运动 员工 勤奋 运动 运动 不是 我们 榜样 学,难 运动 员工 努力 运动 不是 我们 榜样,难 运动 员工 努力 运动 不是 我们 榜样,难 运动 员工 努力 运动 不是 我们 榜样,难 运动 员工 努力 运动 不是 我们 榜样,难 运动 员工 努力 运动 不是 我们 榜样
S001754_P0004_T00,难 运动 员工 勤奋 运动 运动 不是 我们 榜样 学,难 运动 员工 努力 运动 不是 我们 榜样 学,难 运动 员工 努力 警察 运动 不是 我们 榜样 学,难 运动 员工 努力 学 运动 不是 我们 榜样 学,难 运动 员工 努力 警察 运动 不是 我 榜样 学,难 运动 员工 努力 学 运动 不是 我们 榜样 学
S001759_P0005_T00,你 不 给 榜样 学 坏 不,你 不 给 榜样 学 不行 不,你 不 给 榜样 学 不行 不,你 不 给 榜样 学 不行 不,他 没有 给 榜样 学 快 不,你 不 给 榜样 学 不行 不
S001769_P0004_T00,这样 做 最 保险,情况 做 最 保险,情况 工作 最 保险,情况 做 最 保险,情况 工作 时间 保险,情况 工作 最 保险
S001769_P0005_T00,这样 做 最 保险,情况 工作 最 保险,情况 工作 最 保险,情况 工作 最 保险,情况 工作 最 保险,情况 工作 最 保险
S001788_P0000_T00,看 病 床 这 儿子 身体 包 绷带 绷带 看 心跳,看 病 儿子 身体 包 绷带 看 感动,看 病 儿子 身体 包 绷带 看 心跳,看 病 儿子 身体 包 绷带 看 照顾,你 病 儿子 身体 包 绷带 看 心跳,看 病 观众 儿子 身体 包 绷带 看 心跳
S001788_P0005_T00,看 病 床 这 儿子 身体 包 绷带 绷带 看 心跳,看 病 癌 儿子 身体 包 绷带 看 感动,看 病 儿子 身体 包 绷带 看 感动,看 病 儿子 身体 包 绷带 看 感动,看 病 管子 生 身体 包 绷带 感动,看 病 儿子 身体 包 绷带 看 惊吓
S001798_P0000_T00,他 电脑 笔记本 中 毒 开 不,他 电脑 笔记本 妈妈 做 开 不行,他 电脑 笔记本 妈妈 做 开 不行,他 电脑 笔记本 妈妈 做 开 不行,他 笔记本 做 开,他 电脑 笔记本 妈妈 做 开 不行
S001798_P0005_T00,他 电脑 笔记本 中 毒 开 不,他 电脑 笔记本 做 开,他 电脑 笔记本 阑尾 开 不行,他 电脑 笔记本 开 不行,他 电脑 笔记本 阑尾 开,他 电脑 笔记本 中 开 不行
S001808_P0000_T00,他 对 自己 标准 严格 高 要求,他 对 自己 严格 高 祝福,他 对 自己 严格 年龄,他 对 自己 标准 严格 年龄,他 对 自己 标准 好 年龄,他 对 自己 事情 多 严格 高 要求
S001813_P0000_T00,你 声音 标准 没有 你 还 练习 练习,他 标准 没有 你 还 锻炼,他 标准 没有 你 还 锻炼,他 标准 没有 你 还 锻炼,你 标准 没有 你 还 锻炼,你 标准 没有 你 还 锻炼
S001813_P0005_T00,你 声音 标准 没有 你 还 练习 练习,你 标准 没有 你 还 锻炼,你 标准 没有 你 还 练习,你 标准 没有 你 还 练习,你 标准 没有 你 还 踢足球,你 标准 没有 你 还 生气
S001815_P0000_T00,王 老师 做 做 产品 标准 升 升 升 好,王 老师 工作 产品 标准 升 好,王 老师 工作 产品 标准 升 好,王 老师 工作 产品 标准 升 好,王 老师 工作 产品 品 标准 升 好,王 老师 工作 产品 标准 好
S001822_P0000_T00,他 我 找 夫妻 标准 他 符合,他 我 找 结婚 标准 他 合适,他 我 找 结婚 标准 他 合适,他 我 找 结婚 标准 他 合适,他 我 找 结婚 标准 他 适合,他 我 找 结婚 标准 他 合适
S001822_P0004_T00,他 我 找 夫妻 标准 他 符合,他 我 找 夫妻 结婚 标准 他 合适,他 我 找 夫妻 标准 他 适合,他 我 找 夫妻 标准 他 适合,他 我 夫妻 标准 他 减肥,他 我 找 夫妻 标准 他 适合
S001841_P0004_T00,伤 恢复 没有 不 感染,伤 恢复 没有 不 影响,受伤 恢复 没有 不 影响,受伤 恢复 没有 不 影响,伤 恢复 没有 影响,受伤 恢复 没有 不 影响
S001841_P0005_T00,伤 恢复 没有 不 感染,恢复 没有 不 影响,恢复 没有 不 影响,恢复 没有 不 影响,恢复 没有 不 影响,受伤 恢复 没有 不 影响
S001851_P0005_T00,祖国 到处 情况 变 变 变 新,祖国 样子 变 新,我们 样子 变 新,祖国 样子 变 新,我们 老板 大家 情况 面条 好,我们 旅游 样子 变 新
S001874_P0000_T00,文化 交流 是 目的 沟通 各 国家 文化 交流 桥,文化 交流 是 目的 沟通 通过 各种 国家 房子 文化 交流 桥,文化 交流 是 目的 沟通 通过 各种 国家 文化 交流,文化 交流 是 目的 沟通 通过 各种 国家 文化 交流,文化 交流 是 遵守 沟通 通过 各种 国家 交流,文化 交流 是 目的 对 沟通 各种 国家 文化 交流
S001874_P0004_T00,文化 交流 是 目的 沟通 各 国家 文化 交流 桥,文化 交流 目的 沟通 各种 国家 文化 交流 桥,文化 交流 目标 沟通 各种 国家 文化 交流 桥,文化 菜 交流 按照 沟通 各种 国家 文化 交流 桥,这 交流 目标 沟通 各种 房子 过去 交流,文化 交流 挂 沟通 各种 国家 文化 交流 桥
S001882_P0004_T00,让 我 休息 好 可以 天气 变 变 变 我 估计 要 下雨,请 我 休息 好 可以 天气 变化 我 估计 要 下雨,请 我 休息 好 可以 天气 改变 我 估计 要 下雨,请 我 休息 好 可以 天气 变化 我 估计 要 下雨,请 休息 刚才 可以 天气 看 我 估计,请 我 休息 好 可以 天气 变化 改变 我 估计 要 下雨
S001882_P0005_T00,让 我 休息 好 可以 天气 变 变 变 我 估计 要 下雨,让 我 休息 好 可以 天气 变化 改变 我 估计 下雨,让 我 休息 好 可以 天气 变化 改变 我 估计 下雨,让 我 休息 好 可以 天气 改变 我 估计 下雨,让 我 休息 多 原来 天气 变化 我 估计 爬,让 我 负责 好 可以 天气 改变 我 估计 下雨
S001891_P0000_T00,跳舞 书 这 阶段 安排 必须 不 变,跳舞 书 这 段 处理 肯定 不 变,跳舞 书 这 阶段 处理 必须 不 变,跳舞 书 这 预报 处理 必须 不 变,跳舞 时间 他 报告 阶段 处理 必须 不 看,跳舞 书 这 阶段 处理 肯定 不 变
S001891_P0004_T00,跳舞 书 这 阶段 安排 必须 不 变,跳舞 书 这 阶段 处理 应该 不 变,跳舞 书 这 段 处理 应该 不 变,跳舞 书 这 预报 处理 肯定 不 变,跳舞 身份证 书 我 段 处理 注意 不,跳舞 书 这 预报 处理 肯定 不 变
S001894_P0000_T00,我 课 教室 固定 没有 今天 这 变 明天 那,我 课 教室 固定 没有 今天 这 变 错误 他,我 课 教室 固定 没有 今天 这 变 错误 他,我 课 教室 固定 没有 今天 这 变 错误 他,我 刚才 教室 固定 没有 今天 你 走 什么,我 课 教室 固定 没有 今天 这 变 错误 他
S001894_P0004_T00,我 课 教室 固定 没有 今天 这 变 明天 那,我 教 固定 没有 今天 这 改变 这 明天 他,我 课 教室 固定 没有 今天 这 改变 这 明天 他,我 课 教室 房子 固定 没有 今天 这 改变 这 明天 他,我 来 教室 固定 没有 今天 知道 他,我 课 教室 国家 固定 没有 今天 这 改变 这 明天 他
S001900_P0004_T00,我 捡 交通 卡 这 卡 早 丢 挂,我 交通 卡 这 早 丢 挂,我 卡 这 早 丢 挂,我 卡 这 卡 早 丢 挂,是 孩子 事情 瘦 预定,我 卡 这 早 丢 挂
S001900_P0005_T00,我 捡 交通 卡 这 卡 早 丢 挂,我 长大 交通 卡 这 早 丢 挂,我 交通 卡 这 早 丢 挂,我 交通 卡 这 卡 早 丢 挂,我 孩子 交通 卡 这 卡 丢 挂,我 车 卡 这 早 丢 挂
S001902_P0000_T00,请 你 看 写 项目 写 丢 挂 要求 表格 这 好了 我 核对,请 你 看 题目 写 丢 挂 要 要求 写 表格 这 算了 我 核对,请 你 看 题目 写 丢 挂 要 要求 写 表格 这 好了 我 核对,请 你 看 题目 写 丢 挂 要 要求 写 草稿 这 好了 我 核对,请 你 看 这 写 丢 挂 要求 写 表格 到 好了 我 核对,请 你 看 项目 写 丢 挂 要 要求 写 表格 这 好了 我 核对
S001902_P0005_T00,请 你 看 写 项目 写 丢 挂 要求 表格 这 好了 我 核对,请 你 看 项目 写 丢 挂 要求 写 表格 好了 我 核对,请 你 看 项目 写 丢 挂 要求 写 表格 好了 我 核对,请 你 看 项目 写 丢 挂 要求 写 表格 好了 我 核对,请 这 篇 丢 挂 要求 写 表格 好了 我 核对,请 你 看 题目 写 丢 挂 要求 写 表格 这 好了 我 准确
S001923_P0004_T00,我 喜欢 听 紧张 故事 我 喜欢 有 时间 会 心跳 害怕,我 喜欢 听 紧张 我 喜欢 有 时间 会 感动 害怕,我 喜欢 听 紧张 我 喜欢 有 时间 会 感动 害怕,我 喜欢 听 紧张 程序 我 喜欢 有 时间 会 感动 害怕,我 喜欢 男 紧张 队 我 喜欢 时间 会 感动,我 喜欢 听 紧张 各种 我 喜欢 有 时间 会 感动 我
S001923_P0005_T00,我 喜欢 听 紧张 故事 我 喜欢 有 时间 会 心跳 害怕,我 喜欢 听 紧张 过程 我 喜欢 有 时间 会 感动 害怕,我 喜欢 听 紧张 过程 我 喜欢 有 时间 会 心 害怕,我 喜欢 听 紧张 过程 我 喜欢 有 时间 会 心 害怕,我 姐姐 哥哥 过程 权力 爸爸 有 时间 多少 心 好,我 喜欢 听 紧张 过程 我 喜欢 有 时间 会 感动 害怕
S001927_P0000_T00,我 害怕 走 办公室 害怕 老板 骂 骂 骂,我 害怕 走 办公室 房子 害怕 老板,我 害怕 走 办公室 房子 我 老板,我 害怕 走 办理 办公室 房子 害怕 老板,我 办理 办公室 房子 我 哭,我 害怕 走 办公室 房子 我 老板
S001927_P0005_T00,我 害怕 走 办公室 害怕 老板 骂 骂 骂,我 害怕 走 办理 办公室 房子 老板,我 害怕 走 办公室 房子 害怕 老板,我 害怕 走 办公室 房子 老板,我 害怕 走 办公室 房子 看 害怕 老板 发现,我 害怕 走 办公室 房子 害怕 老板
S001954_P0000_T00,这 段 时间 我 集中 好 时间 复习 中 段 考试,这 阶段 时间 我 集中 好 时间 复习 妈妈 报告 考试,这 阶段 时间 我 集中 好 时间 复习 妈妈 报告 考试,这 阶段 时间 我 集中 好 时间 复习 妈妈 报告 考试,他 阶段 时间 我 集中 好 时间 应该 报告 考试,这 阶段 时间 我 集中 好 时间 复习 妈妈 报告 考试
S001954_P0004_T00,这 段 时间 我 集中 好 时间 复习 中 段 考试,他 时间 我 组 好 时间 但是 妈妈 考试,他 时间 我 组 好 时间 但是 妈妈 考试,他 房子 时间 我 集中 好 时间 但是 妈妈 考试,他 时间 集中 多 时间 复习 重要,他 房子 时间 我 组 好 时间 复习 妈妈 考试
